ts,cs,lat,long,o,v,a,hr,pl,mp,sl,x,y
2024-10-23 15:51:21,97.0,0.0,0.0,0.0,0.0,0.0,0.0,0.03,0.0,0.33,0.0,0.0
2024-10-23 15:51:22,52.0,0.0,0.0,0.0,0.0,0.0,0.0,0.084,0.0,0.43600000000000005,0.0,0.0
2024-10-23 15:51:23,52.0,0.0,0.0,0.0,0.0,0.0,0.0,0.185,0.0,0.41100000000000003,0.0,0.0
2024-10-23 15:51:24,52.0,0.0,0.0,0.0,0.0,0.0,0.0,0.29300000000000004,0.0,0.403,0.0,0.0
2024-10-23 15:51:25,52.0,0.0,0.0,0.0,0.0,0.0,0.0,0.399,0.0,0.583,0.0,0.0
2024-10-23 15:51:26,52.0,0.0,0.0,0.0,0.0,0.0,0.0,0.617,0.0,0.884,0.0,0.0
2024-10-23 15:51:27,52.0,0.0,0.0,0.0,0.0,0.0,0.0,0.762,0.0,0.391,0.0,0.0
2024-10-23 15:51:28,52.0,7.4699764,-24.38715694,0.0,0.006,0.002,0.0,0.842,0.033,0.274,1910901.2100000002,349338.478
2024-10-23 15:51:29,52.0,37.35004315,-121.93568158999999,1.641,0.211,0.2,0.0,0.907,0.9890000000000001,0.367,9554486.412,1746674.1239999998
2024-10-23 15:51:30,52.0,37.35014725,-121.93560963,10.428,0.268,0.079,0.0,1.035,1.119,0.531,9554473.306,1746662.318
2024-10-23 15:51:31,52.0,37.350181830000004,-121.93558474,15.006,0.266,-0.022,0.0,1.19,1.241,0.604,9554468.876,1746658.3960000002
2024-10-23 15:51:32,52.0,37.350195989999996,-121.93557585,16.895,0.158,-0.10200000000000001,0.0,1.2710000000000001,0.623,0.148,9554467.162,1746656.791
2024-10-23 15:51:33,52.0,37.35019249,-121.93557381999999,18.158,0.398,0.27,0.0,1.3130000000000002,2.0940000000000003,0.195,9554467.253999999,1746657.1809999999
2024-10-23 15:51:34,52.0,37.35019166,-121.93557261000001,18.32,0.15,-0.259,0.0,1.36,0.6020000000000001,0.155,9554467.219,1746657.2719999999
2024-10-23 15:51:35,52.0,37.35019,-121.93557548000001,18.47,0.146,-0.018,0.0,1.3809999999999998,0.616,0.044,9554467.562,1746657.463
2024-10-23 15:51:36,52.0,37.35017926,-121.93558811,18.47,0.013000000000000001,-0.137,0.0,1.395,0.063,0.063,9554469.325,1746658.689
2024-10-23 15:51:37,52.0,37.35016887,-121.93560025,18.47,0.0,-0.012,0.0,1.4069999999999998,0.005,0.041,9554471.024,1746659.875
2024-10-23 15:51:38,52.0,37.35015941,-121.9356141,18.47,0.0,0.0,0.0,1.418,0.0,0.048,9554472.790000001,1746660.9559999998
2024-10-23 15:51:39,52.0,37.35015152,-121.93562571,18.47,0.0,0.0,0.0,1.432,0.0,0.06,9554474.268000001,1746661.861
2024-10-23 15:51:40,52.0,37.3501482,-121.93563128000001,18.47,0.02,0.018,0.0,1.452,0.08,0.075,9554474.944,1746662.241
2024-10-23 15:51:41,52.0,37.350145600000005,-121.93563586,18.47,0.026000000000000002,0.009,0.0,1.47,0.122,0.076,9554475.489,1746662.5420000001
2024-10-23 15:51:42,52.0,37.35014582,-121.93563723,18.47,0.037,0.007000000000000001,0.0,1.4869999999999999,0.163,0.095,9554475.583,1746662.5170000002
2024-10-23 15:51:43,52.0,37.350150819999996,-121.93563499,18.939,0.252,0.22599999999999998,0.0,1.518,1.158,0.11100000000000002,9554475.05,1746661.952
2024-10-23 15:51:44,52.0,37.350149800000004,-121.93563418,19.742,0.277,0.0040000000000000036,0.0,1.554,1.3359999999999999,0.185,9554475.057,1746662.065
2024-10-23 15:51:45,52.0,37.3501495,-121.9356347,20.333,0.174,-0.09899999999999999,0.0,1.6019999999999999,0.656,0.2,9554475.118999999,1746662.1
2024-10-23 15:51:46,52.0,37.3501495,-121.9356334,21.240000000000002,0.11200000000000002,-0.059,0.0,1.641,0.49000000000000005,0.10600000000000001,9554475.018000001,1746662.098
2024-10-23 15:51:47,52.0,37.3501521,-121.93562979000001,21.25,0.078,-0.031,0.0,1.666,0.33799999999999997,0.098,9554474.548999999,1746661.8
2024-10-23 15:51:48,52.0,37.3501525,-121.93562850999999,21.25,0.026000000000000002,-0.052000000000000005,0.0,1.687,0.119,0.063,9554474.419,1746661.754
2024-10-23 15:51:49,52.0,37.35014678,-121.93563508,21.25,0.034999999999999996,0.009,0.0,1.704,0.148,0.101,9554475.345,1746662.4070000001
2024-10-23 15:51:50,52.0,37.35015052999999,-121.93563187,21.25,0.024,-0.01,0.0,1.7309999999999999,0.10500000000000001,0.10600000000000001,9554474.824,1746661.9789999998
2024-10-23 15:51:51,52.0,37.35015103,-121.93563104,21.25,0.034,0.008,0.0,1.7600000000000002,0.143,0.1,9554474.722,1746661.9219999998
2024-10-23 15:51:52,52.0,37.35014769,-121.93563535000001,21.452,0.079,0.038,0.0,1.791,0.359,0.189,9554475.301,1746662.304
2024-10-23 15:51:53,52.0,37.350151999999994,-121.93563147,22.17,0.158,0.089,0.0,1.8380000000000003,0.688,0.158,9554474.687,1746661.815
2024-10-23 15:51:54,52.0,37.350153309999996,-121.93562616,23.253999999999998,0.217,0.046,0.0,1.8719999999999999,1.001,0.101,9554474.175,1746661.6579999998
2024-10-23 15:51:55,52.0,37.35016633,-121.93561881999999,25.078,0.264,0.051000000000000004,0.0,1.8939999999999997,1.134,0.088,9554472.666,1746660.184
2024-10-23 15:51:56,52.0,37.35015852,-121.93563193,26.389,0.134,-0.13899999999999998,0.0,1.916,0.561,0.068,9554474.258,1746661.0829999999
2024-10-23 15:51:57,52.0,37.35015188,-121.93564312999999,26.96,0.081,-0.039,0.0,1.9280000000000002,0.356,0.05600000000000001,9554475.614,1746661.8429999999
2024-10-23 15:51:58,52.0,37.35014571,-121.93565099,26.96,0.005,-0.076,0.0,1.943,0.024,0.048,9554476.675,1746662.5469999998
2024-10-23 15:51:59,52.0,37.35014101,-121.93565401000001,26.96,0.0,-0.002,0.0,1.952,0.0,0.04,9554477.248,1746663.08
2024-10-23 15:52:00,52.0,37.35013578,-121.93565845999998,26.996000000000002,0.01,0.006,0.0,1.964,0.033,0.05500000000000001,9554477.970999999,1746663.6760000002
2024-10-23 15:52:01,52.0,37.35021858,-121.93579204,28.880000000000003,0.172,0.173,0.0,1.9769999999999999,0.789,0.052000000000000005,9554482.576,1746654.5469999998
2024-10-23 15:52:02,52.0,37.3502277,-121.93584697000001,30.03,0.05,-0.121,0.0,1.991,0.21800000000000003,0.053000000000000005,9554486.252,1746653.5969999998
2024-10-23 15:52:03,52.0,37.35020269,-121.93585743000001,30.03,0.003,-0.063,0.0,2.004,0.021,0.044,9554488.862,1746656.425
2024-10-23 15:52:04,52.0,37.35019183,-121.93587118999999,30.03,0.0,0.002,0.0,2.0149999999999997,0.0,0.034,9554490.723000001,1746657.662
2024-10-23 15:52:05,52.0,37.35018393,-121.93588288000001,30.03,0.0,0.0,0.0,2.02,0.0,0.02,9554492.206999999,1746658.568
2024-10-23 15:52:06,52.0,37.35017739,-121.93589215,30.03,0.0,0.0,0.0,2.025,0.0,0.017,9554493.405,1746659.3170000003
2024-10-23 15:52:07,52.0,37.350172650000005,-121.93589902000001,30.03,0.0,0.0,0.0,2.03,0.0,0.013000000000000001,9554494.285,1746659.859
2024-10-23 15:52:08,52.0,37.35016731,-121.93590351,30.03,0.0,0.0,0.0,2.032,0.0,0.008,9554495.02,1746660.466
2024-10-23 15:52:09,52.0,37.35016233,-121.93590769,30.03,0.0,0.0,0.0,2.04,0.0,0.01,9554495.705,1746661.0320000001
2024-10-23 15:52:10,52.0,37.35015739,-121.93591205,30.03,0.0,0.0,0.0,2.04,0.0,0.005,9554496.400999999,1746661.5929999999
2024-10-23 15:52:11,52.0,37.350153520000006,-121.93591567000001,30.03,0.0,0.0,0.0,2.043,0.0,0.005,9554496.964,1746662.0329999998
2024-10-23 15:52:12,52.0,37.35015045,-121.93591862000001,30.03,0.0,0.0,0.0,2.05,0.0,0.011,9554497.415000001,1746662.383
2024-10-23 15:52:13,52.0,37.35014795,-121.93592131999999,30.03,0.0,0.0,0.0,2.054,0.0,0.036,9554497.808,1746662.668
2024-10-23 15:52:14,52.0,37.35014579,-121.93592384000002,30.03,0.0,0.0,0.0,2.06,0.0,0.022,9554498.16,1746662.913
2024-10-23 15:52:15,52.0,37.3501441,-121.93592589,30.03,0.0,0.0,0.0,2.07,0.0,0.015,9554498.441,1746663.1079999998
2024-10-23 15:52:16,52.0,37.35014242,-121.93592745000001,30.03,0.0,0.0,0.0,2.072,0.0,0.025,9554498.684999999,1746663.299
2024-10-23 15:52:17,52.0,37.35014078,-121.93592873,30.03,0.0,0.0,0.0,2.08,0.0,0.024,9554498.901999999,1746663.485
2024-10-23 15:52:18,52.0,37.350139510000005,-121.93592973,30.03,0.0,0.0,0.0,2.085,0.0,0.018,9554499.073,1746663.629
2024-10-23 15:52:19,52.0,37.3501392,-121.93593054,30.03,0.0,0.0,0.0,2.09,0.0,0.025,9554499.158,1746663.663
2024-10-23 15:52:20,52.0,37.35013924,-121.93593123000001,30.03,0.0,0.0,0.0,2.098,0.0,0.036,9554499.209,1746663.6619999998
2024-10-23 15:52:21,52.0,37.350139139999996,-121.93593193,30.03,0.0,0.0,0.0,2.106,0.0,0.031,9554499.271000002,1746663.6759999997
2024-10-23 15:52:22,52.0,37.350139,-121.93593251,30.03,0.0,0.0,0.0,2.113,0.0,0.031,9554499.327,1746663.69
2024-10-23 15:52:23,52.0,37.35013898,-121.93593310000001,30.03,0.0,0.0,0.0,2.12,0.0,0.025,9554499.375,1746663.6919999998
2024-10-23 15:52:24,52.0,37.35013886,-121.93593359000002,30.03,0.0,0.0,0.0,2.128,0.0,0.027000000000000003,9554499.425,1746663.704
2024-10-23 15:52:25,52.0,37.35013943,-121.93593682000001,30.03,0.0,0.0,0.0,2.132,0.0,0.027000000000000003,9554499.637,1746663.6469999999
2024-10-23 15:52:26,52.0,37.3501396,-121.93594055000001,30.03,0.0,0.0,0.0,2.14,0.0,0.033999999999999996,9554499.917,1746663.6330000001
2024-10-23 15:52:27,52.0,37.35013923,-121.93594561,30.03,0.0,0.0,0.0,2.15,0.0,0.038,9554500.344,1746663.6829999997
2024-10-23 15:52:28,52.0,37.35013896,-121.93594700999999,30.03,0.0,0.0,0.0,2.16,0.0,0.044,9554500.472,1746663.7140000002
2024-10-23 15:52:29,52.0,37.35013758,-121.93594499999999,30.053000000000004,0.006999999999999999,0.002,0.0,2.176,0.039,0.088,9554500.412,1746663.866
2024-10-23 15:52:30,52.0,37.350134710000006,-121.93594044,30.568,0.476,0.48200000000000004,0.0,2.21,2.495,0.192,9554500.259,1746664.182
2024-10-23 15:52:31,52.0,37.35013689,-121.93593913,31.163999999999998,0.469,-0.021,0.0,2.257,2.122,0.158,9554499.999,1746663.9379999998
2024-10-23 15:52:32,52.0,37.35014637,-121.9359416,32.261,1.043,0.5660000000000001,0.0,2.304,6.435,0.23900000000000002,9554499.515999999,1746662.875
2024-10-23 15:52:33,52.0,37.350157859999996,-121.93594488,33.614,1.377,0.376,0.0,2.372,6.26,0.27,9554498.954,1746661.5850000002
2024-10-23 15:52:34,52.0,37.35016763,-121.93595144000001,34.88,1.318,-0.066,0.0,2.444,5.1240000000000006,0.305,9554498.774,1746660.497
2024-10-23 15:52:35,52.0,37.35017109,-121.93595355,35.446999999999996,0.6220000000000001,-0.6980000000000001,0.0,2.496,1.6829999999999998,0.133,9554498.691,1746660.109
2024-10-23 15:52:36,52.0,37.35017079,-121.93595496999998,35.69,0.177,-0.48600000000000004,0.0,2.5300000000000002,0.753,0.1,9554498.824,1746660.1460000002
2024-10-23 15:52:37,52.0,37.350171,-121.93595425000001,35.69,0.095,-0.05600000000000001,0.0,2.541,0.40700000000000003,0.027000000000000003,9554498.754999999,1746660.1200000003
2024-10-23 15:52:38,52.0,37.35017046,-121.93595454999999,35.69,0.005,-0.091,0.0,2.555,0.03,0.08399999999999999,9554498.816,1746660.1809999999
2024-10-23 15:52:39,52.0,37.35016992,-121.93595366,35.833,0.101,0.088,0.0,2.582,0.479,0.10200000000000001,9554498.782,1746660.242
2024-10-23 15:52:40,52.0,37.35017018,-121.93595219000001,36.02,0.201,0.126,0.0,2.6,0.842,0.051000000000000004,9554498.649,1746660.212
2024-10-23 15:52:41,52.0,37.35017024,-121.93595187999999,36.037,0.02,-0.20600000000000002,0.0,2.614,0.099,0.08,9554498.621,1746660.2030000002
2024-10-23 15:52:42,52.0,37.350172459999996,-121.93594934000001,36.458999999999996,0.31,0.273,0.0,2.643,1.7399999999999998,0.16499999999999998,9554498.262,1746659.948
2024-10-23 15:52:43,52.0,37.35017534,-121.93594728000001,36.926,0.466,0.20800000000000002,0.0,2.686,1.7760000000000002,0.12,9554497.894,1746659.625
2024-10-23 15:52:44,52.0,37.35017428,-121.93594321999998,37.357,0.305,-0.246,0.0,2.712,2.0490000000000004,0.155,9554497.65,1746659.736
2024-10-23 15:52:45,52.0,37.350169890000004,-121.93592822000001,38.802,1.313,1.061,0.0,2.8169999999999997,8.981,0.8109999999999999,9554496.783,1746660.211
2024-10-23 15:52:46,52.0,37.3501647,-121.93591117999999,40.443,1.666,0.392,0.0,3.059,7.131,0.913,9554495.809999999,1746660.77
2024-10-23 15:52:47,52.0,37.35015707,-121.93589582,42.157,1.638,-0.073,0.0,3.286,7.56,1.002,9554495.147,1746661.607
2024-10-23 15:52:48,52.0,37.350140090000004,-121.93589027,44.183,1.841,0.203,0.0,3.558,9.342,1.1380000000000001,9554495.922,1746663.509
2024-10-23 15:52:49,52.0,37.35012405,-121.9358941,46.062,1.888,0.084,0.0,3.849,7.047,1.106,9554497.370000001,1746665.3199999998
2024-10-23 15:52:50,52.0,37.35011416,-121.93590492000001,47.591,1.549,-0.372,0.0,4.088,6.044,0.9710000000000001,9554498.93,1746666.447
2024-10-23 15:52:51,52.0,37.35010655,-121.93592013,49.206,1.542,-0.015999999999999997,0.0,4.353,7.476000000000001,0.994,9554500.671,1746667.322
2024-10-23 15:52:52,52.0,37.35009867,-121.93593633999998,50.904,1.709,0.197,0.0,4.571,7.423,0.8470000000000001,9554502.511,1746668.231
2024-10-23 15:52:53,52.0,37.35009308,-121.93595163,52.423,1.541,-0.191,0.0,4.798,6.473000000000001,1.004,9554504.113,1746668.879
2024-10-23 15:52:54,52.0,37.350088219999996,-121.93596932,54.098,1.6780000000000002,0.146,0.0,5.0729999999999995,7.683,1.117,9554505.856999999,1746669.4510000001
2024-10-23 15:52:55,52.0,37.35008294,-121.93598601,55.727,1.627,-0.039,0.0,5.339,6.7700000000000005,0.992,9554507.547,1746670.0690000001
2024-10-23 15:52:56,52.0,37.35007634,-121.93599911000001,57.17,1.464,-0.16699999999999998,0.0,5.595000000000001,5.571,1.04,9554509.051,1746670.8280000002
2024-10-23 15:52:57,52.0,37.350069430000005,-121.93599848,58.367,1.0699999999999998,-0.41900000000000004,0.0,5.843999999999999,4.0280000000000005,1.002,9554509.495000001,1746671.605
2024-10-23 15:52:58,52.0,37.35007058,-121.93598245000001,59.879,1.3370000000000002,0.256,0.0,6.090999999999999,7.618,0.9710000000000001,9554508.151,1746671.454
2024-10-23 15:52:59,52.0,37.35007372,-121.93596352,61.613,1.659,0.366,0.0,6.354,7.954000000000001,1.1460000000000001,9554506.436,1746671.075
2024-10-23 15:53:00,52.0,37.35007734,-121.93594402,63.403999999999996,1.7309999999999999,0.06,0.0,6.632,7.753,1.1380000000000001,9554504.638,1746670.64
2024-10-23 15:53:01,52.0,37.35008098,-121.93592385,65.25500000000001,1.7510000000000001,0.025,0.0,6.922,7.391,1.064,9554502.790000001,1746670.2030000002
2024-10-23 15:53:02,52.0,37.35008491,-121.93590603,66.918,1.573,-0.191,0.0,7.1739999999999995,6.338,1.035,9554501.106999999,1746669.736
2024-10-23 15:53:03,52.0,37.35008936,-121.93589052,68.402,1.45,-0.10900000000000001,0.0,7.418000000000001,5.393,0.791,9554499.568,1746669.2140000002
2024-10-23 15:53:04,52.0,37.35008918,-121.93588079000001,69.384,1.0210000000000001,-0.44299999999999995,0.0,7.566,3.5909999999999997,0.36,9554498.813,1746669.2210000001
2024-10-23 15:53:05,52.0,37.350088729999996,-121.9358733,70.136,0.8539999999999999,-0.177,0.0,7.616,3.755,0.161,9554498.254999999,1746669.261
2024-10-23 15:53:06,52.0,37.350090970000004,-121.93586623000002,70.845,0.8560000000000001,0.025,0.0,7.656000000000001,3.632,0.175,9554497.539,1746668.9989999998
2024-10-23 15:53:07,52.0,37.35009318,-121.93585983,71.514,0.805,-0.046,0.0,7.7010000000000005,3.315,0.155,9554496.877,1746668.743
2024-10-23 15:53:08,52.0,37.35009621,-121.93585508000001,72.09700000000001,0.7030000000000001,-0.10300000000000001,0.0,7.739,2.972,0.144,9554496.287,1746668.3960000002
2024-10-23 15:53:09,52.0,37.35010014,-121.93585381,72.61,0.5860000000000001,-0.125,0.0,7.770999999999999,2.5330000000000004,0.11399999999999999,9554495.906,1746667.952
2024-10-23 15:53:10,52.0,37.35010278,-121.93585626,73.07300000000001,0.36,-0.24100000000000002,0.0,7.8,1.45,0.11499999999999999,9554495.911,1746667.656
2024-10-23 15:53:11,52.0,37.35010448,-121.93585817,73.486,0.354,0.021000000000000008,0.0,7.829000000000001,1.4449999999999998,0.096,9554495.938,1746667.4710000001
2024-10-23 15:53:12,52.0,37.350105029999995,-121.93585865,73.689,0.099,-0.277,0.0,7.848999999999999,0.42800000000000005,0.079,9554495.937,1746667.4079999998
2024-10-23 15:53:13,52.0,37.35010514,-121.93585989,73.84,0.132,0.039,0.0,7.867,0.613,0.06000000000000001,9554496.028,1746667.3969999999
2024-10-23 15:53:14,52.0,37.350105840000005,-121.9358627,74.201,0.348,0.227,0.0,7.882,1.732,0.082,9554496.198,1746667.323
2024-10-23 15:53:15,52.0,37.35010389,-121.93586832000001,74.851,0.655,0.322,0.0,7.922,3.3910000000000005,0.233,9554496.781,1746667.55
2024-10-23 15:53:16,52.0,37.35010349,-121.93587102,75.375,0.298,-0.365,0.0,7.976999999999999,1.085,0.22200000000000003,9554497.022,1746667.598
2024-10-23 15:53:17,52.0,37.3501029,-121.93587439999999,75.657,0.19,-0.142,0.0,8.031,0.7889999999999999,0.192,9554497.331,1746667.67
2024-10-23 15:53:18,52.0,37.35010294,-121.93587542999998,75.862,0.175,0.007999999999999998,0.0,8.083,0.754,0.22799999999999998,9554497.407,1746667.6689999998
2024-10-23 15:53:19,52.0,37.35009872,-121.93587758999999,76.39399999999999,0.359,0.21000000000000002,0.0,8.137,1.763,0.195,9554497.878,1746668.145
2024-10-23 15:53:20,52.0,37.350097410000004,-121.93588265999999,76.99199999999999,0.48600000000000004,0.11299999999999999,0.0,8.192,2.576,0.244,9554498.372,1746668.3
2024-10-23 15:53:21,52.0,37.35009677,-121.93588935,77.683,0.686,0.21800000000000003,0.0,8.242,2.892,0.139,9554498.946,1746668.379
2024-10-23 15:53:22,52.0,37.35009607,-121.93589426000001,78.204,0.442,-0.298,0.0,8.269,2.084,0.181,9554499.381000001,1746668.4649999999
2024-10-23 15:53:23,52.0,37.35009412,-121.93590220000002,79.054,0.7969999999999999,0.438,0.0,8.341,4.082,0.24900000000000003,9554500.147,1746668.6940000001
2024-10-23 15:53:24,52.0,37.350093470000004,-121.93590222999998,79.315,0.13199999999999998,-0.747,0.0,8.382,0.674,0.189,9554500.195,1746668.7669999998
2024-10-23 15:53:25,52.0,37.350090720000004,-121.93590366999999,79.697,0.314,0.20600000000000002,0.0,8.443,1.357,0.2,9554500.504999999,1746669.08
2024-10-23 15:53:26,52.0,37.35009004,-121.93590334999999,79.92,0.122,-0.213,0.0,8.488,0.528,0.236,9554500.53,1746669.155
2024-10-23 15:53:27,52.0,37.35008931,-121.93590675,80.375,0.376,0.286,0.0,8.553,1.81,0.28300000000000003,9554500.848000001,1746669.243
2024-10-23 15:53:28,52.0,37.35008665,-121.93591063,80.958,0.477,0.076,0.0,8.619,2.598,0.195,9554501.344,1746669.548
2024-10-23 15:53:29,52.0,37.350083489999996,-121.93591928000001,81.838,0.8859999999999999,0.43099999999999994,0.0,8.659,4.262,0.152,9554502.251,1746669.914
2024-10-23 15:53:30,52.0,37.35007996,-121.93592941,82.864,1.035,0.135,0.0,8.723,5.396,0.362,9554503.301,1746670.325
2024-10-23 15:53:31,52.0,37.35007795,-121.93593519000001,83.439,0.44699999999999995,-0.5650000000000001,0.0,8.796,1.125,0.221,9554503.901,1746670.559
2024-10-23 15:53:32,52.0,37.3500777,-121.9359368,83.584,0.161,-0.33199999999999996,0.0,8.858,0.717,0.321,9554504.046,1746670.5890000002
2024-10-23 15:53:33,52.0,37.35007488,-121.93594125,84.17699999999999,0.44800000000000006,0.318,0.0,8.940000000000001,2.303,0.25,9554504.598000001,1746670.912
2024-10-23 15:53:34,52.0,37.350071760000006,-121.93594863000001,84.979,0.758,0.298,0.0,8.99,4.18,0.196,9554505.401999999,1746671.2739999997
2024-10-23 15:53:35,52.0,37.350065130000004,-121.93595758,86.08500000000001,1.0950000000000002,0.353,0.0,9.049,5.11,0.246,9554506.579,1746672.0329999998
2024-10-23 15:53:36,52.0,37.35006159,-121.93596481,86.91499999999999,0.713,-0.4,0.0,9.103,2.417,0.213,9554507.403,1746672.441
2024-10-23 15:53:37,52.0,37.350058250000004,-121.93597107000001,87.605,0.632,-0.083,0.0,9.157,2.734,0.294,9554508.137,1746672.8239999998
2024-10-23 15:53:38,52.0,37.35005532,-121.93598053999999,88.53299999999999,0.7969999999999999,0.177,0.0,9.26,4.234,0.34500000000000003,9554509.09,1746673.166
2024-10-23 15:53:39,52.0,37.35005121,-121.93598927000001,89.47999999999999,0.8800000000000001,0.091,0.0,9.32,3.8810000000000002,0.22999999999999998,9554510.072,1746673.641
2024-10-23 15:53:40,52.0,37.350048279999996,-121.93599806,90.34299999999999,0.8019999999999999,-0.10500000000000001,0.0,9.395999999999999,3.35,0.426,9554510.973000001,1746673.982
2024-10-23 15:53:41,52.0,37.35004657,-121.93600762000001,91.22999999999999,0.8379999999999999,0.041,0.0,9.486,3.819,0.264,9554511.849000001,1746674.1870000002
2024-10-23 15:53:42,52.0,37.35004393,-121.93601595,92.083,0.834,0.016999999999999998,0.0,9.559999999999999,3.3590000000000004,0.305,9554512.693,1746674.496
2024-10-23 15:53:43,52.0,37.350042020000004,-121.93602128,92.75,0.534,-0.32999999999999996,0.0,9.641,2.228,0.28700000000000003,9554513.249,1746674.7170000002
2024-10-23 15:53:44,52.0,37.35004602,-121.93602667,93.515,0.764,0.229,0.0,9.704,3.742,0.302,9554513.388,1746674.276
2024-10-23 15:53:45,52.0,37.35004751,-121.93603401,94.401,0.807,0.078,0.0,9.778,3.565,0.248,9554513.86,1746674.118
2024-10-23 15:53:46,52.0,37.35004747,-121.93604253000001,95.321,0.857,0.028000000000000004,0.0,9.833,3.939,0.207,9554514.533,1746674.134
2024-10-23 15:53:47,52.0,37.35004549,-121.93605155,96.292,0.905,0.065,0.0,9.888,3.816,0.24700000000000003,9554515.385,1746674.372
2024-10-23 15:53:48,52.0,37.350041759999996,-121.93605917,97.25,0.89,-1.3877787807814458e-18,0.0,9.955,3.793,0.28700000000000003,9554516.251,1746674.802
2024-10-23 15:53:49,52.0,37.35003726,-121.93606471999999,98.144,0.773,-0.141,0.0,10.029,3.351,0.297,9554517.011,1746675.314
2024-10-23 15:53:50,52.0,37.35003175,-121.93606852,99.014,0.73,-0.038,0.0,10.097,3.024,0.22400000000000003,9554517.705,1746675.9379999998
2024-10-23 15:53:51,52.0,37.3500271,-121.93606711,99.735,0.603,-0.143,0.0,10.138000000000002,2.714,0.13799999999999998,9554517.924,1746676.4600000002
2024-10-23 15:53:52,52.0,37.35002458,-121.93606032,100.567,0.778,0.172,0.0,10.18,3.982,0.217,9554517.57,1746676.732
2024-10-23 15:53:53,52.0,37.350027340000004,-121.93604475,102.024,1.478,0.7140000000000001,0.0,10.301,9.732000000000001,0.8370000000000001,9554516.145,1746676.4
2024-10-23 15:53:54,52.0,37.35003658,-121.93602695,103.93499999999999,1.937,0.476,0.0,10.551,9.958,1.032,9554514.084,1746675.3390000002
2024-10-23 15:53:55,52.0,37.35004533,-121.93600697,105.977,2.0789999999999997,0.15,0.0,10.799000000000001,8.847999999999999,1.03,9554511.887,1746674.327
2024-10-23 15:53:56,52.0,37.35005211,-121.93598487,108.099,2.175,0.065,0.0,11.08,11.25,1.116,9554509.66,1746673.534
2024-10-23 15:53:57,52.0,37.35005894,-121.93596172,110.29400000000001,2.286,0.142,0.0,11.353,9.597999999999999,1.138,9554507.348000001,1746672.7329999998
2024-10-23 15:53:58,52.0,37.35006737,-121.93594095,112.391,2.216,-0.10200000000000001,0.0,11.637,9.828999999999999,1.157,9554505.11,1746671.7559999998
2024-10-23 15:53:59,52.0,37.35007751,-121.93592071999998,114.519,2.2359999999999998,0.037,0.0,11.931999999999999,9.559000000000001,1.187,9554502.794,1746670.5890000002
2024-10-23 15:54:00,52.0,37.35008623,-121.93589818000001,116.76400000000001,2.292,0.067,0.0,12.235,9.713,1.2189999999999999,9554500.395,1746669.5760000001
2024-10-23 15:54:01,52.0,37.35008897,-121.93587858000001,118.696,1.859,-0.369,0.0,12.553999999999998,6.2410000000000005,1.256,9554498.656,1746669.241
2024-10-23 15:54:02,52.0,37.350082650000004,-121.93588558000002,120.10799999999999,1.138,-0.884,0.0,12.834999999999999,9.718,1.24,9554499.656,1746669.962
2024-10-23 15:54:03,52.0,37.35007394,-121.93590678000001,122.237,2.166,1.145,0.0,13.162,11.611,1.287,9554501.949,1746670.9710000001
2024-10-23 15:54:04,52.0,37.35006516,-121.93593089999999,124.60900000000001,2.2969999999999997,0.119,0.0,13.508000000000001,10.453,1.351,9554504.476,1746671.9899999998
2024-10-23 15:54:05,52.0,37.35005528,-121.93595554999999,127.078,2.3760000000000003,0.065,0.0,13.865,11.312000000000001,1.5219999999999998,9554507.127,1746673.1350000002
2024-10-23 15:54:06,52.0,37.3500452,-121.9359797,129.498,2.375,0.012,0.0,14.251,10.049,1.607,9554509.748,1746674.303
2024-10-23 15:54:07,52.0,37.35003603,-121.93600242,131.779,2.241,-0.159,0.0,14.619,8.892,1.319,9554512.192,1746675.368
2024-10-23 15:54:08,52.0,37.35002859,-121.93601900000002,133.56400000000002,1.707,-0.48599999999999993,0.0,14.935999999999998,4.462,1.028,9554514.028,1746676.224
2024-10-23 15:54:09,52.0,37.35002484,-121.93602997999999,134.68099999999998,1.092,-0.6799999999999999,0.0,15.084,4.493,0.305,9554515.162,1746676.662
2024-10-23 15:54:10,52.0,37.35002287,-121.93603886999999,135.55,0.9179999999999999,-0.13899999999999998,0.0,15.139000000000001,3.367,0.16899999999999998,9554516.004,1746676.8939999999
2024-10-23 15:54:11,52.0,37.350025370000004,-121.93604166,136.206,0.6719999999999999,-0.27599999999999997,0.0,15.178,2.8129999999999997,0.152,9554516.044999998,1746676.6190000002
2024-10-23 15:54:12,52.0,37.350028370000004,-121.93603969,136.645,0.493,-0.143,0.0,15.231,1.746,0.22799999999999998,9554515.675,1746676.2789999999
2024-10-23 15:54:13,52.0,37.35002766,-121.93603915999999,136.781,0.096,-0.42300000000000004,0.0,15.262,0.40700000000000003,0.073,9554515.684,1746676.3579999998
2024-10-23 15:54:14,52.0,37.35002983,-121.93603461000001,137.283,0.512,0.41900000000000004,0.0,15.294,2.893,0.175,9554515.169,1746676.106
2024-10-23 15:54:15,52.0,37.350029590000005,-121.93603068,137.725,0.371,-0.127,0.0,15.334999999999999,1.3370000000000002,0.141,9554514.879999999,1746676.1269999999
2024-10-23 15:54:16,52.0,37.350031130000005,-121.93602449,138.34,0.603,0.19,0.0,15.376,3.289,0.20299999999999999,9554514.281,1746675.9489999998
2024-10-23 15:54:17,52.0,37.35003196,-121.93602001,138.79,0.44699999999999995,-0.10599999999999998,0.0,15.422,1.49,0.151,9554513.866,1746675.8470000003
2024-10-23 15:54:18,52.0,37.35003191,-121.93601495,139.291,0.471,-0.012000000000000005,0.0,15.462,2.468,0.182,9554513.472,1746675.848
2024-10-23 15:54:19,52.0,37.35003317,-121.93600828999999,139.966,0.674,0.27599999999999997,0.0,15.514,2.862,0.186,9554512.858,1746675.696
2024-10-23 15:54:20,52.0,37.35003362,-121.93600569,140.33599999999998,0.305,-0.44299999999999995,0.0,15.552000000000001,1.5470000000000002,0.162,9554512.622,1746675.6420000002
2024-10-23 15:54:21,52.0,37.3500353,-121.93599819,141.058,0.755,0.49800000000000005,0.0,15.603,3.732,0.21000000000000002,9554511.91,1746675.441
2024-10-23 15:54:22,52.0,37.35003535,-121.93599346,141.506,0.476,-0.30300000000000005,0.0,15.646,1.8940000000000001,0.16899999999999998,9554511.534,1746675.429
2024-10-23 15:54:23,52.0,37.35003645,-121.93598732999999,142.136,0.617,0.123,0.0,15.694999999999999,3.022,0.198,9554510.974,1746675.2969999998
2024-10-23 15:54:24,52.0,37.35003646,-121.93598243,142.684,0.45999999999999996,-0.125,0.0,15.736,1.576,0.136,9554510.587000001,1746675.289
2024-10-23 15:54:25,52.0,37.35003716,-121.93597859000002,143.15699999999998,0.409,-0.089,0.0,15.772,2.1399999999999997,0.172,9554510.235,1746675.2059999998
2024-10-23 15:54:26,52.0,37.35003855,-121.93597360999999,143.753,0.5650000000000001,0.225,0.0,15.822,2.3009999999999997,0.22599999999999998,9554509.743,1746675.043
2024-10-23 15:54:27,52.0,37.35004069,-121.93597093999999,144.283,0.497,-0.118,0.0,15.883000000000001,2.541,0.23900000000000002,9554509.379999999,1746674.798
2024-10-23 15:54:28,52.0,37.35004161,-121.93596703,144.738,0.44399999999999995,-0.036000000000000004,0.0,15.949000000000002,1.6940000000000002,0.333,9554509.004,1746674.689
2024-10-23 15:54:29,52.0,37.35004126,-121.93596568999999,145.01,0.173,-0.288,0.0,16.027,0.673,0.253,9554508.924,1746674.7280000001
2024-10-23 15:54:30,52.0,37.350040420000006,-121.93596302,145.32,0.21200000000000002,0.04,0.0,16.082,0.967,0.194,9554508.775,1746674.8170000003
2024-10-23 15:54:31,52.0,37.350043369999995,-121.93595975999999,145.816,0.536,0.353,0.0,16.144,2.69,0.275,9554508.308,1746674.4829999998
2024-10-23 15:54:32,52.0,37.35004426,-121.9359573,146.142,0.292,-0.257,0.0,16.188,1.083,0.135,9554508.05,1746674.378
2024-10-23 15:54:33,52.0,37.35004363,-121.9359517,146.753,0.546,0.23499999999999996,0.0,16.246000000000002,2.873,0.263,9554507.653,1746674.4420000003
2024-10-23 15:54:34,52.0,37.350044960000005,-121.93594450999998,147.48,0.709,0.196,0.0,16.3,3.134,0.22200000000000003,9554506.993,1746674.284
2024-10-23 15:54:35,52.0,37.35004488,-121.93594063999998,147.873,0.335,-0.409,0.0,16.354,1.207,0.197,9554506.692,1746674.287
2024-10-23 15:54:36,52.0,37.35004548,-121.93593489,148.483,0.6,0.23900000000000002,0.0,16.4,3.3729999999999998,0.156,9554506.197,1746674.211
2024-10-23 15:54:37,52.0,37.350047419999996,-121.93592758,149.232,0.697,0.164,0.0,16.448,2.605,0.21400000000000002,9554505.485,1746673.982
2024-10-23 15:54:38,52.0,37.35004723,-121.935922,149.778,0.479,-0.304,0.0,16.502000000000002,2.631,0.306,9554505.057,1746673.996
2024-10-23 15:54:39,52.0,37.35004844,-121.93591292,150.672,0.8379999999999999,0.41100000000000003,0.0,16.578,3.84,0.251,9554504.257000001,1746673.8460000001
2024-10-23 15:54:40,52.0,37.35004859,-121.93590522,151.388,0.683,-0.136,0.0,16.642,2.4579999999999997,0.221,9554503.639,1746673.8199999998
2024-10-23 15:54:41,52.0,37.350050929999995,-121.93589836000001,152.10999999999999,0.641,-0.08600000000000001,0.0,16.701,3.7340000000000004,0.23399999999999999,9554502.932,1746673.5469999998
2024-10-23 15:54:42,52.0,37.3500527,-121.93588861,153.06,0.9129999999999999,0.32,0.0,16.752000000000002,3.783,0.261,9554502.036,1746673.3350000002
2024-10-23 15:54:43,52.0,37.35005515,-121.93588193000001,153.74,0.609,-0.36,0.0,16.824,2.636,0.317,9554501.336,1746673.049
2024-10-23 15:54:44,52.0,37.35006035,-121.93587485,154.661,0.906,0.324,0.0,16.928,4.282,0.476,9554500.407,1746672.455
2024-10-23 15:54:45,52.0,37.35006603,-121.93587593,155.551,0.8210000000000001,-0.086,0.0,17.054,3.846,0.558,9554500.085,1746671.8170000003
2024-10-23 15:54:46,52.0,37.35006686,-121.93589154000001,157.024,1.4460000000000002,0.613,0.0,17.231,9.571000000000002,1.044,9554501.254999999,1746671.747
2024-10-23 15:54:47,52.0,37.3500605,-121.93591289000001,159.076,2.059,0.637,0.0,17.589,11.971,1.661,9554503.390999999,1746672.491
2024-10-23 15:54:48,52.0,37.35005237,-121.93593868,161.554,2.459,0.4,0.0,18.002000000000002,12.488,1.6010000000000002,9554506.003,1746673.441
2024-10-23 15:54:49,52.0,37.35004424,-121.93596547,164.12,2.5300000000000002,0.079,0.0,18.411,10.539,1.675,9554508.695,1746674.3920000002
2024-10-23 15:54:50,52.0,37.35003547,-121.93599160000001,166.654,2.489,-0.05600000000000001,0.0,18.830000000000002,10.595,1.719,9554511.378999999,1746675.4149999998
2024-10-23 15:54:51,52.0,37.35002567,-121.93601376,168.922,2.228,-0.22599999999999998,0.0,19.272,7.134,1.5630000000000002,9554513.824,1746676.5469999998
2024-10-23 15:54:52,52.0,37.35001674,-121.93601556000002,170.402,1.323,-0.986,0.0,19.559,4.757,1.006,9554514.606,1746677.552
2024-10-23 15:54:53,52.0,37.35001588,-121.93599715,172.163,1.779,0.46900000000000003,0.0,19.847,11.322,1.231,9554513.219,1746677.6239999998
2024-10-23 15:54:54,52.0,37.35002071,-121.93597448,174.266,2.162,0.453,0.0,20.169999999999998,10.05,1.381,9554511.086,1746677.049
2024-10-23 15:54:55,52.0,37.35002629,-121.93595281,176.31,2.073,-0.11699999999999999,0.0,20.527,8.289,1.462,9554508.98,1746676.3920000002
2024-10-23 15:54:56,52.0,37.35003212,-121.93593186999999,178.294,1.98,-0.10900000000000001,0.0,20.899,8.328,1.527,9554506.915000001,1746675.709
2024-10-23 15:54:57,52.0,37.35003743,-121.9359121,180.16500000000002,1.845,-0.124,0.0,21.281,7.367999999999999,1.5390000000000001,9554504.978,1746675.086
2024-10-23 15:54:58,52.0,37.350043060000004,-121.93589466,181.862,1.6789999999999998,-0.166,0.0,21.663999999999998,6.359,1.341,9554503.2,1746674.427
2024-10-23 15:54:59,52.0,37.35004753,-121.93588112,183.196,1.294,-0.393,0.0,21.897,4.449,0.504,9554501.815000001,1746673.9070000001
2024-10-23 15:55:00,52.0,37.35005128,-121.93587018999999,184.285,1.034,-0.274,0.0,21.968,4.246,0.205,9554500.684999999,1746673.47
2024-10-23 15:55:01,52.0,37.35005598,-121.93586227,185.195,0.868,-0.156,0.0,22.009,3.3649999999999998,0.162,9554499.728,1746672.929
2024-10-23 15:55:02,52.0,37.350060330000005,-121.93585857999999,185.899,0.643,-0.22200000000000003,0.0,22.047,2.4,0.10600000000000001,9554499.125,1746672.436
2024-10-23 15:55:03,52.0,37.35006504,-121.93585947,186.48700000000002,0.58,-0.067,0.0,22.075,2.6399999999999997,0.123,9554498.858,1746671.9070000001
2024-10-23 15:55:04,52.0,37.35006371,-121.93586107000002,187.01399999999998,0.367,-0.205,0.0,22.1,1.55,0.087,9554499.08,1746672.0579999997
2024-10-23 15:55:05,52.0,37.350060580000005,-121.93586264000001,187.468,0.387,-0.009999999999999998,0.0,22.125999999999998,1.9629999999999999,0.126,9554499.429000001,1746672.412
2024-10-23 15:55:06,52.0,37.350058489999995,-121.93586345000001,187.929,0.34500000000000003,-0.028000000000000004,0.0,22.157,1.387,0.148,9554499.642,1746672.648
2024-10-23 15:55:07,52.0,37.35005913,-121.93586874,188.491,0.592,0.294,0.0,22.21,2.912,0.167,9554500.013,1746672.5850000002
2024-10-23 15:55:08,52.0,37.3500593,-121.93586806,188.53,0.076,-0.541,0.0,22.228,0.318,0.064,9554499.948,1746672.5620000002
2024-10-23 15:55:09,52.0,37.35005946,-121.93586709000002,188.53,0.003,-0.08399999999999999,0.0,22.244999999999997,0.028000000000000004,0.05600000000000001,9554499.856999999,1746672.5440000002
2024-10-23 15:55:10,52.0,37.35005951,-121.93586729,188.534,0.002,0.006,0.0,22.259,0.014000000000000002,0.086,9554499.871,1746672.539
2024-10-23 15:55:11,52.0,37.35005776,-121.93586677,188.906,0.261,0.258,0.0,22.294,1.3059999999999998,0.176,9554499.956,1746672.736
2024-10-23 15:55:12,52.0,37.35005642,-121.93587389,189.634,0.6900000000000001,0.429,0.0,22.336000000000002,3.7399999999999998,0.177,9554500.612,1746672.8960000002
2024-10-23 15:55:13,52.0,37.350053020000004,-121.93588297,190.572,0.951,0.277,0.0,22.393,4.746,0.263,9554501.57,1746673.2920000001
2024-10-23 15:55:14,52.0,37.3500512,-121.93588582,190.92,0.311,-0.6519999999999999,0.0,22.436,0.8009999999999999,0.061,9554501.922,1746673.5
2024-10-23 15:55:15,52.0,37.35005157,-121.93588536,190.94299999999998,0.032,-0.318,0.0,22.45,0.143,0.10400000000000001,9554501.86,1746673.459
2024-10-23 15:55:16,52.0,37.350051480000005,-121.93588958000001,191.444,0.41600000000000004,0.43200000000000005,0.0,22.497999999999998,2.257,0.202,9554502.198,1746673.475
2024-10-23 15:55:17,52.0,37.35004747000001,-121.93589575000001,192.227,0.7,0.298,0.0,22.539,3.3049999999999997,0.158,9554502.974,1746673.9329999997
2024-10-23 15:55:18,52.0,37.35004434,-121.9359049,193.145,0.9269999999999999,0.24900000000000003,0.0,22.598,4.461,0.28700000000000003,9554503.917,1746674.298
2024-10-23 15:55:19,52.0,37.350043719999995,-121.93590550000002,193.513,0.24,-0.73,0.0,22.641,0.817,0.126,9554504.008,1746674.3690000002
2024-10-23 15:55:20,52.0,37.350040969999995,-121.93590921,194.09,0.457,0.22599999999999998,0.0,22.686,2.4219999999999997,0.191,9554504.498,1746674.682
2024-10-23 15:55:21,52.0,37.35004038,-121.93591627,194.802,0.657,0.21400000000000002,0.0,22.735,3.0469999999999997,0.213,9554505.095999999,1746674.757
2024-10-23 15:55:22,52.0,37.35003563,-121.93592339,195.676,0.9019999999999999,0.271,0.0,22.804,4.461,0.284,9554505.995000001,1746675.3010000002
2024-10-23 15:55:23,52.0,37.35003453,-121.93592363,195.919,0.17099999999999999,-0.7929999999999999,0.0,22.845,0.626,0.101,9554506.093,1746675.425
2024-10-23 15:55:24,52.0,37.350034390000005,-121.9359262,196.253,0.288,0.08499999999999999,0.0,22.878,1.575,0.182,9554506.306,1746675.4449999998
2024-10-23 15:55:25,52.0,37.350031279999996,-121.93593146,196.893,0.623,0.387,0.0,22.929000000000002,3.048,0.197,9554506.942,1746675.802
2024-10-23 15:55:26,52.0,37.35002932,-121.93593992000001,197.723,0.8390000000000001,0.265,0.0,22.998,3.682,0.317,9554507.748,1746676.0359999998
2024-10-23 15:55:27,52.0,37.3500278,-121.93594186,198.09,0.23899999999999996,-0.7070000000000001,0.0,23.056,1.389,0.2,9554508.010000002,1746676.209
2024-10-23 15:55:28,52.0,37.35002591,-121.93594768,198.76500000000001,0.605,0.413,0.0,23.111,2.598,0.22400000000000003,9554508.605,1746676.4300000002
2024-10-23 15:55:29,52.0,37.3500231,-121.93595250000001,199.41199999999998,0.521,-0.097,0.0,23.165,2.756,0.211,9554509.184,1746676.7510000002
2024-10-23 15:55:30,52.0,37.35002027,-121.93596264,200.404,0.952,0.466,0.0,23.216,4.699,0.238,9554510.184999999,1746677.084
2024-10-23 15:55:31,52.0,37.35001597,-121.93597061999999,201.30599999999998,0.9,-0.0020000000000000018,0.0,23.291999999999998,3.529,0.252,9554511.121,1746677.579
2024-10-23 15:55:32,52.0,37.35001729,-121.93597129,201.607,0.125,-0.867,0.0,23.330000000000002,0.5820000000000001,0.17,9554511.078,1746677.4300000002
2024-10-23 15:55:33,52.0,37.35001717,-121.93597775,202.353,0.592,0.497,0.0,23.378,3.0509999999999997,0.161,9554511.596,1746677.454
2024-10-23 15:55:34,52.0,37.35001519,-121.93598449999999,203.049,0.651,0.057999999999999996,0.0,23.415,2.966,0.173,9554512.269,1746677.6849999998
2024-10-23 15:55:35,52.0,37.35001423,-121.93599302999999,203.894,0.805,0.20600000000000002,0.0,23.485,3.715,0.282,9554513.011,1746677.803
2024-10-23 15:55:36,52.0,37.35001534,-121.93599420000001,204.02,0.092,-0.777,0.0,23.519,0.356,0.081,9554513.022,1746677.682
2024-10-23 15:55:37,52.0,37.35001401,-121.93599664000001,204.39100000000002,0.377,0.263,0.0,23.558,2.3310000000000004,0.203,9554513.309999999,1746677.8350000002
2024-10-23 15:55:38,52.0,37.350012750000005,-121.93600392,205.14700000000002,0.6729999999999999,0.35,0.0,23.606,3.061,0.19,9554513.974,1746677.9870000002
2024-10-23 15:55:39,52.0,37.3500071,-121.93601126000001,206.09499999999997,0.9410000000000001,0.23900000000000002,0.0,23.645999999999997,4.829,0.145,9554514.956,1746678.6309999998
2024-10-23 15:55:40,52.0,37.35000074,-121.93601998,207.18099999999998,1.0930000000000002,0.16499999999999998,0.0,23.681,4.768,0.139,9554516.097,1746679.359
2024-10-23 15:55:41,52.0,37.34999734,-121.93603067,208.22600000000003,1.048,-0.05500000000000001,0.0,23.721,4.364,0.181,9554517.181,1746679.7559999998
2024-10-23 15:55:42,52.0,37.34999405,-121.93604029999999,209.185,0.9730000000000001,-0.05600000000000001,0.0,23.774,4.011,0.23199999999999998,9554518.178,1746680.139
2024-10-23 15:55:43,52.0,37.34999414,-121.93604589000002,209.85,0.513,-0.44299999999999995,0.0,23.827,1.684,0.192,9554518.609000001,1746680.136
2024-10-23 15:55:44,52.0,37.34999601,-121.9360437,210.206,0.29,-0.28900000000000003,0.0,23.880000000000003,1.327,0.272,9554518.303,1746679.923
2024-10-23 15:55:45,52.0,37.34999641,-121.93604364000001,210.42,0.186,-0.083,0.0,23.937,0.781,0.141,9554518.269,1746679.8769999999
2024-10-23 15:55:46,52.0,37.349996270000005,-121.93604448,210.51,0.124,-0.062,0.0,23.967,0.515,0.09,9554518.347,1746679.893
2024-10-23 15:55:47,52.0,37.34999662,-121.93604438,210.51,0.04,-0.077,0.0,23.987000000000002,0.182,0.082,9554518.313,1746679.8580000002
2024-10-23 15:55:48,52.0,37.34999679,-121.93604422000001,210.51,0.034999999999999996,-0.005999999999999998,0.0,24.009999999999998,0.14900000000000002,0.096,9554518.289,1746679.8390000002
2024-10-23 15:55:49,52.0,37.34999663,-121.93604422000001,210.51,0.08499999999999999,0.054000000000000006,0.0,24.032,0.362,0.092,9554518.302,1746679.857
2024-10-23 15:55:50,52.0,37.34999636,-121.93604433,210.51,0.076,-0.008,0.0,24.057,0.33399999999999996,0.11499999999999999,9554518.33,1746679.884
2024-10-23 15:55:51,52.0,37.34999614,-121.93604409,210.623,0.091,0.025,0.0,24.097,0.40800000000000003,0.256,9554518.325,1746679.9100000001
2024-10-23 15:55:52,52.0,37.349995990000004,-121.93604164000001,211.022,0.252,0.152,0.0,24.195,1.2120000000000002,0.397,9554518.143000001,1746679.9239999999
2024-10-23 15:55:53,52.0,37.34999637,-121.93604101000001,211.34099999999998,0.24700000000000003,-0.023000000000000003,0.0,24.252000000000002,1.142,0.1,9554518.066,1746679.879
2024-10-23 15:55:54,52.0,37.3499985,-121.93603972999999,211.669,0.311,0.083,0.0,24.274,1.268,0.11600000000000002,9554517.814,1746679.6379999998
2024-10-23 15:55:55,52.0,37.34999947,-121.93603479999999,212.11599999999999,0.43600000000000005,0.095,0.0,24.313,2.5100000000000002,0.157,9554517.355,1746679.5210000002
2024-10-23 15:55:56,52.0,37.350000869999995,-121.93602925,212.677,0.538,0.16999999999999998,0.0,24.372999999999998,1.943,0.31,9554516.817,1746679.356
2024-10-23 15:55:57,52.0,37.350000650000005,-121.93602959,212.865,0.146,-0.437,0.0,24.425,0.593,0.151,9554516.859000001,1746679.384
2024-10-23 15:55:58,52.0,37.35000073,-121.93602844,212.99200000000002,0.163,0.019,0.0,24.478,0.698,0.29500000000000004,9554516.764,1746679.371
2024-10-23 15:55:59,52.0,37.35000069,-121.93602676,213.40500000000003,0.194,0.003999999999999998,0.0,24.577,1.182,0.472,9554516.636,1746679.3740000003
2024-10-23 15:56:00,52.0,37.35000255,-121.93602149,213.96599999999998,0.532,0.374,0.0,24.683,2.331,0.29100000000000004,9554516.086,1746679.1570000001
2024-10-23 15:56:01,52.0,37.35000446,-121.93601659999999,214.48200000000003,0.526,0.011000000000000001,0.0,24.738999999999997,2.215,0.23700000000000002,9554515.564,1746678.936
2024-10-23 15:56:02,52.0,37.35000601,-121.93601229000001,214.95300000000003,0.446,-0.079,0.0,24.799,1.9780000000000002,0.22599999999999998,9554515.114,1746678.7550000001
2024-10-23 15:56:03,52.0,37.350007649999995,-121.93600985,215.426,0.406,-0.077,0.0,24.86,2.2039999999999997,0.231,9554514.807,1746678.568
2024-10-23 15:56:04,52.0,37.35001147,-121.93600273,216.238,0.8150000000000001,0.438,0.0,24.91,3.832,0.197,9554513.972,1746678.128
2024-10-23 15:56:05,52.0,37.35001382,-121.93599735000001,216.82,0.5700000000000001,-0.24100000000000002,0.0,24.961000000000002,1.966,0.22999999999999998,9554513.379,1746677.8580000002
2024-10-23 15:56:06,52.0,37.35001484,-121.93599254,217.31,0.496,-0.121,0.0,25.027,2.768,0.254,9554512.927,1746677.735
2024-10-23 15:56:07,52.0,37.35001744,-121.93598406000001,218.137,0.817,0.358,0.0,25.082,3.7560000000000002,0.229,9554512.074,1746677.4329999997
2024-10-23 15:56:08,52.0,37.35001991,-121.93597775,218.81,0.641,-0.17,0.0,25.144,2.301,0.29900000000000004,9554511.399,1746677.145
2024-10-23 15:56:09,52.0,37.35002215,-121.93597193000001,219.448,0.619,-0.06799999999999999,0.0,25.226,3.3850000000000002,0.268,9554510.782,1746676.8850000002
2024-10-23 15:56:10,52.0,37.35002533,-121.93596313999998,220.33200000000002,0.891,0.318,0.0,25.279000000000003,3.8689999999999998,0.191,9554509.862,1746676.514
2024-10-23 15:56:11,52.0,37.35002407,-121.93595691,221.05599999999998,0.64,-0.27399999999999997,0.0,25.341,2.496,0.323,9554509.461,1746676.648
2024-10-23 15:56:12,52.0,37.35002446,-121.93594931,221.869,0.74,0.095,0.0,25.413999999999998,3.749,0.27,9554508.837000001,1746676.594
2024-10-23 15:56:13,52.0,37.350027669999996,-121.93594017000001,222.769,0.868,0.182,0.0,25.482,3.441,0.262,9554507.884,1746676.2219999998
2024-10-23 15:56:14,52.0,37.35002844,-121.93593387000001,223.35700000000003,0.564,-0.372,0.0,25.558,2.7969999999999997,0.324,9554507.334999999,1746676.125
2024-10-23 15:56:15,52.0,37.35003117,-121.93592484000001,224.243,0.893,0.362,0.0,25.633999999999997,4.193,0.262,9554506.428,1746675.8059999999
2024-10-23 15:56:16,52.0,37.35003399,-121.93591814999999,224.93400000000003,0.636,-0.24299999999999997,0.0,25.687,2.119,0.231,9554505.699,1746675.4780000001
2024-10-23 15:56:17,52.0,37.350035489999996,-121.9359123,225.53699999999998,0.5700000000000001,-0.124,0.0,25.756,3.3979999999999997,0.238,9554505.133,1746675.302
2024-10-23 15:56:18,52.0,37.35003819,-121.93590137999999,226.579,1.012,0.504,0.0,25.802,4.659000000000001,0.16699999999999998,9554504.079,1746674.9830000002
2024-10-23 15:56:19,52.0,37.3500395,-121.93589072,227.573,0.9640000000000001,-0.052000000000000005,0.0,25.844,3.9219999999999997,0.162,9554503.146,1746674.823
2024-10-23 15:56:20,52.0,37.35004145,-121.93588147,228.44299999999998,0.827,-0.161,0.0,25.879,3.604,0.131,9554502.278,1746674.591
2024-10-23 15:56:21,52.0,37.35004457,-121.93587219000001,229.36999999999998,0.8939999999999999,0.072,0.0,25.910000000000004,4.0600000000000005,0.134,9554501.324,1746674.2259999998
2024-10-23 15:56:22,52.0,37.350048900000004,-121.93586414,230.281,0.851,-0.041,0.0,25.949,3.5,0.16699999999999998,9554500.382,1746673.7280000001
2024-10-23 15:56:23,52.0,37.35005366,-121.93585895999999,231.05300000000003,0.7110000000000001,-0.147,0.0,25.987000000000002,2.851,0.123,9554499.633,1746673.184
2024-10-23 15:56:24,52.0,37.3500592,-121.93585834000001,231.81599999999997,0.692,-0.013000000000000001,0.0,26.018,3.005,0.152,9554499.190000001,1746672.5629999998
2024-10-23 15:56:25,52.0,37.35006063,-121.93586848,232.83499999999998,0.991,0.294,0.0,26.061,5.696,0.196,9554499.884,1746672.414
2024-10-23 15:56:26,52.0,37.350058360000006,-121.93588325,234.20300000000003,1.3599999999999999,0.39,0.0,26.147,6.876,0.621,9554501.211,1746672.69
2024-10-23 15:56:27,52.0,37.35005324,-121.93590008999999,235.852,1.627,0.242,0.0,26.333,8.517,0.762,9554502.901999999,1746673.2899999998
2024-10-23 15:56:28,52.0,37.350044409999995,-121.93591918,237.848,1.97,0.352,0.0,26.534,10.365,0.897,9554505.037,1746674.309
2024-10-23 15:56:29,52.0,37.35003745,-121.93594373,240.19,2.299,0.34299999999999997,0.0,26.766000000000002,11.387,0.8220000000000001,9554507.467999998,1746675.1259999997
2024-10-23 15:56:30,52.0,37.350029140000004,-121.93596809,242.571,2.3689999999999998,0.061,0.0,26.970999999999997,10.897,0.899,9554509.98,1746676.0929999999
2024-10-23 15:56:31,52.0,37.350026400000004,-121.93599452999999,244.95999999999998,2.403,0.049,0.0,27.201999999999998,9.498000000000001,0.958,9554512.259,1746676.4379999998
2024-10-23 15:56:32,52.0,37.35002462,-121.93601763,247.073,2.087,-0.328,0.0,27.46,7.614,1.066,9554514.206,1746676.6719999998
2024-10-23 15:56:33,52.0,37.350016690000004,-121.93603455,248.868,1.7719999999999998,-0.29500000000000004,0.0,27.714,6.052,1.01,9554516.105,1746677.5850000002
2024-10-23 15:56:34,52.0,37.35000893,-121.93603988,250.092,1.1019999999999999,-0.73,0.0,27.97,4.167,0.9480000000000001,9554517.078,1746678.4649999999
2024-10-23 15:56:35,52.0,37.35000492,-121.93602760000002,251.46599999999998,1.366,0.267,0.0,28.195999999999998,7.759,1.0150000000000001,9554516.398,1746678.9
2024-10-23 15:56:36,52.0,37.3500077,-121.93600859,253.215,1.78,0.45,0.0,28.505000000000003,9.361,1.474,9554514.703,1746678.561
2024-10-23 15:56:37,52.0,37.35001346,-121.93598714,255.238,2.0140000000000002,0.225,0.0,28.893,9.748,1.512,9554512.601,1746677.882
2024-10-23 15:56:38,52.0,37.35002042,-121.93596451,257.403,2.157,0.13999999999999999,0.0,29.258,9.879999999999999,1.478,9554510.322,1746677.0690000001
2024-10-23 15:56:39,52.0,37.35002823,-121.93594052,259.70799999999997,2.301,0.147,0.0,29.65,10.781,1.6350000000000002,9554507.875,1746676.1579999998
2024-10-23 15:56:40,52.0,37.350035229999996,-121.93591667999999,261.97200000000004,2.2649999999999997,-0.027000000000000003,0.0,30.035000000000004,9.095,1.466,9554505.495000001,1746675.337
2024-10-23 15:56:41,52.0,37.350042560000006,-121.93589396,264.159,2.162,-0.10700000000000001,0.0,30.394,8.86,1.376,9554503.183,1746674.484
2024-10-23 15:56:42,52.0,37.35004778,-121.93587728,265.776,1.585,-0.561,0.0,30.683999999999997,4.233,0.6900000000000001,9554501.497,1746673.8730000001
2024-10-23 15:56:43,52.0,37.35005135,-121.93586635,266.853,1.029,-0.6,0.0,30.764999999999997,3.947,0.176,9554500.379,1746673.4559999998
2024-10-23 15:56:44,52.0,37.35005501,-121.93585687,267.819,0.9279999999999999,-0.076,0.0,30.808,3.8689999999999998,0.163,9554499.371000001,1746673.031
2024-10-23 15:56:45,52.0,37.35005891,-121.93584874000001,268.68600000000004,0.8379999999999999,-0.086,0.0,30.849,3.469,0.153,9554498.452,1746672.582
2024-10-23 15:56:46,52.0,37.350062120000004,-121.93584228,269.419,0.6910000000000001,-0.141,0.0,30.889999999999997,2.7190000000000003,0.19,9554497.715,1746672.211
2024-10-23 15:56:47,52.0,37.35006551,-121.9358403,269.98,0.42000000000000004,-0.302,0.0,30.929000000000002,1.861,0.128,9554497.315000001,1746671.829
2024-10-23 15:56:48,52.0,37.35006799,-121.93584003999999,270.415,0.351,-0.049999999999999996,0.0,30.96,1.341,0.093,9554497.120000001,1746671.55
2024-10-23 15:56:49,52.0,37.35006981,-121.93584086999999,270.75,0.26,-0.089,0.0,30.976,1.151,0.057999999999999996,9554497.055,1746671.345
2024-10-23 15:56:50,52.0,37.35006884,-121.93584464,271.204,0.379,0.10800000000000001,0.0,30.996,2.0330000000000004,0.10300000000000001,9554497.42,1746671.4600000002
2024-10-23 15:56:51,52.0,37.350067530000004,-121.93585455,272.148,0.909,0.533,0.0,31.028000000000002,5.446,0.199,9554498.295,1746671.6199999999
2024-10-23 15:56:52,52.0,37.35006375,-121.93587204999999,273.768,1.6149999999999998,0.7030000000000001,0.0,31.151999999999997,10.474,0.8620000000000001,9554499.942,1746672.0699999998
2024-10-23 15:56:53,52.0,37.35005549,-121.93589693999999,276.165,2.391,0.795,0.0,31.411,15.911000000000001,1.123,9554502.493999999,1746673.0320000001
2024-10-23 15:56:54,52.0,37.35004378,-121.93592697,279.136,2.963,0.583,0.0,31.692,15.65,1.092,9554505.694,1746674.39
2024-10-23 15:56:55,52.0,37.35003243,-121.93595831,282.199,2.974,0.005999999999999994,0.0,31.996,11.956999999999999,1.333,9554508.974,1746675.711
2024-10-23 15:56:56,52.0,37.35002274,-121.93598959,285.195,2.939,-0.06,0.0,32.315,12.647,1.2129999999999999,9554512.131000001,1746676.8429999999
2024-10-23 15:56:57,52.0,37.35001579,-121.93601668000001,287.72799999999995,2.503,-0.394,0.0,32.617000000000004,7.239,1.308,9554514.762,1746677.664
2024-10-23 15:56:58,52.0,37.35001321,-121.93603535,289.435,1.626,-0.9109999999999999,0.0,32.886,4.413,0.545,9554516.416,1746677.9780000001
2024-10-23 15:56:59,52.0,37.35001134,-121.93604744,290.549,1.0530000000000002,-0.592,0.0,32.968,3.8869999999999996,0.281,9554517.502,1746678.205
2024-10-23 15:57:00,52.0,37.350006539999995,-121.93605519,291.461,0.877,-0.163,0.0,33.025,3.7340000000000004,0.179,9554518.455,1746678.7559999998
2024-10-23 15:57:01,52.0,37.35000014,-121.93605894,292.29499999999996,0.808,-0.06,0.0,33.065000000000005,3.2329999999999997,0.16899999999999998,9554519.206,1746679.481
2024-10-23 15:57:02,52.0,37.34999481,-121.93606087999999,292.98,0.637,-0.17,0.0,33.108999999999995,2.459,0.14,9554519.743,1746680.0809999998
2024-10-23 15:57:03,52.0,37.349990860000005,-121.93606141999999,293.543,0.496,-0.123,0.0,33.136,2.057,0.10500000000000001,9554520.066,1746680.5280000002
2024-10-23 15:57:04,52.0,37.349992900000004,-121.9360561,294.26300000000003,0.635,0.095,0.0,33.164,4.38,0.157,9554519.502,1746680.2899999998
2024-10-23 15:57:05,52.0,37.349997329999994,-121.93603998,295.799,1.638,1.0230000000000001,0.0,33.247,11.897,0.6769999999999999,9554517.915000001,1746679.769
2024-10-23 15:57:06,52.0,37.35000579,-121.93601344999999,298.364,2.621,0.984,0.0,33.503,19.798,1.1869999999999998,9554515.220999999,1746678.781
2024-10-23 15:57:07,52.0,37.35001758,-121.93597895999999,301.716,3.3649999999999998,0.783,0.0,33.814,17.73,1.339,9554511.662,1746677.4070000001
2024-10-23 15:57:08,52.0,37.35002893,-121.93594395,305.092,3.3850000000000002,-0.004000000000000002,0.0,34.168,14.103,1.3960000000000001,9554508.096,1746676.086
2024-10-23 15:57:09,52.0,37.35003912,-121.93590976,308.352,3.251,-0.13999999999999999,0.0,34.509,12.238,1.457,9554504.671,1746674.891
2024-10-23 15:57:10,52.0,37.35004605,-121.93588126,311.01300000000003,2.641,-0.592,0.0,34.888999999999996,6.9719999999999995,1.517,9554501.932,1746674.072
2024-10-23 15:57:11,52.0,37.35005119,-121.93586387,312.694,1.6440000000000001,-1.033,0.0,35.233,4.25,0.9339999999999999,9554500.195999999,1746673.47
2024-10-23 15:57:12,52.0,37.35005702,-121.93585574000001,313.73199999999997,0.999,-0.666,0.0,35.345,3.5,0.20800000000000002,9554499.139,1746672.804
2024-10-23 15:57:13,52.0,37.350063340000005,-121.93585522999999,314.576,0.7929999999999999,-0.184,0.0,35.387,3.152,0.152,9554498.647,1746672.0929999999
2024-10-23 15:57:14,52.0,37.3500675,-121.93586132,315.365,0.772,-0.003,0.0,35.43,3.4240000000000004,0.187,9554498.83,1746671.632
2024-10-23 15:57:15,52.0,37.35006481,-121.93587159,316.396,0.9359999999999999,0.151,0.0,35.475,5.21,0.43200000000000005,9554499.83,1746671.9490000003
2024-10-23 15:57:16,52.0,37.350057559999996,-121.93588448,317.902,1.415,0.426,0.0,35.721,10.608,1.2349999999999999,9554501.364,1746672.781
2024-10-23 15:57:17,52.0,37.35004765,-121.93591631,320.969,3.0789999999999997,1.7100000000000002,0.0,36.038,30.921999999999997,1.423,9554504.58,1746673.9379999998
2024-10-23 15:57:18,52.0,37.350037220000004,-121.93595795000002,324.844,3.88,0.875,0.0,36.417,19.236,1.6280000000000001,9554508.603,1746675.1719999998
2024-10-23 15:57:19,52.0,37.35002844,-121.93599767,328.51,3.651,-0.266,0.0,36.868,11.814,1.956,9554512.359000001,1746676.2149999999
2024-10-23 15:57:20,52.0,37.35002202,-121.93602697000001,331.21500000000003,2.723,-0.9480000000000001,0.0,37.358999999999995,6.3469999999999995,1.8169999999999997,9554515.127,1746676.974
2024-10-23 15:57:21,52.0,37.350017969999996,-121.93604427,332.85,1.6079999999999999,-1.135,0.0,37.751,3.9160000000000004,1.1480000000000001,9554516.778,1746677.454
2024-10-23 15:57:22,52.0,37.350015559999996,-121.9360515,333.573,0.735,-0.899,0.0,37.887,2.416,0.146,9554517.52,1746677.735
2024-10-23 15:57:23,52.0,37.35001518,-121.9360523,334.057,0.40499999999999997,-0.339,0.0,37.913,1.767,0.10800000000000001,9554517.61,1746677.78
2024-10-23 15:57:24,52.0,37.35001659,-121.93604372,334.879,0.8400000000000001,0.45099999999999996,0.0,37.976,4.796,0.642,9554516.834,1746677.609
2024-10-23 15:57:25,52.0,37.35002006,-121.93603060000001,336.236,1.2530000000000001,0.371,0.0,38.212,12.273,1.088,9554515.552,1746677.2010000001
2024-10-23 15:57:26,52.0,37.35003026,-121.9359964,339.491,3.255,2.0919999999999996,0.0,38.525,31.891,1.385,9554512.129,1746676.0059999998
2024-10-23 15:57:27,52.0,37.35003883,-121.93595558,343.242,3.79,0.587,0.0,38.894999999999996,15.821000000000002,1.5550000000000002,9554508.304000001,1746674.986
2024-10-23 15:57:28,52.0,37.35004662,-121.93591934000001,346.579,3.3609999999999998,-0.491,0.0,39.298,10.464,1.6960000000000002,9554504.890999999,1746674.061
2024-10-23 15:57:29,52.0,37.35005199,-121.93588955,349.308,2.706,-0.663,0.0,39.725,7.803999999999999,1.6509999999999998,9554502.162,1746673.416
2024-10-23 15:57:30,52.0,37.350056589999994,-121.93586768,351.33299999999997,1.984,-0.725,0.0,40.14,5.649,1.448,9554500.11,1746672.871
2024-10-23 15:57:31,52.0,37.35006095999999,-121.93585454,352.623,1.262,-0.744,0.0,40.345,4.104,0.383,9554498.76,1746672.3579999998
2024-10-23 15:57:32,52.0,37.35006679,-121.9358479,353.567,0.915,-0.34299999999999997,0.0,40.421,3.474,0.261,9554497.824,1746671.6940000001
2024-10-23 15:57:33,52.0,37.35007294,-121.93584619999999,354.358,0.7649999999999999,-0.13899999999999998,0.0,40.475,3.0469999999999997,0.179,9554497.25,1746671.0010000002
2024-10-23 15:57:34,52.0,37.35007833,-121.93584522,355.019,0.626,-0.11400000000000002,0.0,40.519999999999996,2.435,0.158,9554496.787,1746670.393
2024-10-23 15:57:35,52.0,37.350082040000004,-121.93584453999999,355.512,0.425,-0.22200000000000003,0.0,40.552,1.8800000000000001,0.10400000000000001,9554496.468,1746669.975
2024-10-23 15:57:36,52.0,37.350082459999996,-121.93584241,355.881,0.254,-0.155,0.0,40.589,0.9730000000000001,0.16699999999999998,9554496.27,1746669.9239999999
2024-10-23 15:57:37,52.0,37.3500827,-121.93584277,355.98,0.128,-0.14200000000000002,0.0,40.611000000000004,0.546,0.042,9554496.284,1746669.9
2024-10-23 15:57:38,52.0,37.35008119,-121.93584218999999,355.98,0.015,-0.11599999999999999,0.0,40.622,0.069,0.042,9554496.342999998,1746670.066
2024-10-23 15:57:39,52.0,37.35008123,-121.93584218000001,356.0,0.018,-0.004000000000000001,0.0,40.635000000000005,0.08499999999999999,0.20700000000000002,9554496.34,1746670.061
2024-10-23 15:57:40,52.0,37.35008211,-121.93584208,356.06,0.125,0.125,0.0,40.721,0.542,0.20600000000000002,9554496.27,1746669.963
2024-10-23 15:57:41,52.0,37.350082210000004,-121.93584151,356.06,0.053000000000000005,-0.079,0.0,40.741,0.23200000000000004,0.08,9554496.218,1746669.9489999998
2024-10-23 15:57:42,52.0,37.350082269999994,-121.93584077999999,356.06,0.04,-0.014000000000000002,0.0,40.757999999999996,0.174,0.05600000000000001,9554496.157000002,1746669.943
2024-10-23 15:57:43,52.0,37.3500823,-121.93584002,356.06,0.027000000000000003,-0.014000000000000002,0.0,40.771,0.11499999999999999,0.05800000000000001,9554496.095,1746669.94
2024-10-23 15:57:44,52.0,37.35008209,-121.93583993,356.196,0.071,0.049,0.0,40.786,0.309,0.051000000000000004,9554496.102,1746669.962
2024-10-23 15:57:45,52.0,37.35007911,-121.93583929000002,356.57000000000005,0.21000000000000002,0.144,0.0,40.8,0.9810000000000001,0.051000000000000004,9554496.265,1746670.2969999998
2024-10-23 15:57:46,52.0,37.35007747,-121.9358392,356.69,0.052000000000000005,-0.155,0.0,40.81,0.217,0.03,9554496.374,1746670.482
2024-10-23 15:57:47,52.0,37.35007716,-121.93583951999999,356.69,0.033999999999999996,-0.037,0.0,40.819,0.148,0.022,9554496.423,1746670.514
2024-10-23 15:57:48,52.0,37.350077,-121.93583987,356.69,0.008,-0.020999999999999998,0.0,40.82,0.043,0.01,9554496.463000001,1746670.534
2024-10-23 15:57:49,52.0,37.35007682,-121.93584041,356.69,0.0,-0.01,0.0,40.821,0.003,0.001,9554496.518,1746670.5580000002
2024-10-23 15:57:50,52.0,37.3500768,-121.93584108,356.69,0.0,0.0,0.0,40.83,0.0,0.01,9554496.57,1746670.56
2024-10-23 15:57:51,52.0,37.350076779999995,-121.93584200999999,356.69,0.002,0.001,0.0,40.832,0.008,0.05,9554496.645,1746670.5620000002
2024-10-23 15:57:52,52.0,37.35007781,-121.93584337,357.14099999999996,0.13,0.126,0.0,40.848,0.5700000000000001,0.046,9554496.678,1746670.448
2024-10-23 15:57:53,52.0,37.35007746,-121.93584331,357.269,0.063,-0.061,0.0,40.857,0.27399999999999997,0.05,9554496.7,1746670.488
2024-10-23 15:57:54,52.0,37.35007418,-121.93584263,357.566,0.296,0.23700000000000002,0.0,40.870999999999995,1.388,0.046,9554496.879999999,1746670.856
2024-10-23 15:57:55,52.0,37.35007346,-121.93584452,357.714,0.13599999999999998,-0.164,0.0,40.883,0.55,0.062,9554497.081,1746670.939
2024-10-23 15:57:56,52.0,37.3500719,-121.93584501000001,357.94,0.223,0.07999999999999999,0.0,40.898,0.9869999999999999,0.04,9554497.229,1746671.1169999999
2024-10-23 15:57:57,52.0,37.35007272,-121.93584607,358.01,0.052000000000000005,-0.16999999999999998,0.0,40.908,0.23000000000000004,0.034999999999999996,9554497.256000001,1746671.0280000002
2024-10-23 15:57:58,52.0,37.35007197,-121.93584447,358.01,0.003,-0.05,0.0,40.917,0.015,0.039,9554497.181,1746671.1079999998
2024-10-23 15:57:59,52.0,37.35007071,-121.93584760000002,358.136,0.132,0.09,0.0,40.935,0.9029999999999999,0.149,9554497.519,1746671.253
2024-10-23 15:58:00,52.0,37.35006523,-121.93585851,359.276,1.134,0.994,0.0,41.019,11.134,0.835,9554498.77,1746671.886
2024-10-23 15:58:01,52.0,37.35004986,-121.93588511,362.211,2.92,1.839,0.0,41.418,28.038,2.1550000000000002,9554501.963,1746673.6489999997
2024-10-23 15:58:02,52.0,37.35003054,-121.93592363,366.287,4.042,1.127,0.0,41.956,33.244,1.893,9554506.379999999,1746675.875
2024-10-23 15:58:03,52.0,37.35000946,-121.93597472000002,371.409,5.132,1.112,0.0,42.402,31.776999999999997,1.888,9554511.909,1746678.314
2024-10-23 15:58:04,52.0,37.34999115,-121.93602920000001,376.683,5.224,0.09,0.0,42.927,20.467,2.327,9554517.508,1746680.4490000003
2024-10-23 15:58:05,52.0,37.3499786,-121.93608304,381.687,4.941,-0.317,0.0,43.554,19.227,2.383,9554522.646000002,1746681.936
2024-10-23 15:58:06,52.0,37.34996155,-121.93613409,386.60900000000004,4.957,0.03,0.0,44.06,20.733,1.972,9554527.884,1746683.923
2024-10-23 15:58:07,52.0,37.34994302,-121.93617612,390.87600000000003,4.285,-0.638,0.0,44.611000000000004,10.376000000000001,2.418,9554532.518,1746686.064
2024-10-23 15:58:08,52.0,37.3499293,-121.93620367000001,393.776,2.902,-1.416,0.0,45.221,6.161,2.386,9554535.67,1746687.645
2024-10-23 15:58:09,52.0,37.349922070000005,-121.93621834999999,395.345,1.525,-1.419,0.0,45.67,3.901,0.826,9554537.343,1746688.4789999998
2024-10-23 15:58:10,52.0,37.349917930000004,-121.93622862,396.408,1.074,-0.437,0.0,45.757,4.247999999999999,0.22599999999999998,9554538.447,1746688.959
2024-10-23 15:58:11,52.0,37.34991546,-121.93623548999999,397.131,0.6980000000000001,-0.345,0.0,45.812,2.327,0.207,9554539.165000001,1746689.247
2024-10-23 15:58:12,52.0,37.34991298,-121.93623667,397.614,0.39,-0.324,0.0,45.859,1.56,0.168,9554539.434,1746689.527
2024-10-23 15:58:13,52.0,37.34991391,-121.93623407,398.028,0.417,0.021,0.0,45.893,1.904,0.10200000000000001,9554539.165000001,1746689.418
2024-10-23 15:58:14,52.0,37.349914840000004,-121.93623285999999,398.263,0.257,-0.132,0.0,45.915,0.976,0.06999999999999999,9554539.001,1746689.3120000002
2024-10-23 15:58:15,52.0,37.34991332,-121.93623147999999,398.28,0.015,-0.266,0.0,45.929,0.075,0.034999999999999996,9554539.002,1746689.4780000001
2024-10-23 15:58:16,52.0,37.349913709999996,-121.93623376000001,398.28,0.0,-0.002,0.0,45.934999999999995,0.004,0.032,9554539.154000001,1746689.439
2024-10-23 15:58:17,52.0,37.34991326,-121.93623425000001,398.28,0.0,0.0,0.0,45.94,0.0,0.02,9554539.224000001,1746689.491
2024-10-23 15:58:18,52.0,37.3499117,-121.9362323,398.28,0.0,0.0,0.0,45.95,0.0,0.03,9554539.181,1746689.664
2024-10-23 15:58:19,52.0,37.349911809999995,-121.93623301,398.28,0.0,0.0,0.0,45.958000000000006,0.0,0.03,9554539.231,1746689.6530000002
2024-10-23 15:58:20,52.0,37.34991246,-121.93623367000001,398.32399999999996,0.026000000000000002,0.01,0.0,45.967,0.144,0.064,9554539.236,1746689.5810000002
2024-10-23 15:58:21,52.0,37.34991239,-121.93622829,398.81399999999996,0.51,0.496,0.0,45.989,2.669,0.10800000000000001,9554538.817,1746689.58
2024-10-23 15:58:22,52.0,37.34991472,-121.93622054,399.57,0.783,0.292,0.0,46.021,3.806,0.148,9554538.042,1746689.3079999997
2024-10-23 15:58:23,52.0,37.34991647,-121.93621143,400.433,0.892,0.126,0.0,46.06,3.825,0.145,9554537.197,1746689.0990000002
2024-10-23 15:58:24,52.0,37.34991525,-121.93620696999999,400.954,0.458,-0.44000000000000006,0.0,46.091,1.505,0.10200000000000001,9554536.932,1746689.23
2024-10-23 15:58:25,52.0,37.349915800000005,-121.93620733999998,401.07,0.121,-0.385,0.0,46.112,0.524,0.072,9554536.925,1746689.1689999998
2024-10-23 15:58:26,52.0,37.34991616000001,-121.93620629,401.07,0.025,-0.079,0.0,46.131,0.122,0.065,9554536.812,1746689.1240000003
2024-10-23 15:58:27,52.0,37.349915769999996,-121.9362069,401.163,0.059,0.038,0.0,46.150999999999996,0.251,0.16799999999999998,9554536.889,1746689.171
2024-10-23 15:58:28,52.0,37.349918939999995,-121.93619662,402.183,1.013,0.877,0.0,46.311,15.413,1.408,9554535.855,1746688.802
2024-10-23 15:58:29,52.0,37.349929859999996,-121.93616331999999,405.386,3.3019999999999996,2.413,0.0,46.783,30.655,2.05,9554532.453,1746687.527
2024-10-23 15:58:30,52.0,37.349943100000004,-121.93611802000001,409.689,4.304,0.9650000000000001,0.0,47.266999999999996,35.352999999999994,1.672,9554527.938000001,1746685.975
2024-10-23 15:58:31,52.0,37.34995902,-121.93606330999998,414.861,5.236,0.95,0.0,47.7,28.809000000000005,2.1710000000000003,9554522.491,1746684.11
2024-10-23 15:58:32,52.0,37.34997825,-121.93600968999999,420.08500000000004,5.237,-0.007000000000000006,0.0,48.329,20.021,2.652,9554516.894,1746681.8739999998
2024-10-23 15:58:33,52.0,37.34999544,-121.93595774,425.088,4.986,-0.309,0.0,48.935,22.008000000000003,2.101,9554511.574,1746679.8690000002
2024-10-23 15:58:34,52.0,37.35001235,-121.93590589,430.066,5.011,0.088,0.0,49.484,18.095,2.487,9554506.282000002,1746677.898
2024-10-23 15:58:35,52.0,37.35002431,-121.93586496,433.947,3.9130000000000003,-1.0859999999999999,0.0,50.119,8.5,2.31,9554502.202,1746676.4949999999
2024-10-23 15:58:36,52.0,37.35003431,-121.93584793,435.941,1.9969999999999999,-1.98,0.0,50.533,4.872999999999999,0.844,9554500.147999998,1746675.3469999998
2024-10-23 15:58:37,52.0,37.35004506,-121.93584641,437.19300000000004,1.232,-0.788,0.0,50.643,4.766,0.319,9554499.259,1746674.136
2024-10-23 15:58:38,52.0,37.35005453,-121.93584667999998,438.267,1.0950000000000002,-0.086,0.0,50.717,4.397,0.24300000000000002,9554498.602,1746673.071
2024-10-23 15:58:39,52.0,37.350061010000005,-121.93585059,439.12,0.8220000000000001,-0.281,0.0,50.763,3.164,0.131,9554498.449,1746672.348
2024-10-23 15:58:40,52.0,37.35006303,-121.93585984,440.054,0.8789999999999999,0.033,0.0,50.793,4.659000000000001,0.147,9554499.034,1746672.134
2024-10-23 15:58:41,52.0,37.35006451,-121.93587758000001,441.646,1.6190000000000002,0.743,0.0,50.868,12.117,0.642,9554500.325,1746671.992
2024-10-23 15:58:42,52.0,37.35005651,-121.93590291999999,444.212,2.497,0.9,0.0,51.129000000000005,16.66,1.377,9554502.892,1746672.925
2024-10-23 15:58:43,52.0,37.350048879999996,-121.93593682000001,447.466,3.242,0.767,0.0,51.504,18.881999999999998,1.569,9554506.106,1746673.8309999998
2024-10-23 15:58:44,52.0,37.35003715,-121.93596806999999,450.64300000000003,3.13,-0.10500000000000001,0.0,51.923,10.623000000000001,1.737,9554509.407000002,1746675.1940000001
2024-10-23 15:58:45,52.0,37.350031189999996,-121.93599428,453.13199999999995,2.487,-0.656,0.0,52.342999999999996,6.6290000000000004,1.623,9554511.897,1746675.8989999997
2024-10-23 15:58:46,52.0,37.35002952,-121.93601392000001,454.91700000000003,1.752,-0.753,0.0,52.717,5.463,1.032,9554513.564,1746676.114
2024-10-23 15:58:47,52.0,37.350027010000005,-121.93602839,456.242,1.303,-0.45200000000000007,0.0,52.85,4.813000000000001,0.29700000000000004,9554514.881000001,1746676.416
2024-10-23 15:58:48,52.0,37.35002333,-121.93604015000001,457.38599999999997,1.1400000000000001,-0.147,0.0,52.908,4.536,0.186,9554516.070999999,1746676.845
2024-10-23 15:58:49,52.0,37.35001885,-121.93605055999998,458.459,1.0450000000000002,-0.08499999999999999,0.0,52.951,4.299,0.17,9554517.212000001,1746677.364
2024-10-23 15:58:50,52.0,37.35001441,-121.93605821999999,459.332,0.8480000000000001,-0.194,0.0,52.997,3.2689999999999997,0.173,9554518.133,1746677.8739999998
2024-10-23 15:58:51,52.0,37.35001057,-121.93605996,459.85699999999997,0.497,-0.382,0.0,53.034000000000006,2.026,0.16899999999999998,9554518.543000001,1746678.3079999997
2024-10-23 15:58:52,52.0,37.35000811,-121.93605696,460.39399999999995,0.585,0.092,0.0,53.077999999999996,2.658,0.154,9554518.482,1746678.582
2024-10-23 15:58:53,52.0,37.3500067,-121.93604816,461.225,0.923,0.34,0.0,53.120000000000005,5.285,0.21000000000000002,9554517.892,1746678.727
2024-10-23 15:58:54,52.0,37.350008200000005,-121.93603536999998,462.407,1.223,0.30700000000000005,0.0,53.174,6.212000000000001,0.396,9554516.775999999,1746678.5399999998
2024-10-23 15:58:55,52.0,37.35001725,-121.93600948000001,464.933,2.5759999999999996,1.259,0.0,53.501999999999995,41.937,2.183,9554514.09,1746677.488
2024-10-23 15:58:56,52.0,37.35003407000001,-121.93596292,469.474,4.746,2.37,0.0,54.025,33.501999999999995,2.053,9554509.22,1746675.5329999998
2024-10-23 15:58:57,52.0,37.35004801,-121.93591792,473.77200000000005,4.354,-0.434,0.0,54.586,12.103,2.279,9554504.681,1746673.9
2024-10-23 15:58:58,52.0,37.350055229999995,-121.93588553,476.779,3.025,-1.372,0.0,55.117,6.386,1.775,9554501.613,1746673.046
2024-10-23 15:58:59,52.0,37.35005905,-121.93586654999999,478.54799999999994,1.706,-1.361,0.0,55.452,4.33,0.867,9554499.845999999,1746672.5890000002
2024-10-23 15:59:00,52.0,37.35006286,-121.93585453,479.729,1.135,-0.563,0.0,55.577999999999996,4.116,0.266,9554498.626,1746672.145
2024-10-23 15:59:01,52.0,37.350067460000005,-121.93584657,480.654,0.9119999999999999,-0.196,0.0,55.626999999999995,3.499,0.176,9554497.671,1746671.617
2024-10-23 15:59:02,52.0,37.35007278,-121.93584616999999,481.329,0.647,-0.28700000000000003,0.0,55.666999999999994,2.818,0.163,9554497.259,1746671.018
2024-10-23 15:59:03,52.0,37.35007505,-121.9358501,481.929,0.544,-0.092,0.0,55.705,2.09,0.11499999999999999,9554497.406,1746670.768
2024-10-23 15:59:04,52.0,37.35007511,-121.93585677000002,482.592,0.622,0.071,0.0,55.73199999999999,3.0629999999999997,0.123,9554497.927,1746670.77
2024-10-23 15:59:05,52.0,37.350070099999996,-121.93587016000001,483.921,1.314,0.646,0.0,55.797000000000004,12.514,0.654,9554499.338,1746671.3530000001
2024-10-23 15:59:06,52.0,37.35005926,-121.9359039,487.16499999999996,3.308,2.068,0.0,56.10600000000001,36.351,1.69,9554502.772,1746672.6190000002
2024-10-23 15:59:07,52.0,37.35004587,-121.93594596,491.19300000000004,4.07,0.836,0.0,56.588,16.689,1.9460000000000002,9554507.041,1746674.1829999997
2024-10-23 15:59:08,52.0,37.350038,-121.93597804999999,494.183,2.892,-1.2710000000000001,0.0,56.964999999999996,7.194,1.323,9554510.133,1746675.113
2024-10-23 15:59:09,52.0,37.35003211,-121.93600295000002,496.49899999999997,2.274,-0.645,0.0,57.34400000000001,7.909000000000001,1.6179999999999999,9554512.514,1746675.807
2024-10-23 15:59:10,52.0,37.350027340000004,-121.93602200999999,498.294,1.765,-0.481,0.0,57.748000000000005,5.629,1.189,9554514.356,1746676.3690000002
2024-10-23 15:59:11,52.0,37.3500225,-121.93603518,499.6,1.266,-0.528,0.0,57.886,4.548,0.24100000000000002,9554515.738,1746676.9309999999
2024-10-23 15:59:12,52.0,37.350016749999995,-121.93604366,500.633,1.0219999999999998,-0.24100000000000002,0.0,57.934000000000005,3.9299999999999997,0.22000000000000003,9554516.819,1746677.5899999999
2024-10-23 15:59:13,52.0,37.35001306,-121.93603708999999,501.758,0.999,-0.099,0.0,58.04299999999999,8.467,0.787,9554516.565000001,1746677.9949999999
2024-10-23 15:59:14,52.0,37.35002096,-121.93600543,504.738,3.073,2.162,0.0,58.324,34.396,1.5,9554513.506000001,1746677.0669999998
2024-10-23 15:59:15,52.0,37.35003173,-121.93597004,508.11400000000003,3.4219999999999997,0.457,0.0,58.751,10.476,1.44,9554509.949,1746675.8050000002
2024-10-23 15:59:16,52.0,37.35003917,-121.93594345,510.62600000000003,2.472,-1.076,0.0,59.101,7.563,1.573,9554507.323,1746674.9309999999
2024-10-23 15:59:17,52.0,37.35004553,-121.93592235999999,512.649,2.003,-0.45899999999999996,0.0,59.448,6.537999999999999,1.168,9554505.206,1746674.1879999998
2024-10-23 15:59:18,52.0,37.35004977,-121.93590556,514.2270000000001,1.56,-0.44399999999999995,0.0,59.649,5.7219999999999995,0.409,9554503.58,1746673.6879999998
2024-10-23 15:59:19,52.0,37.35005409,-121.93589022,515.6859999999999,1.45,-0.10300000000000001,0.0,59.717999999999996,6.089,0.24300000000000002,9554502.064,1746673.1829999997
2024-10-23 15:59:20,52.0,37.35006069,-121.93587794,517.029,1.33,-0.10700000000000001,0.0,59.782000000000004,5.24,0.33999999999999997,9554500.625999998,1746672.423
2024-10-23 15:59:21,52.0,37.35006945,-121.93587959999999,518.561,1.315,-0.052000000000000005,0.0,59.951,7.606999999999999,1.002,9554500.129999999,1746671.439
2024-10-23 15:59:22,52.0,37.35006627,-121.93591049,521.457,2.843,1.524,0.0,60.224000000000004,32.134,1.217,9554502.789,1746671.8390000002
2024-10-23 15:59:23,52.0,37.35005349,-121.9359542,525.6,4.143,1.386,0.0,60.563,27.559000000000005,1.466,9554507.146,1746673.337
2024-10-23 15:59:24,52.0,37.35003756,-121.93600257,530.255,4.57,0.39699999999999996,0.0,60.955,21.803,1.7149999999999999,9554512.095,1746675.193
2024-10-23 15:59:25,52.0,37.35002138,-121.93605035,534.8689999999999,4.555,-0.025,0.0,61.40599999999999,18.748,1.8719999999999999,9554517.013,1746677.079
2024-10-23 15:59:26,52.0,37.35000637,-121.93609438000001,539.125,4.232,-0.333,0.0,61.891999999999996,14.252,1.94,9554521.556,1746678.827
2024-10-23 15:59:27,52.0,37.34999323,-121.93613389,542.932,3.7990000000000004,-0.433,0.0,62.367999999999995,12.52,1.905,9554525.606999999,1746680.36
2024-10-23 15:59:28,52.0,37.34998191,-121.93616824,546.242,3.2910000000000004,-0.514,0.0,62.833000000000006,10.602,1.7830000000000001,9554529.118999999,1746681.6809999999
2024-10-23 15:59:29,52.0,37.3499721,-121.93619495,548.87,2.621,-0.657,0.0,63.259,7.022,1.525,9554531.922,1746682.821
2024-10-23 15:59:30,52.0,37.34996248,-121.93620369,550.606,1.584,-1.0710000000000002,0.0,63.577,4.432,1.018,9554533.301,1746683.913
2024-10-23 15:59:31,52.0,37.349960599999996,-121.93618289000001,552.673,2.102,0.475,0.0,63.813,18.555,1.0539999999999998,9554531.796,1746684.095
2024-10-23 15:59:32,52.0,37.34996942,-121.93615181,555.618,3.084,1.079,0.0,64.11,18.607,1.2349999999999999,9554528.717999998,1746683.0620000002
2024-10-23 15:59:33,52.0,37.34998244,-121.93611645000001,559.083,3.528,0.41900000000000004,0.0,64.416,19.496000000000002,1.311,9554525.004,1746681.55
2024-10-23 15:59:34,52.0,37.3499962,-121.93607807000001,562.826,3.785,0.258,0.0,64.783,17.221,1.6239999999999999,9554520.997,1746679.948
2024-10-23 15:59:35,52.0,37.35000917,-121.93603972000001,566.531,3.722,-0.057999999999999996,0.0,65.227,14.395,1.86,9554517.049,1746678.4379999998
2024-10-23 15:59:36,52.0,37.35002092,-121.93600451,569.923,3.4019999999999997,-0.32999999999999996,0.0,65.67699999999999,12.019,1.687,9554513.436,1746677.0699999998
2024-10-23 15:59:37,52.0,37.35003067,-121.93597259999999,572.962,3.044,-0.364,0.0,66.06700000000001,11.081,1.5230000000000001,9554510.226,1746675.927
2024-10-23 15:59:38,52.0,37.3500388,-121.93594279999999,575.761,2.83,-0.21200000000000002,0.0,66.441,11.102,1.432,9554507.297,1746674.973
2024-10-23 15:59:39,52.0,37.35004666,-121.93591527000001,578.365,2.602,-0.227,0.0,66.806,9.884,1.394,9554504.569,1746674.0510000002
2024-10-23 15:59:40,52.0,37.35005485,-121.93589019000001,580.7850000000001,2.397,-0.199,0.0,67.128,8.915000000000001,1.2429999999999999,9554502.007,1746673.094
2024-10-23 15:59:41,52.0,37.350065799999996,-121.93587365,582.76,1.94,-0.44800000000000006,0.0,67.42,5.922,1.1019999999999999,9554499.923,1746671.8420000002
2024-10-23 15:59:42,52.0,37.35007321,-121.93587926000001,584.216,1.288,-0.739,0.0,67.67999999999999,6.534999999999999,0.9710000000000001,9554499.833,1746671.014
2024-10-23 15:59:43,52.0,37.35006717,-121.9359004,586.294,2.114,0.8800000000000001,0.0,67.936,14.132,1.169,9554501.932,1746671.7240000002
2024-10-23 15:59:44,52.0,37.35005462,-121.93592237,588.712,2.41,0.346,0.0,68.26,10.221,1.333,9554504.558,1746673.164
2024-10-23 15:59:45,52.0,37.35004064,-121.93594021999999,590.952,2.208,-0.223,0.0,68.60499999999999,7.970000000000001,1.428,9554506.964,1746674.761
2024-10-23 15:59:46,52.0,37.35002895,-121.93595244999999,592.669,1.689,-0.529,0.0,68.85,5.352,0.45099999999999996,9554508.762,1746676.094
2024-10-23 15:59:47,52.0,37.350018840000004,-121.93596153000001,594.0649999999999,1.3960000000000001,-0.30900000000000005,0.0,68.926,5.625,0.227,9554510.201000001,1746677.2419999999
2024-10-23 15:59:48,52.0,37.3500097,-121.93597006,595.343,1.285,-0.1,0.0,68.97999999999999,5.331,0.215,9554511.525,1746678.2820000001
2024-10-23 15:59:49,52.0,37.3500006,-121.9359782,596.5939999999999,1.294,0.010000000000000002,0.0,69.03,5.793,0.21200000000000002,9554512.816,1746679.3190000001
2024-10-23 15:59:50,52.0,37.3499922,-121.93598631,597.7850000000001,1.2449999999999999,-0.04,0.0,69.086,5.054,0.2,9554514.055,1746680.2739999997
2024-10-23 15:59:51,52.0,37.34998494,-121.93599343000001,598.835,1.072,-0.176,0.0,69.132,4.137,0.158,9554515.135,1746681.0969999998
2024-10-23 15:59:52,52.0,37.349980720000005,-121.93599997999999,599.631,0.806,-0.266,0.0,69.168,2.984,0.11100000000000002,9554515.952,1746681.583
2024-10-23 15:59:53,52.0,37.34998032,-121.93600321,599.946,0.271,-0.538,0.0,69.185,0.86,0.045,9554516.235,1746681.6279999998
2024-10-23 15:59:54,52.0,37.34997979,-121.93600357999999,599.95,0.016999999999999998,-0.272,0.0,69.197,0.084,0.045,9554516.304,1746681.6919999998
2024-10-23 15:59:55,52.0,37.349978820000004,-121.93600237000001,600.072,0.072,0.05600000000000001,0.0,69.213,0.345,0.091,9554516.275,1746681.798
2024-10-23 15:59:56,52.0,37.34997895,-121.93600314,600.331,0.159,0.11300000000000002,0.0,69.235,0.658,0.061,9554516.328,1746681.7850000001
2024-10-23 15:59:57,52.0,37.349978469999996,-121.93600386,600.464,0.091,-0.098,0.0,69.253,0.471,0.10700000000000001,9554516.417,1746681.841
2024-10-23 15:59:58,52.0,37.34997755,-121.93600398999999,600.836,0.268,0.182,0.0,69.279,1.244,0.101,9554516.495000001,1746681.946
2024-10-23 15:59:59,52.0,37.34997508,-121.93600731,601.396,0.47300000000000003,0.22200000000000003,0.0,69.31,2.3129999999999997,0.127,9554516.932,1746682.225
2024-10-23 16:00:00,52.0,37.34997252,-121.93601429,602.155,0.751,0.278,0.0,69.344,3.807,0.149,9554517.662999999,1746682.5239999997
2024-10-23 16:00:01,52.0,37.34996797,-121.93602315000001,603.136,0.974,0.229,0.0,69.382,4.622,0.166,9554518.686,1746683.05
2024-10-23 16:00:02,52.0,37.34996162,-121.93603270000001,604.262,1.101,0.128,0.0,69.43100000000001,5.038,0.20299999999999999,9554519.894,1746683.776
2024-10-23 16:00:03,52.0,37.34995425,-121.93604209,605.451,1.162,0.05700000000000001,0.0,69.477,5.2700000000000005,0.178,9554521.16,1746684.616
2024-10-23 16:00:04,52.0,37.34994575,-121.93605197,606.751,1.266,0.1,0.0,69.526,6.026999999999999,0.207,9554522.544,1746685.587
2024-10-23 16:00:05,52.0,37.3499362,-121.93606313000001,608.2090000000001,1.4229999999999998,0.162,0.0,69.578,6.633,0.22999999999999998,9554524.106999999,1746686.677
2024-10-23 16:00:06,52.0,37.34992519,-121.93607515,609.838,1.593,0.161,0.0,69.644,8.056999999999999,0.389,9554525.84,1746687.9300000002
2024-10-23 16:00:07,52.0,37.34991213,-121.9360903,611.829,1.9619999999999997,0.38,0.0,69.81700000000001,10.193999999999999,1.0,9554527.966,1746689.42
2024-10-23 16:00:08,52.0,37.34989856,-121.93610762,613.999,2.136,0.181,0.0,70.098,9.978,1.172,9554530.301,1746690.9710000001
2024-10-23 16:00:09,52.0,37.34988509,-121.93612618,616.241,2.2030000000000003,0.061,0.0,70.401,9.783,1.244,9554532.725,1746692.5100000002
2024-10-23 16:00:10,52.0,37.34987137,-121.93614414999999,618.462,2.19,-0.010000000000000002,0.0,70.712,8.982,1.2209999999999999,9554535.122,1746694.079
2024-10-23 16:00:11,52.0,37.34985792,-121.93616024,620.55,2.061,-0.131,0.0,71.01599999999999,8.2,1.3279999999999998,9554537.349,1746695.6120000002
2024-10-23 16:00:12,52.0,37.34984657,-121.93617346,622.296,1.693,-0.37,0.0,71.28999999999999,5.954,0.553,9554539.202000001,1746696.909
2024-10-23 16:00:13,52.0,37.34983636,-121.93618488,623.826,1.497,-0.211,0.0,71.369,6.165,0.269,9554540.83,1746698.072
2024-10-23 16:00:14,52.0,37.34982624,-121.93619578,625.3149999999999,1.459,-0.021,0.0,71.43,6.074,0.22599999999999998,9554542.412,1746699.225
2024-10-23 16:00:15,52.0,37.34981649,-121.9362056,626.712,1.362,-0.096,0.0,71.49199999999999,5.715999999999999,0.246,9554543.884,1746700.334
2024-10-23 16:00:16,52.0,37.349807049999995,-121.93621512,628.071,1.34,-0.024,0.0,71.547,5.808,0.199,9554545.308,1746701.409
2024-10-23 16:00:17,52.0,37.34979807,-121.93622445999999,629.375,1.306,-0.03,0.0,71.59299999999999,5.496,0.19,9554546.684999999,1746702.4309999999
2024-10-23 16:00:18,52.0,37.34978913,-121.93623262999999,630.617,1.2129999999999999,-0.096,0.0,71.644,5.064,0.207,9554547.968,1746703.448
2024-10-23 16:00:19,52.0,37.34978021,-121.93624030000001,631.8340000000001,1.183,-0.032,0.0,71.694,5.127,0.183,9554549.206999999,1746704.462
2024-10-23 16:00:20,52.0,37.34977121,-121.93624898,633.108,1.2189999999999999,0.025,0.0,71.739,5.843,0.20400000000000001,9554550.536,1746705.486
2024-10-23 16:00:21,52.0,37.34976056,-121.93625819000002,634.5600000000001,1.426,0.221,0.0,71.799,6.6659999999999995,0.258,9554552.02,1746706.697
2024-10-23 16:00:22,52.0,37.34974904,-121.93626809,636.1220000000001,1.525,0.10700000000000001,0.0,71.86699999999999,6.834999999999999,0.271,9554553.624000002,1746708.007
2024-10-23 16:00:23,52.0,37.34973781,-121.93627778,637.646,1.504,-0.025,0.0,71.93199999999999,6.358,0.259,9554555.189,1746709.2820000001
2024-10-23 16:00:24,52.0,37.34972716,-121.93628669,639.078,1.43,-0.08199999999999999,0.0,71.99199999999999,6.128,0.22600000000000003,9554556.651999999,1746710.492
2024-10-23 16:00:25,52.0,37.349716560000005,-121.93629567999999,640.513,1.443,0.015,0.0,72.049,6.258,0.223,9554558.117,1746711.696
2024-10-23 16:00:26,52.0,37.349705719999996,-121.9363043,641.946,1.45,0.004000000000000001,0.0,72.10499999999999,6.509,0.231,9554559.572,1746712.927
2024-10-23 16:00:27,52.0,37.34969462,-121.93631324,643.424,1.4949999999999999,0.049,0.0,72.163,6.518000000000001,0.24100000000000002,9554561.070999999,1746714.1879999998
2024-10-23 16:00:28,52.0,37.34968357,-121.93632176000001,644.873,1.473,-0.024,0.0,72.226,6.275,0.23199999999999998,9554562.53,1746715.441
2024-10-23 16:00:29,52.0,37.34967354,-121.93633070000001,646.2479999999999,1.396,-0.082,0.0,72.277,5.8340000000000005,0.203,9554563.951000001,1746716.583
2024-10-23 16:00:30,52.0,37.349664989999994,-121.9363408,647.566,1.328,-0.069,0.0,72.326,5.479,0.174,9554565.358,1746717.5579999997
2024-10-23 16:00:31,52.0,37.34965793,-121.93635145,648.807,1.248,-0.077,0.0,72.366,5.169,0.163,9554566.701,1746718.367
2024-10-23 16:00:32,52.0,37.34965064,-121.93636045999999,649.961,1.144,-0.11200000000000002,0.0,72.411,4.921,0.186,9554567.93,1746719.198
2024-10-23 16:00:33,52.0,37.34964172,-121.93636724000001,651.14,1.1569999999999998,0.018,0.0,72.454,5.003,0.185,9554569.101,1746720.211
2024-10-23 16:00:34,52.0,37.34963146,-121.93637355999999,652.432,1.271,0.10500000000000001,0.0,72.514,6.468999999999999,0.265,9554570.333,1746721.3760000002
2024-10-23 16:00:35,52.0,37.34962862,-121.93637647,653.266,0.5780000000000001,-0.729,0.0,72.564,2.121,0.137,9554570.765999999,1746721.698
2024-10-23 16:00:36,52.0,37.349631120000005,-121.93638329000001,654.043,0.729,0.19,0.0,72.601,3.407,0.20400000000000001,9554571.124,1746721.4259999997
2024-10-23 16:00:37,52.0,37.34962437,-121.936385,654.899,0.849,0.194,0.0,72.661,4.668,0.20299999999999999,9554571.742,1746722.1870000002
2024-10-23 16:00:38,52.0,37.34962501,-121.93639032000002,655.5550000000001,0.513,-0.379,0.0,72.7,2.929,0.14200000000000002,9554572.115,1746722.122
2024-10-23 16:00:39,52.0,37.34962316,-121.93639415,656.053,0.421,-0.081,0.0,72.72999999999999,1.396,0.1,9554572.546,1746722.337
2024-10-23 16:00:40,52.0,37.34962401,-121.93639454,656.237,0.147,-0.309,0.0,72.748,0.6599999999999999,0.063,9554572.52,1746722.2399999998
2024-10-23 16:00:41,52.0,37.34962486,-121.93639494000001,656.2769999999999,0.05600000000000001,-0.095,0.0,72.76599999999999,0.252,0.078,9554572.491,1746722.1439999999
2024-10-23 16:00:42,52.0,37.34962426,-121.93639416,656.456,0.137,0.077,0.0,72.785,0.609,0.075,9554572.470999999,1746722.213
2024-10-23 16:00:43,52.0,37.34962134,-121.93639138,656.817,0.192,0.06699999999999999,0.0,72.80799999999999,0.834,0.10500000000000001,9554572.459,1746722.537
2024-10-23 16:00:44,52.0,37.34962173,-121.93638954000001,657.092,0.277,0.079,0.0,72.837,1.278,0.119,9554572.287,1746722.491
2024-10-23 16:00:45,52.0,37.34961999,-121.93638967,657.388,0.20400000000000001,-0.09,0.0,72.862,0.9359999999999999,0.083,9554572.422,1746722.6870000002
2024-10-23 16:00:46,52.0,37.34961809,-121.93639103999999,657.697,0.189,0.001999999999999999,0.0,72.876,0.745,0.052000000000000005,9554572.666,1746722.9009999998
2024-10-23 16:00:47,52.0,37.3496178,-121.93639189999999,657.793,0.035,-0.159,0.0,72.894,0.16899999999999998,0.078,9554572.753,1746722.9349999998
2024-10-23 16:00:48,52.0,37.34961575,-121.93639101,658.0840000000001,0.124,0.092,0.0,72.917,0.5589999999999999,0.10900000000000001,9554572.831,1746723.164
2024-10-23 16:00:49,52.0,37.34961572,-121.93639327999999,658.3009999999999,0.227,0.11499999999999999,0.0,72.946,0.9970000000000001,0.101,9554573.011,1746723.17
2024-10-23 16:00:50,52.0,37.34961388,-121.93639396,658.557,0.16,-0.10300000000000001,0.0,72.975,0.8130000000000001,0.21800000000000003,9554573.195,1746723.379
2024-10-23 16:00:51,52.0,37.34961048,-121.93639462000002,659.015,0.267,0.126,0.0,73.04400000000001,1.179,0.233,9554573.492,1746723.761
2024-10-23 16:00:52,52.0,37.349608440000004,-121.93640092999999,659.677,0.5890000000000001,0.316,0.0,73.101,3.1149999999999998,0.253,9554574.136,1746724.0
2024-10-23 16:00:53,52.0,37.34960444,-121.93640809000001,660.493,0.759,0.199,0.0,73.174,3.3920000000000003,0.29500000000000004,9554574.985,1746724.459
2024-10-23 16:00:54,52.0,37.349600679999995,-121.93641327999998,661.147,0.584,-0.179,0.0,73.224,2.147,0.145,9554575.662,1746724.891
2024-10-23 16:00:55,52.0,37.34960068,-121.93641557999999,661.572,0.325,-0.281,0.0,73.272,1.35,0.229,9554575.841,1746724.8919999998
2024-10-23 16:00:56,52.0,37.3496004,-121.93641388,661.75,0.191,-0.13399999999999998,0.0,73.318,0.795,0.127,9554575.73,1746724.92
2024-10-23 16:00:57,52.0,37.34959988,-121.93641381,661.75,0.046,-0.149,0.0,73.35,0.198,0.14200000000000002,9554575.762,1746724.982
2024-10-23 16:00:58,52.0,37.34959944,-121.93641398,661.75,0.056999999999999995,0.023,0.0,73.386,0.251,0.134,9554575.805,1746725.031
2024-10-23 16:00:59,52.0,37.349599489999996,-121.93641389,661.8340000000001,0.088,0.022,0.0,73.42,0.386,0.136,9554575.796,1746725.025
2024-10-23 16:01:00,52.0,37.34959902,-121.93641491000001,662.037,0.164,0.05700000000000001,0.0,73.473,0.9199999999999999,0.41200000000000003,9554575.908,1746725.079
2024-10-23 16:01:01,52.0,37.349596070000004,-121.93642355,662.971,0.914,0.782,0.0,73.586,5.538,0.365,9554576.8,1746725.4219999998
2024-10-23 16:01:02,52.0,37.34959442,-121.93643409,664.022,1.0,0.10499999999999998,0.0,73.666,4.016,0.24,9554577.747,1746725.622
2024-10-23 16:01:03,52.0,37.34960049,-121.93644266999999,665.107,1.084,0.05600000000000001,0.0,73.711,5.122,0.179,9554577.989,1746724.952
2024-10-23 16:01:04,52.0,37.34961064,-121.93644483,666.277,1.198,0.125,0.0,73.75800000000001,5.536,0.189,9554577.434,1746723.8129999998
2024-10-23 16:01:05,52.0,37.34962085,-121.93644319,667.4399999999999,1.185,-0.009,0.0,73.806,4.89,0.18,9554576.577,1746722.663
2024-10-23 16:01:06,52.0,37.349629390000004,-121.93643870999999,668.491,1.0470000000000002,-0.135,0.0,73.844,4.042,0.151,9554575.613,1746721.6949999998
2024-10-23 16:01:07,52.0,37.34963507,-121.93643639,669.242,0.7030000000000001,-0.37,0.0,73.88300000000001,2.6990000000000003,0.128,9554575.024,1746721.053
2024-10-23 16:01:08,52.0,37.34963543,-121.93644214000001,670.0260000000001,0.604,-0.124,0.0,73.915,3.1439999999999997,0.16299999999999998,9554575.453,1746721.0219999999
2024-10-23 16:01:09,52.0,37.34963623,-121.93644834,670.768,0.635,0.086,0.0,74.038,2.257,1.017,9554575.883,1746720.94
2024-10-23 16:01:10,52.0,37.34963725,-121.93643539,672.145,1.31,0.572,0.0,74.35499999999999,17.832,1.402,9554574.789,1746720.809
2024-10-23 16:01:11,52.0,37.34964539,-121.93640497999999,675.038,2.9899999999999998,1.8359999999999999,0.0,74.688,18.017,1.283,9554571.813,1746719.8509999998
2024-10-23 16:01:12,52.0,37.34965615,-121.93637955,677.62,2.584,-0.441,0.0,75.049,7.081,1.489,9554569.040000001,1746718.606
2024-10-23 16:01:13,52.0,37.3496665,-121.93636762000001,679.214,1.592,-1.032,0.0,75.337,3.853,0.595,9554567.361,1746717.423
2024-10-23 16:01:14,52.0,37.349673089999996,-121.93636483999998,680.0699999999999,0.8,-0.7979999999999999,0.0,75.421,2.731,0.576,9554566.673,1746716.6800000002
2024-10-23 16:01:15,52.0,37.34967376,-121.93636360999999,680.518,0.343,-0.496,0.0,75.671,1.563,0.818,9554566.528,1746716.6030000001
2024-10-23 16:01:16,52.0,37.34967604,-121.93635823,681.172,0.592,0.266,0.0,75.765,3.128,0.381,9554565.940000001,1746716.3399999999
2024-10-23 16:01:17,52.0,37.34968187,-121.93634668,682.404,1.2289999999999999,0.659,0.0,75.904,7.348000000000001,0.505,9554564.614,1746715.668
2024-10-23 16:01:18,52.0,37.349685750000006,-121.9363335,683.676,1.2730000000000001,0.092,0.0,75.993,4.429,0.277,9554563.298,1746715.2140000002
2024-10-23 16:01:19,52.0,37.34968421,-121.93632540000002,684.499,0.7969999999999999,-0.532,0.0,76.043,3.2049999999999996,0.141,9554562.771,1746715.3760000002
2024-10-23 16:01:20,52.0,37.34967709,-121.93632092,685.437,0.905,0.089,0.0,76.08,4.984,0.23399999999999999,9554562.928,1746716.17
2024-10-23 16:01:21,52.0,37.34966544,-121.9363204,686.79,1.3519999999999999,0.492,0.0,76.19,6.476999999999999,0.597,9554563.717,1746717.4789999998
2024-10-23 16:01:22,52.0,37.34965555,-121.93631905,687.921,1.1179999999999999,-0.24100000000000002,0.0,76.32300000000001,4.021,0.7889999999999999,9554564.319,1746718.588
2024-10-23 16:01:23,52.0,37.34965163,-121.9363138,688.729,0.741,-0.40199999999999997,0.0,76.57,2.783,0.5690000000000001,9554564.184999999,1746719.023
2024-10-23 16:01:24,52.0,37.349652930000005,-121.93630501,689.595,0.857,0.148,0.0,76.631,3.819,0.274,9554563.399,1746718.8649999998
2024-10-23 16:01:25,52.0,37.34964832,-121.93630685999999,690.52,0.771,-0.147,0.0,76.749,5.493,0.65,9554563.876,1746719.3850000002
2024-10-23 16:01:26,52.0,37.34964379,-121.93632715999999,692.433,2.025,1.3279999999999998,0.0,76.977,13.791,1.136,9554565.798999999,1746719.923
2024-10-23 16:01:27,52.0,37.34963987,-121.93634698999999,694.257,1.794,-0.22999999999999998,0.0,77.197,6.308,0.5509999999999999,9554567.639,1746720.3920000002
2024-10-23 16:01:28,52.0,37.34963435,-121.9363611,695.782,1.46,-0.34700000000000003,0.0,77.348,4.732,0.759,9554569.145,1746721.0320000001
2024-10-23 16:01:29,52.0,37.34962414,-121.93635825999999,697.087,1.2610000000000001,-0.227,0.0,77.575,6.354,1.0130000000000001,9554569.651999999,1746722.177
2024-10-23 16:01:30,52.0,37.34960809,-121.93635404,698.995,1.877,0.632,0.0,77.822,12.459999999999999,1.042,9554570.466,1746723.975
2024-10-23 16:01:31,52.0,37.34958906,-121.93635395999999,701.125,2.163,0.314,0.0,78.117,8.885000000000002,1.353,9554571.819,1746726.1149999998
2024-10-23 16:01:32,52.0,37.34957437,-121.93635939999999,702.888,1.7329999999999999,-0.454,0.0,78.426,5.379,0.743,9554573.297,1746727.7740000002
2024-10-23 16:01:33,52.0,37.34956692,-121.93637211000001,704.3520000000001,1.417,-0.35700000000000004,0.0,78.514,6.298,0.271,9554574.831,1746728.6309999998
2024-10-23 16:01:34,52.0,37.34956118,-121.93638676,705.823,1.458,0.091,0.0,78.62,5.752,0.564,9554576.394,1746729.296
2024-10-23 16:01:35,52.0,37.34955855,-121.93639821,706.92,1.0450000000000002,-0.41200000000000003,0.0,78.75699999999999,3.75,0.647,9554577.483,1746729.607
2024-10-23 16:01:36,52.0,37.34955771,-121.93639653999999,707.707,0.5469999999999999,-0.571,0.0,78.92,2.995,0.385,9554577.412,1746729.7010000001
2024-10-23 16:01:37,52.0,37.34956691,-121.93638676999998,709.142,1.459,0.9490000000000001,0.0,79.038,10.787,0.884,9554575.987,1746728.6489999997
2024-10-23 16:01:38,52.0,37.349579410000004,-121.93638009000001,710.699,1.6059999999999999,0.24,0.0,79.312,4.896,1.1099999999999999,9554574.568,1746727.236
2024-10-23 16:01:39,52.0,37.349575709999996,-121.93639006000001,712.318,1.291,-0.46299999999999997,0.0,79.578,14.496,1.065,9554575.617,1746727.666
2024-10-23 16:01:40,52.0,37.3495672,-121.93641253000001,714.559,2.322,1.166,0.0,79.85499999999999,9.931000000000001,1.1179999999999999,9554577.993999999,1746728.6530000002
2024-10-23 16:01:41,52.0,37.34956638,-121.93642978999999,716.134,1.579,-0.766,0.0,80.127,4.024,0.986,9554579.414,1746728.7710000002
2024-10-23 16:01:42,52.0,37.34956914,-121.93643703999999,716.889,0.7230000000000001,-0.898,0.0,80.30499999999999,2.169,0.533,9554579.789,1746728.469
2024-10-23 16:01:43,52.0,37.34956676,-121.93644083,717.512,0.483,-0.294,0.0,80.461,3.3200000000000003,0.7310000000000001,9554580.253,1746728.743
2024-10-23 16:01:44,52.0,37.34956373,-121.93645071,718.5,1.0130000000000001,0.6359999999999999,0.0,80.648,4.226999999999999,0.528,9554581.249,1746729.0969999998
2024-10-23 16:01:45,52.0,37.34956691,-121.93645531,719.2389999999999,0.6679999999999999,-0.40099999999999997,0.0,80.72,3.085,0.185,9554581.384,1746728.7449999999
2024-10-23 16:01:46,52.0,37.34957472,-121.93645659,720.145,0.95,0.286,0.0,80.759,4.589,0.161,9554580.927000001,1746727.8690000002
2024-10-23 16:01:47,52.0,37.349583089999996,-121.93645918,721.129,1.011,0.071,0.0,80.801,4.3839999999999995,0.153,9554580.533,1746726.9309999999
2024-10-23 16:01:48,52.0,37.34959125,-121.93646322,722.1229999999999,0.999,-0.023,0.0,80.836,4.3740000000000006,0.146,9554580.268000001,1746726.02
2024-10-23 16:01:49,52.0,37.349598889999996,-121.9364654,723.017,0.8949999999999999,-0.099,0.0,80.875,3.5789999999999997,0.152,9554579.893000001,1746725.164
2024-10-23 16:01:50,52.0,37.34960568,-121.93646384000002,723.821,0.789,-0.10800000000000001,0.0,80.908,3.308,0.123,9554579.285,1746724.3960000002
2024-10-23 16:01:51,52.0,37.349611929999995,-121.93646091999999,724.61,0.784,-0.0030000000000000005,0.0,80.938,3.367,0.11100000000000002,9554578.611,1746723.691
2024-10-23 16:01:52,52.0,37.34961738,-121.93645683,725.355,0.738,-0.037,0.0,80.963,3.077,0.10600000000000001,9554577.896000002,1746723.071
2024-10-23 16:01:53,52.0,37.349620900000005,-121.93645312999999,725.958,0.55,-0.187,0.0,80.995,2.112,0.129,9554577.355,1746722.671
2024-10-23 16:01:54,52.0,37.349618989999996,-121.93644918,726.542,0.475,-0.087,0.0,81.022,2.247,0.10700000000000001,9554577.179,1746722.879
2024-10-23 16:01:55,52.0,37.34961606,-121.93644428,727.168,0.587,0.11100000000000002,0.0,81.051,2.7239999999999998,0.14100000000000001,9554577.004999999,1746723.2030000002
2024-10-23 16:01:56,52.0,37.3496143,-121.93643834,727.828,0.607,0.027000000000000003,0.0,81.092,2.4699999999999998,0.192,9554576.662999999,1746723.394
2024-10-23 16:01:57,52.0,37.34961462,-121.93644248999999,728.617,0.643,-0.059,0.0,81.193,6.304,0.6689999999999999,9554576.965,1746723.3649999998
2024-10-23 16:01:58,52.0,37.34961504,-121.9364599,730.2090000000001,1.65,1.163,0.0,81.42699999999999,7.718999999999999,1.197,9554578.308,1746723.3399999999
2024-10-23 16:01:59,52.0,37.34961954,-121.93645166000002,731.825,1.2970000000000002,-0.505,0.0,81.71000000000001,17.225,1.2710000000000001,9554577.337000001,1746722.822
2024-10-23 16:02:00,52.0,37.349630680000004,-121.93642032,734.888,3.103,1.9149999999999998,0.0,82.142,24.131999999999998,1.8800000000000001,9554574.072,1746721.5240000002
2024-10-23 16:02:01,52.0,37.349645300000006,-121.93638552,738.434,3.53,0.47700000000000004,0.0,82.61,14.053,1.783,9554570.287,1746719.8329999999
2024-10-23 16:02:02,52.0,37.34964993,-121.93635311,741.408,2.94,-0.6609999999999999,0.0,83.011,9.655,1.573,9554567.403,1746719.269
2024-10-23 16:02:03,52.0,37.34965794,-121.93632806999999,743.8199999999999,2.3899999999999997,-0.538,0.0,83.405,6.978999999999999,1.482,9554564.86,1746718.3329999999
2024-10-23 16:02:04,52.0,37.34966619,-121.93631540000001,745.3349999999999,1.4460000000000002,-0.951,0.0,83.681,3.707,0.6,9554563.27,1746717.389
2024-10-23 16:02:05,52.0,37.3496728,-121.93631585,746.2090000000001,0.8220000000000001,-0.636,0.0,83.753,2.804,0.13799999999999998,9554562.834,1746716.6460000002
2024-10-23 16:02:06,52.0,37.349671490000006,-121.93632247000001,746.894,0.73,-0.097,0.0,83.783,3.686,0.134,9554563.45,1746716.802
2024-10-23 16:02:07,52.0,37.34966527,-121.93632661,747.729,0.8709999999999999,0.159,0.0,83.818,4.021,0.142,9554564.22,1746717.508
2024-10-23 16:02:08,52.0,37.34965715,-121.93632761,748.683,0.9789999999999999,0.11200000000000002,0.0,83.854,4.276,0.13,9554564.879,1746718.42
2024-10-23 16:02:09,52.0,37.34964944,-121.93632602,749.605,0.922,-0.062,0.0,83.886,3.88,0.127,9554565.304,1746719.287
2024-10-23 16:02:10,52.0,37.349643889999996,-121.93632206,750.357,0.747,-0.16299999999999998,0.0,83.91900000000001,2.752,0.217,9554565.39,1746719.9070000001
2024-10-23 16:02:11,52.0,37.34964877,-121.9363173,751.357,0.852,0.038,0.0,84.015,6.3759999999999994,0.5389999999999999,9554564.665000001,1746719.3509999998
2024-10-23 16:02:12,52.0,37.34966376,-121.93631988,753.091,1.737,0.9640000000000001,0.0,84.182,9.575,0.796,9554563.797,1746717.668
2024-10-23 16:02:13,52.0,37.34967903,-121.93632683999999,754.92,1.8050000000000002,0.06,0.0,84.38300000000001,7.49,0.8039999999999999,9554563.253,1746715.9600000002
2024-10-23 16:02:14,52.0,37.349688809999996,-121.93633513,756.313,1.342,-0.438,0.0,84.59400000000001,3.779,0.639,9554563.209,1746714.871
2024-10-23 16:02:15,52.0,37.34969076,-121.93633252,756.976,0.503,-0.922,0.0,84.676,1.9609999999999999,0.191,9554562.863,1746714.648
2024-10-23 16:02:16,52.0,37.34968513,-121.93633187999998,757.678,0.7030000000000001,0.22000000000000003,0.0,84.724,3.508,0.177,9554563.215,1746715.2820000001
2024-10-23 16:02:17,52.0,37.34967873,-121.93633345999999,758.441,0.7889999999999999,0.11000000000000001,0.0,84.757,3.3869999999999996,0.11400000000000002,9554563.797,1746716.003
2024-10-23 16:02:18,52.0,37.34967251,-121.93633727,759.2470000000001,0.8099999999999999,0.022,0.0,84.786,3.469,0.137,9554564.541,1746716.7059999998
2024-10-23 16:02:19,52.0,37.34966798,-121.93634114,759.933,0.639,-0.168,0.0,84.829,2.493,0.17200000000000001,9554565.171,1746717.2219999998
2024-10-23 16:02:20,52.0,37.34966534,-121.9363474,760.653,0.662,0.004999999999999999,0.0,84.869,3.2700000000000005,0.175,9554565.851,1746717.5280000002
2024-10-23 16:02:21,52.0,37.34966191,-121.93635133000001,761.35,0.641,0.017000000000000005,0.0,84.91499999999999,2.373,0.24,9554566.407,1746717.9189999998
2024-10-23 16:02:22,52.0,37.34966698,-121.93634486,762.4069999999999,0.883,0.22999999999999998,0.0,85.032,6.1339999999999995,0.792,9554565.534,1746717.3399999999
2024-10-23 16:02:23,52.0,37.34967152,-121.93633598,763.461,1.004,0.141,0.0,85.237,3.684,0.507,9554564.512,1746716.818
2024-10-23 16:02:24,52.0,37.34966853,-121.93632528999998,764.5260000000001,1.003,-0.075,0.0,85.339,5.67,0.735,9554563.882000001,1746717.137
2024-10-23 16:02:25,52.0,37.34965396,-121.93630920999999,766.7940000000001,2.268,1.2730000000000001,0.0,85.60900000000001,23.136,1.231,9554563.658,1746718.753
2024-10-23 16:02:26,52.0,37.34962696,-121.93630207000001,769.918,3.21,1.034,0.0,85.958,14.897,1.706,9554565.025,1746721.7829999998
2024-10-23 16:02:27,52.0,37.34961404,-121.93629882,771.928,1.6239999999999999,-1.5859999999999999,0.0,86.328,6.598999999999999,0.99,9554565.691,1746723.23
2024-10-23 16:02:28,52.0,37.34962661,-121.93630590000001,773.5699999999999,1.656,-0.16099999999999998,0.0,86.545,14.776,0.866,9554565.351,1746721.8260000001
2024-10-23 16:02:29,52.0,37.34964143,-121.93632052000001,775.679,2.152,0.6769999999999999,0.0,86.808,9.206999999999999,1.158,9554565.444,1746720.178
2024-10-23 16:02:30,52.0,37.3496526,-121.93633768,777.6690000000001,1.9460000000000002,-0.278,0.0,87.025,8.706999999999999,0.653,9554565.997,1746718.9489999998
2024-10-23 16:02:31,52.0,37.349663629999995,-121.93635468,779.632,2.013,0.11600000000000002,0.0,87.24,7.587999999999999,0.99,9554566.547,1746717.7289999998
2024-10-23 16:02:32,52.0,37.349671310000005,-121.93636694,781.067,1.403,-0.657,0.0,87.462,4.699,0.6950000000000001,9554566.964,1746716.8830000001
2024-10-23 16:02:33,52.0,37.34966945,-121.93638161999999,782.4680000000001,1.376,-0.03699999999999999,0.0,87.572,6.897,0.298,9554568.254,1746717.114
2024-10-23 16:02:34,52.0,37.3496626,-121.93639275999999,783.75,1.357,0.064,0.0,87.671,4.701,0.533,9554569.622,1746717.9
2024-10-23 16:02:35,52.0,37.34966315,-121.93639119,784.3610000000001,0.42800000000000005,-1.012,0.0,87.782,2.002,0.612,9554569.456999999,1746717.834
2024-10-23 16:02:36,52.0,37.34966445,-121.93639043,785.037,0.503,0.038,0.0,88.06800000000001,3.22,1.285,9554569.305,1746717.6870000002
2024-10-23 16:02:37,52.0,37.34966748,-121.93640746999999,786.662,1.6350000000000002,1.198,0.0,88.351,11.336,0.986,9554570.43,1746717.3690000002
2024-10-23 16:02:38,52.0,37.34966686,-121.93641963,787.8489999999999,1.09,-0.48900000000000005,0.0,88.518,2.643,0.346,9554571.432,1746717.4559999998
2024-10-23 16:02:39,52.0,37.349661850000004,-121.93641823,788.604,0.745,-0.438,0.0,88.572,3.586,0.185,9554571.681,1746718.0170000002
2024-10-23 16:02:40,52.0,37.34966015,-121.93640975999999,789.425,0.85,0.146,0.0,88.612,3.8299999999999996,0.148,9554571.135,1746718.197
2024-10-23 16:02:41,52.0,37.349660390000004,-121.93640113,790.23,0.8029999999999999,-0.045,0.0,88.644,3.2479999999999998,0.10900000000000001,9554570.438,1746718.1579999998
2024-10-23 16:02:42,52.0,37.34966101,-121.93639383,790.926,0.678,-0.135,0.0,88.671,2.788,0.11100000000000002,9554569.818,1746718.0780000002
2024-10-23 16:02:43,52.0,37.3496605,-121.93638759000001,791.55,0.5810000000000001,-0.083,0.0,88.69800000000001,2.355,0.088,9554569.363,1746718.1259999997
2024-10-23 16:02:44,52.0,37.349662030000005,-121.93638074,792.244,0.641,0.045,0.0,88.725,3.128,0.151,9554568.714,1746717.9449999998
2024-10-23 16:02:45,52.0,37.34966259,-121.93637231,793.052,0.778,0.155,0.0,88.761,3.468,0.132,9554568.009,1746717.871
2024-10-23 16:02:46,52.0,37.349662460000005,-121.93636521,793.744,0.639,-0.15,0.0,88.792,2.484,0.10200000000000001,9554567.459,1746717.875
2024-10-23 16:02:47,52.0,37.34966281,-121.93636604000001,794.246,0.384,-0.302,0.0,88.815,1.8940000000000001,0.11300000000000002,9554567.501,1746717.836
2024-10-23 16:02:48,52.0,37.34966046,-121.93637428,795.053,0.818,0.465,0.0,88.849,4.346,0.16699999999999998,9554568.318,1746718.113
2024-10-23 16:02:49,52.0,37.34965958,-121.93638254,795.918,0.819,0.028000000000000008,0.0,88.905,2.9899999999999998,0.323,9554569.031,1746718.2240000002
2024-10-23 16:02:50,52.0,37.349662280000004,-121.93638268,796.539,0.472,-0.375,0.0,89.12100000000001,1.9940000000000002,1.582,9554568.849,1746717.921
2024-10-23 16:02:51,52.0,37.3496553,-121.9363918,797.983,1.286,0.799,0.0,89.49,13.99,1.117,9554570.066,1746718.719
2024-10-23 16:02:52,52.0,37.3496351,-121.93639577000002,800.336,2.455,1.2730000000000001,0.0,89.768,12.187999999999999,1.203,9554571.822,1746720.9949999999
2024-10-23 16:02:53,52.0,37.34961935,-121.93639608000001,802.1279999999999,1.779,-0.708,0.0,90.07000000000001,4.3149999999999995,1.1099999999999999,9554572.971,1746722.765
2024-10-23 16:02:54,52.0,37.34961561,-121.93638963000001,803.244,0.9720000000000001,-0.899,0.0,90.274,4.34,0.545,9554572.733,1746723.177
2024-10-23 16:02:55,52.0,37.34961731,-121.93638565,804.0409999999999,0.6849999999999999,-0.248,0.0,90.435,2.536,0.791,9554572.296,1746722.9829999998
2024-10-23 16:02:56,52.0,37.34961262,-121.93639684,805.2239999999999,1.239,0.549,0.0,90.659,7.611,0.951,9554573.514,1746723.523
2024-10-23 16:02:57,52.0,37.34961356,-121.93640845,806.4739999999999,1.137,-0.06799999999999999,0.0,90.886,5.412000000000001,0.8370000000000001,9554574.361,1746723.435
2024-10-23 16:02:58,52.0,37.34962317,-121.93641370999998,807.817,1.2269999999999999,0.062,0.0,91.05499999999999,5.536,0.43200000000000005,9554574.087000001,1746722.3620000002
2024-10-23 16:02:59,52.0,37.349636170000004,-121.93640602999999,809.46,1.611,0.396,0.0,91.135,8.591,0.457,9554572.552,1746720.891
2024-10-23 16:03:00,52.0,37.34964763000001,-121.93639777000001,810.996,1.525,-0.07200000000000001,0.0,91.326,5.6259999999999994,0.978,9554571.084999999,1746719.5890000002
2024-10-23 16:03:01,52.0,37.34964948,-121.93639092999999,812.331,1.058,-0.5349999999999999,0.0,91.59400000000001,5.005000000000001,1.114,9554570.414,1746719.372
2024-10-23 16:03:02,52.0,37.34963039,-121.93637793,814.802,2.548,1.508,0.0,91.882,26.156,1.267,9554570.753999999,1746721.4990000003
2024-10-23 16:03:03,52.0,37.34960888,-121.93636144,817.61,2.883,0.45899999999999996,0.0,92.237,9.35,1.513,9554570.993,1746723.8960000002
2024-10-23 16:03:04,52.0,37.349598459999996,-121.93634893000001,819.265,1.6059999999999999,-1.376,0.0,92.521,3.746,0.611,9554570.752,1746725.05
2024-10-23 16:03:05,52.0,37.34959389,-121.93634161,820.1869999999999,0.8780000000000001,-0.75,0.0,92.612,3.002,0.23199999999999998,9554570.502,1746725.5550000002
2024-10-23 16:03:06,52.0,37.34958763,-121.93634434,820.99,0.8009999999999999,-0.061,0.0,92.659,3.8310000000000004,0.177,9554571.162999999,1746726.2629999998
2024-10-23 16:03:07,52.0,37.34958204,-121.93635007,821.8489999999999,0.853,0.062,0.0,92.699,3.839,0.11699999999999999,9554572.014,1746726.901
2024-10-23 16:03:08,52.0,37.34957705,-121.93635145,822.484,0.641,-0.202,0.0,92.727,2.169,0.13,9554572.481999999,1746727.463
2024-10-23 16:03:09,52.0,37.349574610000005,-121.93635505,823.027,0.5,-0.178,0.0,92.764,2.517,0.143,9554572.937,1746727.741
2024-10-23 16:03:10,52.0,37.349572699999996,-121.93636265,823.7710000000001,0.762,0.29700000000000004,0.0,92.797,3.433,0.162,9554573.673,1746727.9670000002
2024-10-23 16:03:11,52.0,37.34957268,-121.93636785000001,824.323,0.48200000000000004,-0.28300000000000003,0.0,92.846,1.7120000000000002,0.20400000000000001,9554574.084,1746727.975
2024-10-23 16:03:12,52.0,37.34957516,-121.93637258000001,824.8700000000001,0.54,0.022,0.0,92.897,2.907,0.313,9554574.278,1746727.705
2024-10-23 16:03:13,52.0,37.34957723,-121.93638103,825.78,0.8470000000000001,0.321,0.0,93.019,4.6240000000000006,0.595,9554574.796,1746727.4829999998
2024-10-23 16:03:14,52.0,37.34957156,-121.93640107000002,827.7090000000001,1.9649999999999999,1.115,0.0,93.205,17.244,1.033,9554576.78,1746728.148
2024-10-23 16:03:15,52.0,37.34956107,-121.93642969,830.515,2.851,0.9470000000000001,0.0,93.51599999999999,16.124000000000002,1.357,9554579.785,1746729.366
2024-10-23 16:03:16,52.0,37.34955008,-121.93646036,833.5049999999999,2.997,0.11599999999999999,0.0,93.896,12.998,1.576,9554582.987,1746730.6460000002
2024-10-23 16:03:17,52.0,37.34953903,-121.93649196999999,836.5799999999999,3.066,0.041,0.0,94.239,14.862,1.21,9554586.265,1746731.9309999999
2024-10-23 16:03:18,52.0,37.349527030000004,-121.93652784999999,840.0380000000001,3.4850000000000003,0.42000000000000004,0.0,94.537,21.287,1.2109999999999999,9554589.947,1746733.33
2024-10-23 16:03:19,52.0,37.34951324,-121.93656843,843.957,3.9539999999999997,0.497,0.0,94.865,19.824,1.4929999999999999,9554594.129999999,1746734.9370000002
2024-10-23 16:03:20,52.0,37.34949919,-121.93660961,847.941,3.982,0.023,0.0,95.272,16.375999999999998,1.659,9554598.377,1746736.573
2024-10-23 16:03:21,52.0,37.34948433,-121.93664906,851.823,3.8609999999999998,-0.132,0.0,95.687,15.559999999999999,1.7100000000000002,9554602.546,1746738.2989999999
2024-10-23 16:03:22,52.0,37.34947008,-121.9366857,855.4469999999999,3.6049999999999995,-0.254,0.0,96.122,13.088,1.7440000000000002,9554606.449,1746739.951
2024-10-23 16:03:23,52.0,37.349456579999995,-121.93671975,858.8290000000001,3.35,-0.269,0.0,96.542,12.979,1.6260000000000001,9554610.097,1746741.518
2024-10-23 16:03:24,52.0,37.34944365,-121.93675197,862.0440000000001,3.1879999999999997,-0.15,0.0,96.94500000000001,12.589,1.591,9554613.556,1746743.014
2024-10-23 16:03:25,52.0,37.349432469999996,-121.93678213999999,865.01,2.94,-0.248,0.0,97.326,10.525,1.396,9554616.734000001,1746744.3129999998
2024-10-23 16:03:26,52.0,37.349425960000005,-121.93680228000001,867.311,2.05,-0.7849999999999999,0.0,97.644,6.279,1.083,9554618.786,1746745.0739999998
2024-10-23 16:03:27,52.0,37.34943431,-121.93678552000002,869.5260000000001,1.895,-0.34,0.0,97.89099999999999,26.085,1.069,9554616.867,1746744.111
2024-10-23 16:03:28,52.0,37.34944638,-121.93674902000001,873.043,3.592,1.826,0.0,98.19800000000001,24.644,1.402,9554613.131000001,1746742.704
2024-10-23 16:03:29,52.0,37.34945975,-121.93670834,876.9549999999999,3.964,0.34900000000000003,0.0,98.592,18.134999999999998,1.691,9554608.973,1746741.143
2024-10-23 16:03:30,52.0,37.34947386,-121.93666834999999,880.842,3.8810000000000002,-0.10400000000000001,0.0,99.002,15.721,1.534,9554604.811999999,1746739.503
2024-10-23 16:03:31,52.0,37.34948806,-121.93662957,884.633,3.774,-0.11600000000000002,0.0,99.38199999999999,15.238999999999999,1.6300000000000001,9554600.743,1746737.852
2024-10-23 16:03:32,52.0,37.34950088,-121.93659290000001,888.195,3.56,-0.209,0.0,99.812,13.248,1.7600000000000002,9554596.939,1746736.36
2024-10-23 16:03:33,52.0,37.34951306,-121.93656035,891.3969999999999,3.193,-0.37,0.0,100.26,10.761,1.768,9554593.506000001,1746734.9449999998
2024-10-23 16:03:34,52.0,37.349523399999995,-121.93653239,894.142,2.741,-0.45099999999999996,0.0,100.675,9.147,1.582,9554590.564,1746733.7449999999
2024-10-23 16:03:35,52.0,37.349531209999995,-121.93650915,896.392,2.2399999999999998,-0.504,0.0,101.053,7.132,1.4789999999999999,9554588.177,1746732.8350000002
2024-10-23 16:03:36,52.0,37.34953727,-121.93649165,898.1110000000001,1.6969999999999998,-0.549,0.0,101.39,5.369,0.8539999999999999,9554586.365,1746732.1309999998
2024-10-23 16:03:37,52.0,37.34954309,-121.93647858,899.4590000000001,1.315,-0.395,0.0,101.485,5.131,0.202,9554584.92,1746731.457
2024-10-23 16:03:38,52.0,37.34954815,-121.93646619,900.702,1.22,-0.086,0.0,101.533,5.1450000000000005,0.183,9554583.581999999,1746730.8699999999
2024-10-23 16:03:39,52.0,37.34955269,-121.93645427000001,901.882,1.154,-0.05600000000000001,0.0,101.577,4.752000000000001,0.16999999999999998,9554582.318,1746730.344
2024-10-23 16:03:40,52.0,37.34955743,-121.93644432,902.927,1.009,-0.147,0.0,101.615,4.03,0.148,9554581.195999999,1746729.795
2024-10-23 16:03:41,52.0,37.349561519999995,-121.93643583000001,903.824,0.869,-0.139,0.0,101.65,3.4579999999999997,0.147,9554580.236,1746729.3260000001
2024-10-23 16:03:42,52.0,37.34956432,-121.93642876999999,904.542,0.6990000000000001,-0.14700000000000002,0.0,101.687,2.666,0.122,9554579.48,1746728.9989999998
2024-10-23 16:03:43,52.0,37.3495669,-121.93642577,904.958,0.367,-0.378,0.0,101.726,1.643,0.201,9554579.058,1746728.705
2024-10-23 16:03:44,52.0,37.34957028,-121.93641794,905.7950000000001,0.8230000000000001,0.487,0.0,101.774,4.6049999999999995,0.155,9554578.201000001,1746728.315
2024-10-23 16:03:45,52.0,37.349572869999996,-121.93641545999999,906.2149999999999,0.377,-0.42800000000000005,0.0,101.8,1.067,0.098,9554577.82,1746728.02
2024-10-23 16:03:46,52.0,37.34957414,-121.93641520999999,906.366,0.123,-0.32799999999999996,0.0,101.833,0.599,0.141,9554577.711,1746727.8769999999
2024-10-23 16:03:47,52.0,37.3495753,-121.93641636,906.749,0.325,0.242,0.0,101.863,1.524,0.11500000000000002,9554577.716,1746727.7489999998
2024-10-23 16:03:48,52.0,37.34957696,-121.93642083,907.207,0.418,0.08499999999999999,0.0,101.90599999999999,2.163,0.321,9554577.952,1746727.5670000003
2024-10-23 16:03:49,52.0,37.34957612,-121.9364286,907.9799999999999,0.746,0.34900000000000003,0.0,101.981,3.425,0.178,9554578.624,1746727.673
2024-10-23 16:03:50,52.0,37.3495744,-121.93643641999999,908.74,0.74,-0.005,0.0,102.019,3.184,0.14200000000000002,9554579.362,1746727.8769999999
2024-10-23 16:03:51,52.0,37.34957344,-121.93644328,909.4200000000001,0.665,-0.08399999999999999,0.0,102.053,2.754,0.12,9554579.971,1746727.9949999999
2024-10-23 16:03:52,52.0,37.34957309,-121.93644927,910.042,0.6060000000000001,-0.047,0.0,102.079,2.4699999999999998,0.10600000000000001,9554580.468,1746728.0420000001
2024-10-23 16:03:53,52.0,37.34957573,-121.93645231,910.528,0.42300000000000004,-0.199,0.0,102.102,1.739,0.071,9554580.519,1746727.7480000001
2024-10-23 16:03:54,52.0,37.34957617,-121.93645646,910.6699999999998,0.11200000000000002,-0.316,0.0,102.119,0.42800000000000005,0.064,9554580.812,1746727.7030000002
2024-10-23 16:03:55,52.0,37.34957517,-121.93645636000001,910.6699999999998,0.008,-0.10700000000000001,0.0,102.133,0.036,0.051000000000000004,9554580.876,1746727.8190000001
2024-10-23 16:03:56,52.0,37.34957452,-121.93645467000002,910.7209999999999,0.039,0.026000000000000002,0.0,102.147,0.213,0.071,9554580.792,1746727.889
2024-10-23 16:03:57,52.0,37.34957935999999,-121.93645208000001,911.3,0.597,0.542,0.0,102.167,3.9840000000000004,0.11699999999999999,9554580.241,1746727.341
2024-10-23 16:03:58,52.0,37.34959288,-121.93644944,912.866,1.616,1.0470000000000002,0.0,102.239,12.277,0.654,9554579.067,1746725.816
2024-10-23 16:03:59,52.0,37.34961431,-121.93645201,915.2729999999999,2.467,0.885,0.0,102.492,14.700999999999999,1.206,9554577.739,1746723.412
2024-10-23 16:04:00,52.0,37.349638049999996,-121.93645728000001,917.963,2.685,0.20600000000000002,0.0,102.80499999999999,11.961,1.2810000000000001,9554576.456,1746720.747
2024-10-23 16:04:01,52.0,37.34966131,-121.93646477,920.644,2.664,-0.034,0.0,103.141,10.940000000000001,1.365,9554575.384,1746718.143
2024-10-23 16:04:02,52.0,37.349682310000006,-121.93647252999999,923.0899999999999,2.424,-0.23900000000000002,0.0,103.475,8.662,1.344,9554574.493,1746715.7920000001
2024-10-23 16:04:03,52.0,37.34969979,-121.9364801,925.1600000000001,2.057,-0.365,0.0,103.82300000000001,6.848999999999999,1.252,9554573.842,1746713.837
2024-10-23 16:04:04,52.0,37.349711559999996,-121.93648627,926.5989999999999,1.389,-0.682,0.0,104.00999999999999,4.264,0.343,9554573.487,1746712.523
2024-10-23 16:04:05,52.0,37.34972002,-121.93648995999999,927.6120000000001,0.9730000000000001,-0.42300000000000004,0.0,104.071,3.525,0.194,9554573.173999999,1746711.5739999998
2024-10-23 16:04:06,52.0,37.34972605,-121.9364917,928.3309999999999,0.696,-0.261,0.0,104.11300000000001,2.582,0.125,9554572.878,1746710.8989999997
2024-10-23 16:04:07,52.0,37.34972932,-121.93648948,928.8120000000001,0.445,-0.23700000000000002,0.0,104.138,1.732,0.068,9554572.471,1746710.527
2024-10-23 16:04:08,52.0,37.3497296,-121.93649020000001,928.85,0.05500000000000001,-0.41200000000000003,0.0,104.148,0.22599999999999998,0.036,9554572.506000001,1746710.496
2024-10-23 16:04:09,52.0,37.34972928,-121.93649192000001,928.85,0.003,-0.048,0.0,104.15599999999999,0.022,0.016,9554572.664,1746710.5350000001
2024-10-23 16:04:10,52.0,37.34972975,-121.93648947,928.85,0.0,0.004,0.0,104.16,0.0,0.023,9554572.440000001,1746710.4780000001
2024-10-23 16:04:11,52.0,37.349729430000004,-121.93648943999999,928.85,0.0,0.0,0.0,104.168,0.0,0.02,9554572.462000001,1746710.514
2024-10-23 16:04:12,52.0,37.34972878,-121.93649110999999,928.85,0.0,0.0,0.0,104.17,0.0,0.004,9554572.638,1746710.5920000002
2024-10-23 16:04:13,52.0,37.349729260000004,-121.9364895,928.85,0.0,0.0,0.0,104.175,0.0,0.017,9554572.476,1746710.5350000001
2024-10-23 16:04:14,52.0,37.34972907,-121.93648948,928.85,0.0,0.0,0.0,104.18000000000002,0.0,0.02,9554572.489,1746710.5560000003
2024-10-23 16:04:15,52.0,37.349728320000004,-121.93649110999999,928.85,0.0,0.0,0.0,104.186,0.0,0.031,9554572.671,1746710.6439999999
2024-10-23 16:04:16,52.0,37.349728119999995,-121.93648925,928.85,0.0,0.0,0.0,104.19000000000001,0.0,0.020999999999999998,9554572.537999999,1746710.6619999998
2024-10-23 16:04:17,52.0,37.34972813,-121.93649022,928.85,0.0,0.0,0.0,104.2,0.0,0.036,9554572.615,1746710.666
2024-10-23 16:04:18,52.0,37.34972836,-121.93649266,928.85,0.0,0.0,0.0,104.21,0.0,0.034999999999999996,9554572.790000001,1746710.637
2024-10-23 16:04:19,52.0,37.34972618,-121.93649058000001,928.85,0.0,0.0,0.0,104.21900000000001,0.0,0.038,9554572.783,1746710.8800000001
2024-10-23 16:04:20,52.0,37.34972694,-121.93649092000001,928.85,0.0,0.0,0.0,104.228,0.0,0.011,9554572.753,1746710.796
2024-10-23 16:04:21,52.0,37.3497277,-121.93649132,928.85,0.0,0.0,0.0,104.231,0.0,0.032,9554572.731,1746710.711
2024-10-23 16:04:22,52.0,37.34972433,-121.93648919,929.0139999999999,0.17,0.134,0.0,104.248,1.108,0.11000000000000001,9554572.804000001,1746711.088
2024-10-23 16:04:23,52.0,37.34971824,-121.93648837,929.6959999999999,0.688,0.564,0.0,104.28599999999999,3.3560000000000003,0.186,9554573.173999999,1746711.773
2024-10-23 16:04:24,52.0,37.34971206,-121.93648393000001,930.549,0.805,0.10800000000000001,0.0,104.329,3.906,0.16499999999999998,9554573.268000001,1746712.462
2024-10-23 16:04:25,52.0,37.34970397,-121.93647873,931.585,1.0290000000000001,0.229,0.0,104.37,4.678,0.14500000000000002,9554573.436,1746713.364
2024-10-23 16:04:26,52.0,37.349696619999996,-121.93647251,932.598,1.018,-0.007000000000000001,0.0,104.404,4.271,0.119,9554573.470999999,1746714.1809999999
2024-10-23 16:04:27,52.0,37.349690190000004,-121.93646686,933.5,0.923,-0.10400000000000001,0.0,104.43499999999999,3.944,0.129,9554573.484000001,1746714.8989999997
2024-10-23 16:04:28,52.0,37.349683670000005,-121.93646217999999,934.368,0.898,-0.031,0.0,104.468,3.96,0.137,9554573.584999999,1746715.625
2024-10-23 16:04:29,52.0,37.34967714,-121.93645738000001,935.242,0.869,-0.027000000000000003,0.0,104.498,3.6689999999999996,0.11300000000000002,9554573.67,1746716.3510000003
2024-10-23 16:04:30,52.0,37.34967277,-121.93645312999999,935.884,0.637,-0.238,0.0,104.53099999999999,2.35,0.146,9554573.648,1746716.837
2024-10-23 16:04:31,52.0,37.34966961,-121.93645157,936.3549999999999,0.441,-0.193,0.0,104.55699999999999,1.723,0.05700000000000001,9554573.75,1746717.1920000003
2024-10-23 16:04:32,52.0,37.34966729,-121.93645263,936.6379999999999,0.199,-0.265,0.0,104.569,0.86,0.05900000000000001,9554574.002,1746717.452
2024-10-23 16:04:33,52.0,37.34966587,-121.93644962,936.887,0.24500000000000002,0.08499999999999999,0.0,104.58699999999999,1.06,0.08199999999999999,9554573.866,1746717.6080000002
2024-10-23 16:04:34,52.0,37.349662390000006,-121.93644984,936.9459999999999,0.045,-0.22599999999999998,0.0,104.606,0.223,0.074,9554574.132,1746718.0010000002
2024-10-23 16:04:35,52.0,37.34965881,-121.936449,937.307,0.32599999999999996,0.312,0.0,104.627,1.476,0.09,9554574.320999999,1746718.402
2024-10-23 16:04:36,52.0,37.34965579,-121.93645073,937.741,0.367,0.026000000000000002,0.0,104.652,1.782,0.11699999999999999,9554574.673999999,1746718.743
2024-10-23 16:04:37,52.0,37.349652129999996,-121.93645117000001,938.2610000000001,0.449,0.10700000000000001,0.0,104.68499999999999,1.828,0.131,9554574.97,1746719.1570000001
2024-10-23 16:04:38,52.0,37.34965171,-121.9364505,938.4290000000001,0.11400000000000002,-0.373,0.0,104.708,0.487,0.067,9554574.946,1746719.204
2024-10-23 16:04:39,52.0,37.34965111,-121.93644861,938.5200000000001,0.091,-0.018,0.0,104.726,0.4,0.081,9554574.84,1746719.2669999998
2024-10-23 16:04:40,52.0,37.349648869999996,-121.93644609,938.6809999999999,0.127,0.041999999999999996,0.0,104.744,0.554,0.06,9554574.800999999,1746719.515
2024-10-23 16:04:41,52.0,37.349647270000006,-121.93644853999999,938.856,0.14100000000000001,5.551115123125783e-18,0.0,104.763,0.7110000000000001,0.10300000000000001,9554575.11,1746719.6989999998
2024-10-23 16:04:42,52.0,37.34964386,-121.93644821999999,939.256,0.37,0.28900000000000003,0.0,104.795,1.6030000000000002,0.13,9554575.328,1746720.08
2024-10-23 16:04:43,52.0,37.34964508,-121.93644893000001,939.49,0.25,-0.154,0.0,104.819,1.187,0.05800000000000001,9554575.298,1746719.946
2024-10-23 16:04:44,52.0,37.34964489,-121.93644816000001,939.55,0.07,-0.187,0.0,104.83099999999999,0.272,0.048,9554575.248,1746719.966
2024-10-23 16:04:45,52.0,37.34964311,-121.93644663,939.55,0.005,-0.077,0.0,104.84,0.025,0.025,9554575.256000001,1746720.164
2024-10-23 16:04:46,52.0,37.34964465,-121.93644744000001,939.55,0.0,0.003,0.0,104.84700000000001,0.0,0.03,9554575.211,1746719.992
2024-10-23 16:04:47,52.0,37.3496453,-121.9364448,939.6959999999999,0.152,0.131,0.0,104.857,0.7939999999999999,0.045,9554574.957,1746719.9149999998
2024-10-23 16:04:48,52.0,37.349645169999995,-121.93644257000001,939.85,0.16799999999999998,0.053000000000000005,0.0,104.867,0.645,0.04,9554574.791,1746719.9259999997
2024-10-23 16:04:49,52.0,37.34964579,-121.93644531,939.85,0.01,-0.183,0.0,104.878,0.05,0.048,9554574.961,1746719.861
2024-10-23 16:04:50,52.0,37.3496444,-121.93644511,939.85,0.0,0.001,0.0,104.888,0.001,0.036,9554575.044,1746720.018
2024-10-23 16:04:51,52.0,37.34964361,-121.93644515000001,939.85,0.0,0.0,0.0,104.9,0.0,0.05900000000000001,9554575.104,1746720.105
2024-10-23 16:04:52,52.0,37.34964488,-121.93644579,939.85,0.0,0.0,0.0,104.91299999999998,0.0,0.043,9554575.063,1746719.9640000002
2024-10-23 16:04:53,52.0,37.34964626,-121.93644413,939.85,0.0,0.0,0.0,104.925,0.0,0.05800000000000001,9554574.834999999,1746719.8080000002
2024-10-23 16:04:54,52.0,37.3496474,-121.93644696000001,939.85,0.0,0.0,0.0,104.93800000000002,0.0,0.049,9554574.977,1746719.682
2024-10-23 16:04:55,52.0,37.34964806,-121.93644579,939.85,0.0,0.0,0.0,104.955,0.0,0.06899999999999999,9554574.834999999,1746719.6060000001
2024-10-23 16:04:56,52.0,37.3496484,-121.93644343000001,939.85,0.0,0.0,0.0,104.96900000000001,0.0,0.069,9554574.628,1746719.5670000003
2024-10-23 16:04:57,52.0,37.349650079999996,-121.93644477000001,939.85,0.0,0.0,0.0,104.987,0.0,0.072,9554574.612,1746719.3769999999
2024-10-23 16:04:58,52.0,37.34965163,-121.93644274,939.85,0.0,0.0,0.0,105.005,0.0,0.07200000000000001,9554574.343,1746719.201
2024-10-23 16:04:59,52.0,37.349653870000004,-121.93644198,940.003,0.185,0.174,0.0,105.025,0.951,0.071,9554574.122,1746718.947
2024-10-23 16:05:00,52.0,37.34965538,-121.93644275,940.174,0.199,0.048999999999999995,0.0,105.03600000000002,0.76,0.03,9554574.074000001,1746718.78
2024-10-23 16:05:01,52.0,37.34965311,-121.93644287,940.18,0.007000000000000001,-0.225,0.0,105.045,0.043,0.03,9554574.243999999,1746719.0330000003
2024-10-23 16:05:02,52.0,37.34965375,-121.93644242,940.18,0.0,0.003,0.0,105.05199999999999,0.001,0.037,9554574.164,1746718.961
2024-10-23 16:05:03,52.0,37.3496552,-121.93644225999999,940.18,0.0,0.0,0.0,105.05999999999999,0.0,0.022,9554574.047,1746718.8
2024-10-23 16:05:04,52.0,37.349654150000006,-121.93644131,940.18,0.0,0.0,0.0,105.06700000000001,0.0,0.03,9554574.05,1746718.916
2024-10-23 16:05:05,52.0,37.34965344,-121.93644076999999,940.18,0.0,0.0,0.0,105.074,0.0,0.027000000000000003,9554574.057,1746718.996
2024-10-23 16:05:06,52.0,37.34965479,-121.93644158,940.18,0.0,0.0,0.0,105.08,0.0,0.028000000000000004,9554574.025,1746718.8420000002
2024-10-23 16:05:07,52.0,37.34965321,-121.93644049,940.18,0.0,0.0,0.0,105.09,0.0,0.039,9554574.051,1746719.02
2024-10-23 16:05:08,52.0,37.34965485,-121.93644039,940.18,0.0,0.0,0.0,105.099,0.0,0.031,9554573.925,1746718.8350000002
2024-10-23 16:05:09,52.0,37.34965488,-121.93643987,940.18,0.0,0.0,0.0,105.107,0.003,0.078,9554573.882000001,1746718.832
2024-10-23 16:05:10,52.0,37.34965823,-121.93644036999999,940.658,0.45,0.41500000000000004,0.0,105.17699999999999,3.904,0.755,9554573.682,1746718.4530000002
2024-10-23 16:05:11,52.0,37.349681069999995,-121.93645457,943.5290000000001,3.003,2.555,0.0,105.505,51.787,1.72,9554573.168,1746715.9070000001
2024-10-23 16:05:12,52.0,37.34970958,-121.93648892000002,948.058,4.654999999999999,1.8170000000000002,0.0,106.09700000000001,23.924,3.112,9554573.836,1746712.7480000001
2024-10-23 16:05:13,52.0,37.34972057,-121.93651032999999,950.5600000000001,2.323,-2.332,0.0,106.78299999999999,12.617,1.823,9554574.739,1746711.541
2024-10-23 16:05:14,52.0,37.34971326,-121.93650462000001,951.894,1.058,-1.6190000000000002,0.0,107.12100000000001,16.121000000000002,1.389,9554574.809999999,1746712.355
2024-10-23 16:05:15,52.0,37.34969537,-121.93646667,955.8880000000001,4.088,3.279,0.0,107.535,58.05,2.005,9554573.101,1746714.315
2024-10-23 16:05:16,52.0,37.3496896,-121.93642018999999,960.363,4.404,0.429,0.0,108.157,12.5,2.5420000000000003,9554569.852,1746714.8990000002
2024-10-23 16:05:17,52.0,37.34970073,-121.93639576000001,963.064,2.582,-1.97,0.0,108.66199999999999,6.419,1.275,9554567.132,1746713.616
2024-10-23 16:05:18,52.0,37.34971819,-121.93639962,965.2620000000001,2.129,-0.548,0.0,108.92,17.125,1.608,9554566.189,1746711.656
2024-10-23 16:05:19,52.0,37.34974131,-121.93641222000001,968.083,2.952,1.016,0.0,109.518,13.987,2.567,9554565.529000001,1746709.073
2024-10-23 16:05:20,52.0,37.34974676,-121.93642192,969.9380000000001,1.435,-1.655,0.0,110.07000000000001,6.297,1.866,9554565.903,1746708.475
2024-10-23 16:05:21,52.0,37.34973397,-121.9364424,972.3459999999999,2.342,0.8710000000000001,0.0,110.46700000000001,23.990000000000002,1.449,9554568.43,1746709.941
2024-10-23 16:05:22,52.0,37.34972234,-121.93647788999999,975.8149999999999,3.618,1.421,0.0,110.88399999999999,23.645,2.022,9554572.055,1746711.296
2024-10-23 16:05:23,52.0,37.34972219,-121.93649893,978.0029999999999,1.991,-1.582,0.0,111.28099999999999,9.209999999999999,0.9019999999999999,9554573.726,1746711.3429999999
2024-10-23 16:05:24,52.0,37.34972888,-121.93647799,980.162,2.195,-0.06599999999999998,0.0,111.49100000000001,29.647000000000002,1.266,9554571.597,1746710.561
2024-10-23 16:05:25,52.0,37.34973505,-121.93643526999999,984.122,4.026,2.074,0.0,112.01700000000001,32.023,2.697,9554567.791,1746709.8080000002
2024-10-23 16:05:26,52.0,37.349734489999996,-121.93639817,987.491,3.367,-0.623,0.0,112.638,7.698,1.741,9554564.908,1746709.821
2024-10-23 16:05:27,52.0,37.34972679,-121.93638309999999,989.183,1.61,-1.9149999999999998,0.0,112.853,4.046,0.305,9554564.274,1746710.666
2024-10-23 16:05:28,52.0,37.34971917,-121.93637550000001,990.2940000000001,1.0859999999999999,-0.515,0.0,112.90799999999999,4.161,0.20600000000000002,9554564.22,1746711.512
2024-10-23 16:05:29,52.0,37.349713969999996,-121.93636854000002,991.1850000000001,0.8459999999999999,-0.20400000000000001,0.0,112.951,3.097,0.125,9554564.042,1746712.0890000002
2024-10-23 16:05:30,52.0,37.34971136,-121.93636568,991.683,0.44400000000000006,-0.409,0.0,112.976,1.59,0.093,9554564.003,1746712.3769999999
2024-10-23 16:05:31,52.0,37.34970867,-121.93636569,992.0379999999999,0.367,-0.078,0.0,113.002,1.639,0.138,9554564.196,1746712.6800000002
2024-10-23 16:05:32,52.0,37.349709419999996,-121.93636785000001,992.451,0.42700000000000005,0.088,0.0,113.046,1.9789999999999999,0.132,9554564.312,1746712.5990000002
2024-10-23 16:05:33,52.0,37.34970931,-121.93636798,992.5800000000002,0.166,-0.271,0.0,113.064,0.606,0.068,9554564.329,1746712.611
2024-10-23 16:05:34,52.0,37.34970818,-121.93636766,992.668,0.072,-0.144,0.0,113.08399999999999,0.399,0.098,9554564.386,1746712.738
2024-10-23 16:05:35,52.0,37.34970817,-121.93637205,993.142,0.526,0.509,0.0,113.11500000000001,2.557,0.158,9554564.734000001,1746712.746
2024-10-23 16:05:36,52.0,37.3497099,-121.93637415999999,993.598,0.383,-0.146,0.0,113.165,1.588,0.23200000000000004,9554564.776,1746712.553
2024-10-23 16:05:37,52.0,37.349711760000005,-121.93637672,994.116,0.372,-0.043,0.0,113.221,1.845,0.219,9554564.844,1746712.348
2024-10-23 16:05:38,52.0,37.34970888,-121.93638555,995.2299999999999,1.067,0.77,0.0,113.37,6.179,1.096,9554565.746,1746712.6829999997
2024-10-23 16:05:39,52.0,37.34971274,-121.93637382,996.89,1.35,0.311,0.0,113.68199999999999,12.038,1.226,9554564.544,1746712.2329999998
2024-10-23 16:05:40,52.0,37.349707110000004,-121.93637513000002,998.265,1.134,-0.333,0.0,113.928,11.091,0.8949999999999999,9554565.05,1746712.868
2024-10-23 16:05:41,52.0,37.34969463,-121.93638522,999.9870000000001,1.761,0.728,0.0,114.18199999999999,6.9159999999999995,0.8640000000000001,9554566.737,1746714.2850000001
2024-10-23 16:05:42,52.0,37.34968404,-121.93638345,1001.316,1.2120000000000002,-0.704,0.0,114.333,9.068000000000001,0.7030000000000001,9554567.356,1746715.4740000002
2024-10-23 16:05:43,52.0,37.34966245,-121.93636749,1004.119,2.8600000000000003,1.719,0.0,114.596,27.694,1.2189999999999999,9554567.640999999,1746717.8800000001
2024-10-23 16:05:44,52.0,37.34962942,-121.93635039,1008.11,4.063000000000001,1.248,0.0,114.92,31.076,1.395,9554568.651999999,1746721.572
2024-10-23 16:05:45,52.0,37.34959026,-121.93632851,1012.893,4.835,0.764,0.0,115.287,29.026999999999997,1.6969999999999998,9554569.73,1746725.9440000001
2024-10-23 16:05:46,52.0,37.34954909,-121.9363043,1017.992,5.103,0.271,0.0,115.80499999999999,22.075,2.229,9554570.765,1746730.5420000001
2024-10-23 16:05:47,52.0,37.34950597,-121.93630043,1022.8969999999999,4.933,-0.16,0.0,116.38199999999999,17.188,2.479,9554573.541,1746735.386
2024-10-23 16:05:48,52.0,37.34947599,-121.93629395,1026.638,3.5730000000000004,-1.411,0.0,116.897,10.722,1.585,9554575.173,1746738.7489999998
2024-10-23 16:05:49,52.0,37.34946382,-121.93626036999999,1030.165,3.569,0.024000000000000007,0.0,117.42999999999999,18.2,2.519,9554573.396,1746740.0699999998
2024-10-23 16:05:50,52.0,37.34948179,-121.93625266,1033.202,2.785,-0.8470000000000001,0.0,117.88199999999999,17.372999999999998,1.5,9554571.504999999,1746738.0399999998
2024-10-23 16:05:51,52.0,37.3494994,-121.93627538000001,1036.206,3.144,0.418,0.0,118.30799999999999,12.122,1.568,9554572.037,1746736.091
2024-10-23 16:05:52,52.0,37.349499609999995,-121.93631299,1039.664,3.4899999999999998,0.298,0.0,118.668,27.334000000000003,1.569,9554574.984000001,1746736.116
2024-10-23 16:05:53,52.0,37.34950731,-121.93635481999999,1043.595,3.9579999999999997,0.5589999999999999,0.0,119.102,15.028,1.864,9554577.728999998,1746735.31
2024-10-23 16:05:54,52.0,37.34952718,-121.93638011,1046.838,3.2619999999999996,-0.7030000000000001,0.0,119.623,8.213,2.266,9554578.298999999,1746733.11
2024-10-23 16:05:55,52.0,37.34954147,-121.9363865,1048.6290000000001,1.7420000000000002,-1.575,0.0,120.08099999999999,3.978,0.9540000000000001,9554577.784,1746731.5129999998
2024-10-23 16:05:56,52.0,37.34954965,-121.93638568000001,1049.585,0.9339999999999999,-0.8320000000000001,0.0,120.18800000000002,3.125,0.23700000000000002,9554577.133,1746730.5899999999
2024-10-23 16:05:57,52.0,37.3495566,-121.93638702000001,1050.4360000000001,0.859,-0.053000000000000005,0.0,120.237,4.135,0.158,9554576.743999999,1746729.811
2024-10-23 16:05:58,52.0,37.34956694,-121.93639174,1051.674,1.2810000000000001,0.41,0.0,120.287,8.868,0.425,9554576.376,1746728.655
2024-10-23 16:05:59,52.0,37.349583960000004,-121.93640049999999,1053.733,2.129,0.892,0.0,120.494,12.975,1.169,9554575.849,1746726.753
2024-10-23 16:06:00,52.0,37.34960216,-121.93641434999999,1056.125,2.4050000000000002,0.29,0.0,120.827,10.463,1.487,9554575.64,1746724.7260000003
2024-10-23 16:06:01,52.0,37.349617769999995,-121.9364286,1058.29,2.158,-0.256,0.0,121.22200000000001,7.324,1.486,9554575.646000002,1746722.989
2024-10-23 16:06:02,52.0,37.34962949,-121.93643854,1059.889,1.552,-0.631,0.0,121.465,4.973000000000001,0.453,9554575.593,1746721.684
2024-10-23 16:06:03,52.0,37.34963841,-121.93644764000001,1061.1799999999998,1.269,-0.28500000000000003,0.0,121.55,4.939,0.33799999999999997,9554575.672,1746720.693
2024-10-23 16:06:04,52.0,37.34964515,-121.93645718,1062.325,1.133,-0.11200000000000002,0.0,121.627,4.45,0.21600000000000003,9554575.941,1746719.948
2024-10-23 16:06:05,52.0,37.34964891,-121.93646505,1063.169,0.829,-0.325,0.0,121.668,3.2950000000000004,0.159,9554576.293,1746719.537
2024-10-23 16:06:06,52.0,37.34965178,-121.93647121,1063.843,0.634,-0.187,0.0,121.704,2.38,0.118,9554576.572,1746719.223
2024-10-23 16:06:07,52.0,37.349654529999995,-121.93647179,1064.145,0.305,-0.33399999999999996,0.0,121.727,1.153,0.062,9554576.421,1746718.914
2024-10-23 16:06:08,52.0,37.34965371,-121.93647177,1064.16,0.039,-0.274,0.0,121.74100000000001,0.173,0.064,9554576.477,1746719.007
2024-10-23 16:06:09,52.0,37.34965179,-121.93647189,1064.16,0.003,-0.031,0.0,121.753,0.014000000000000002,0.041,9554576.624,1746719.2210000001
2024-10-23 16:06:10,52.0,37.34965325,-121.93647302,1064.16,0.0,0.0,0.0,121.76500000000001,0.0,0.052000000000000005,9554576.609000001,1746719.06
2024-10-23 16:06:11,52.0,37.34965419,-121.93647215000001,1064.299,0.10900000000000001,0.091,0.0,121.782,0.567,0.1,9554576.474,1746718.954
2024-10-23 16:06:12,52.0,37.34965683,-121.93646996,1064.8029999999999,0.44800000000000006,0.363,0.0,121.81099999999999,2.194,0.118,9554576.115,1746718.6530000002
2024-10-23 16:06:13,52.0,37.34966036,-121.93646758,1065.325,0.488,0.053000000000000005,0.0,121.835,1.9419999999999997,0.075,9554575.673,1746718.253
2024-10-23 16:06:14,52.0,37.34966157,-121.93646771000002,1065.48,0.132,-0.382,0.0,121.851,0.496,0.066,9554575.598000001,1746718.116
2024-10-23 16:06:15,52.0,37.34966256,-121.93646994999999,1065.625,0.135,-0.017000000000000005,0.0,121.87,0.7,0.10400000000000001,9554575.702,1746718.0100000002
2024-10-23 16:06:16,52.0,37.34966592,-121.93646764,1066.229,0.517,0.41500000000000004,0.0,121.923,2.627,0.385,9554575.282000002,1746717.628
2024-10-23 16:06:17,52.0,37.34966979,-121.93646745999999,1067.117,0.718,0.161,0.0,122.099,3.903,0.967,9554574.99,1746717.191
2024-10-23 16:06:18,52.0,37.349666580000005,-121.93647589,1068.206,1.0210000000000001,0.28300000000000003,0.0,122.33399999999999,6.840000000000001,0.8959999999999999,9554575.882,1746717.565
2024-10-23 16:06:19,52.0,37.34965065,-121.93648818,1070.3139999999999,2.195,1.283,0.0,122.574,14.528,1.0779999999999998,9554577.99,1746719.3730000001
2024-10-23 16:06:20,52.0,37.34964173,-121.93649325999999,1071.586,1.161,-1.0150000000000001,0.0,122.822,2.571,0.628,9554579.025999999,1746720.383
2024-10-23 16:06:21,52.0,37.34964364,-121.93648696,1072.339,0.6809999999999999,-0.607,0.0,122.898,3.8299999999999996,0.191,9554578.397,1746720.159
2024-10-23 16:06:22,52.0,37.34964945,-121.93648089000001,1073.241,0.876,0.269,0.0,122.93900000000001,3.689,0.159,9554577.502,1746719.4989999998
2024-10-23 16:06:23,52.0,37.34965484,-121.93647622,1074.023,0.762,-0.11599999999999999,0.0,122.98299999999999,2.972,0.154,9554576.749000002,1746718.886
2024-10-23 16:06:24,52.0,37.34965783,-121.93647078,1074.648,0.593,-0.194,0.0,123.01199999999999,2.587,0.096,9554576.108,1746718.541
2024-10-23 16:06:25,52.0,37.349657789999995,-121.93646960000001,1074.923,0.23500000000000001,-0.343,0.0,123.03,0.7769999999999999,0.05,9554576.015999999,1746718.5440000002
2024-10-23 16:06:26,52.0,37.34965579,-121.93647080000001,1074.95,0.013000000000000001,-0.25,0.0,123.04100000000001,0.057999999999999996,0.041,9554576.253,1746718.77
2024-10-23 16:06:27,52.0,37.34965775,-121.93647117,1074.95,0.0,0.006,0.0,123.051,0.001,0.036,9554576.145,1746718.5510000002
2024-10-23 16:06:28,52.0,37.349656249999995,-121.93647128999999,1074.95,0.0,0.0,0.0,123.05999999999999,0.0,0.038,9554576.26,1746718.7210000001
2024-10-23 16:06:29,52.0,37.34965595,-121.93647146,1074.95,0.0,0.0,0.0,123.06999999999998,0.0,0.04,9554576.294,1746718.7550000001
2024-10-23 16:06:30,52.0,37.34965749,-121.93647182,1074.953,0.001,0.0,0.0,123.078,0.006999999999999999,0.05500000000000001,9554576.212000001,1746718.582
2024-10-23 16:06:31,52.0,37.34965808,-121.93647117999998,1075.212,0.176,0.148,0.0,123.1,0.9460000000000001,0.101,9554576.120000001,1746718.514
2024-10-23 16:06:32,52.0,37.34966183,-121.93646859,1075.764,0.554,0.417,0.0,123.126,2.6670000000000003,0.12,9554575.649,1746718.0899999999
2024-10-23 16:06:33,52.0,37.34966582,-121.93646615,1076.321,0.542,-0.016999999999999998,0.0,123.15299999999999,2.195,0.079,9554575.172,1746717.637
2024-10-23 16:06:34,52.0,37.349668529999995,-121.93646471,1076.66,0.33399999999999996,-0.20400000000000001,0.0,123.167,1.266,0.055999999999999994,9554574.864,1746717.33
2024-10-23 16:06:35,52.0,37.34966885,-121.93646572,1076.7,0.03,-0.32799999999999996,0.0,123.181,0.134,0.059,9554574.921,1746717.296
2024-10-23 16:06:36,52.0,37.349667,-121.93646885999999,1076.94,0.231,0.172,0.0,123.205,1.552,0.131,9554575.299,1746717.508
2024-10-23 16:06:37,52.0,37.34966328,-121.93647231,1077.6,0.6519999999999999,0.495,0.0,123.24300000000001,2.7190000000000003,0.158,9554575.836,1746717.9309999999
2024-10-23 16:06:38,52.0,37.349659530000004,-121.93646988,1078.127,0.5509999999999999,-0.135,0.0,123.279,2.417,0.10400000000000001,9554575.915000001,1746718.35
2024-10-23 16:06:39,52.0,37.349658590000004,-121.93646833,1078.3740000000003,0.236,-0.312,0.0,123.29400000000001,0.8099999999999999,0.032,9554575.859000001,1746718.454
2024-10-23 16:06:40,52.0,37.34965853,-121.9364692,1078.38,0.02,-0.23500000000000001,0.0,123.3,0.098,0.02,9554575.931,1746718.4600000002
2024-10-23 16:06:41,52.0,37.349658139999995,-121.93647014999999,1078.38,0.0,-0.006,0.0,123.30799999999999,0.006,0.031,9554576.036,1746718.5059999998
2024-10-23 16:06:42,52.0,37.349659939999995,-121.93647025,1078.38,0.0,0.0,0.0,123.31700000000001,0.0,0.033,9554575.912,1746718.304
2024-10-23 16:06:43,52.0,37.34966018,-121.93647121,1078.38,0.0,0.0,0.0,123.326,0.0,0.047,9554575.970999999,1746718.2780000002
2024-10-23 16:06:44,52.0,37.349660130000004,-121.9364727,1078.38,0.0,0.0,0.0,123.33800000000001,0.0,0.045,9554576.092999998,1746718.2859999998
2024-10-23 16:06:45,52.0,37.349662390000006,-121.93647354,1078.38,0.0,0.0,0.0,123.349,0.0,0.037,9554575.997,1746718.0320000001
2024-10-23 16:06:46,52.0,37.34966088,-121.93647409,1078.38,0.0,0.0,0.0,123.35799999999999,0.0,0.044,9554576.148,1746718.204
2024-10-23 16:06:47,52.0,37.349661839999996,-121.93647301000001,1078.497,0.125,0.084,0.0,123.375,0.852,0.1,9554575.996000001,1746718.095
2024-10-23 16:06:48,52.0,37.34966625,-121.93646928999999,1079.09,0.627,0.5650000000000001,0.0,123.404,2.832,0.135,9554575.387,1746717.5920000002
2024-10-23 16:06:49,52.0,37.349669829999996,-121.93646903999999,1079.5880000000002,0.413,-0.219,0.0,123.43400000000001,1.5870000000000002,0.097,9554575.111,1746717.19
2024-10-23 16:06:50,52.0,37.34967312,-121.93647051999999,1080.08,0.42300000000000004,-0.049,0.0,123.46900000000001,2.641,0.183,9554574.993,1746716.822
2024-10-23 16:06:51,52.0,37.34967818,-121.93647745000001,1080.998,0.968,0.572,0.0,123.52799999999999,5.437,0.376,9554575.18,1746716.261
2024-10-23 16:06:52,52.0,37.34967929,-121.93649055,1082.223,1.237,0.34500000000000003,0.0,123.71700000000001,5.021,1.053,9554576.129999999,1746716.156
2024-10-23 16:06:53,52.0,37.34967853,-121.93648898,1082.868,0.524,-0.819,0.0,123.91300000000001,3.375,0.492,9554576.059999999,1746716.239
2024-10-23 16:06:54,52.0,37.349677410000005,-121.93647882,1083.839,0.976,0.518,0.0,124.019,4.073,0.355,9554575.34,1746716.352
2024-10-23 16:06:55,52.0,37.34967753,-121.93648364,1084.824,0.7769999999999999,-0.3,0.0,124.12100000000001,6.94,0.571,9554575.711,1746716.3460000001
2024-10-23 16:06:56,52.0,37.34968346,-121.93650013000001,1086.532,1.7440000000000002,1.123,0.0,124.327,8.455,0.859,9554576.586,1746715.6989999998
2024-10-23 16:06:57,52.0,37.34968008,-121.93649722,1087.7689999999998,0.9570000000000001,-0.993,0.0,124.49100000000001,12.605,0.681,9554576.599,1746716.0760000001
2024-10-23 16:06:58,52.0,37.34965892,-121.93647530000001,1090.836,3.196,2.348,0.0,124.73499999999999,35.702999999999996,1.258,9554576.386,1746718.4239999999
2024-10-23 16:06:59,52.0,37.349625,-121.93644407,1095.5220000000002,4.753,1.614,0.0,125.11600000000001,42.29,1.887,9554576.349,1746722.197
2024-10-23 16:07:00,52.0,37.34958048,-121.93640970999999,1101.343,5.837,1.068,0.0,125.676,40.62,2.613,9554576.824,1746727.156
2024-10-23 16:07:01,52.0,37.349533109999996,-121.93636670999999,1107.858,6.540000000000001,0.709,0.0,126.38699999999999,37.027,2.963,9554576.822,1746732.4239999999
2024-10-23 16:07:02,52.0,37.34949429,-121.93632023,1113.85,6.037,-0.41600000000000004,0.0,127.21900000000001,18.214000000000002,3.492,9554575.934,1746736.7260000003
2024-10-23 16:07:03,52.0,37.34947856,-121.93629757000001,1117.1370000000002,2.855,-3.254,0.0,127.876,14.0,1.734,9554575.273,1746738.4640000002
2024-10-23 16:07:04,52.0,37.34947163,-121.9363325,1120.6770000000001,3.4590000000000005,0.38499999999999995,0.0,128.372,63.634,2.657,9554578.521000002,1746739.2899999998
2024-10-23 16:07:05,52.0,37.34948816,-121.93637645999999,1125.392,4.713,1.607,0.0,129.236,17.956,4.0009999999999994,9554580.801,1746737.493
2024-10-23 16:07:06,52.0,37.34951271,-121.93639293000001,1128.586,3.1759999999999997,-1.703,0.0,129.98499999999999,7.287999999999999,1.814,9554580.345,1746734.7550000001
2024-10-23 16:07:07,52.0,37.34952945,-121.93640165,1130.6190000000001,2.1109999999999998,-1.075,0.0,130.403,5.187,1.455,9554579.834999999,1746732.883
2024-10-23 16:07:08,52.0,37.34953474,-121.93640476,1131.399,0.726,-1.405,0.0,130.621,1.85,0.39699999999999996,9554579.702,1746732.2940000002
2024-10-23 16:07:09,52.0,37.34952941,-121.93640422000001,1132.151,0.661,-0.077,0.0,130.684,3.816,0.21800000000000003,9554580.040000001,1746732.8920000002
2024-10-23 16:07:10,52.0,37.34952052,-121.93640181999999,1133.192,1.058,0.481,0.0,130.74200000000002,4.788,0.22999999999999998,9554580.487,1746733.889
2024-10-23 16:07:11,52.0,37.34951513,-121.93640156,1133.847,0.611,-0.5,0.0,130.799,2.259,0.22200000000000003,9554580.853,1746734.4949999999
2024-10-23 16:07:12,52.0,37.34951306,-121.93640137,1134.232,0.25,-0.38,0.0,130.84300000000002,0.932,0.144,9554580.985,1746734.7280000001
2024-10-23 16:07:13,52.0,37.34950631,-121.9363976,1135.1299999999999,0.867,0.624,0.0,130.888,5.601,0.267,9554581.168000001,1746735.481
2024-10-23 16:07:14,52.0,37.34949623,-121.93639295999999,1136.34,1.208,0.375,0.0,130.997,5.461,0.533,9554581.525999999,1746736.607
2024-10-23 16:07:15,52.0,37.34948802,-121.936389,1137.35,0.9800000000000001,-0.233,0.0,131.103,3.3600000000000003,0.246,9554581.798999999,1746737.527
2024-10-23 16:07:16,52.0,37.349486150000004,-121.93638897999999,1137.747,0.28500000000000003,-0.749,0.0,131.137,0.958,0.088,9554581.931,1746737.7370000002
2024-10-23 16:07:17,52.0,37.34948925,-121.93638839999998,1138.149,0.388,0.121,0.0,131.161,1.8699999999999999,0.11200000000000002,9554581.665000001,1746737.387
2024-10-23 16:07:18,52.0,37.3494924,-121.93639098000001,1138.592,0.441,0.11100000000000002,0.0,131.185,1.7899999999999998,0.069,9554581.640999999,1746737.037
2024-10-23 16:07:19,52.0,37.349493530000004,-121.93639,1138.732,0.11400000000000002,-0.393,0.0,131.202,0.572,0.05500000000000001,9554581.485,1746736.909
2024-10-23 16:07:20,52.0,37.34949447,-121.93638777000001,1138.9,0.195,0.11400000000000002,0.0,131.214,0.808,0.05800000000000001,9554581.241,1746736.8010000002
2024-10-23 16:07:21,52.0,37.34949472,-121.93638969999999,1138.967,0.11600000000000002,-0.08299999999999999,0.0,131.23399999999998,0.502,0.097,9554581.375,1746736.777
2024-10-23 16:07:22,52.0,37.34949471,-121.93638814,1139.0849999999998,0.139,0.028000000000000004,0.0,131.254,0.597,0.052000000000000005,9554581.253,1746736.77
2024-10-23 16:07:23,52.0,37.34949468,-121.93638752,1139.12,0.03,-0.11699999999999999,0.0,131.262,0.131,0.026000000000000002,9554581.206,1746736.773
2024-10-23 16:07:24,52.0,37.34949477,-121.93638903000002,1139.12,0.002,-0.029000000000000005,0.0,131.27,0.01,0.025,9554581.32,1746736.764
2024-10-23 16:07:25,52.0,37.3494948,-121.93638757000001,1139.12,0.0,0.0,0.0,131.276,0.0,0.02,9554581.202,1746736.7600000002
2024-10-23 16:07:26,52.0,37.34949467,-121.93638762,1139.12,0.0,0.0,0.0,131.28,0.0,0.017,9554581.216,1746736.776
2024-10-23 16:07:27,52.0,37.34949446,-121.93638753,1139.12,0.0,0.0,0.0,131.28699999999998,0.0,0.01,9554581.223000001,1746736.804
2024-10-23 16:07:28,52.0,37.349494220000004,-121.9363871,1139.173,0.005,0.001,0.0,131.294,0.027000000000000003,0.141,9554581.209,1746736.8280000002
2024-10-23 16:07:29,52.0,37.349489219999995,-121.93638123999999,1140.1560000000002,0.796,0.704,0.0,131.417,9.973,0.9949999999999999,9554581.101,1746737.3800000001
2024-10-23 16:07:30,52.0,37.34947438,-121.93637100000001,1142.091,1.991,1.394,0.0,131.748,9.345,1.108,9554581.356,1746739.0350000001
2024-10-23 16:07:31,52.0,37.34947241,-121.93637198000002,1142.919,0.589,-1.5699999999999998,0.0,131.878,2.2640000000000002,0.20800000000000002,9554581.573,1746739.257
2024-10-23 16:07:32,52.0,37.349479380000005,-121.93637512999999,1143.803,0.8220000000000001,0.23900000000000002,0.0,131.945,4.997,0.508,9554581.323,1746738.4760000003
2024-10-23 16:07:33,52.0,37.349491560000004,-121.9363736,1145.34,1.423,0.722,0.0,132.147,7.0,0.9359999999999999,9554580.331,1746737.107
2024-10-23 16:07:34,52.0,37.34949304,-121.93638442,1146.781,1.143,-0.307,0.0,132.39600000000002,5.055,1.126,9554581.079,1746736.954
2024-10-23 16:07:35,52.0,37.34949637,-121.93639046000001,1148.037,0.8620000000000001,-0.384,0.0,132.715,5.122,1.796,9554581.319,1746736.588
2024-10-23 16:07:36,52.0,37.349499429999995,-121.93639865,1149.191,1.04,0.23199999999999998,0.0,133.135,4.01,0.905,9554581.746000001,1746736.257
2024-10-23 16:07:37,52.0,37.34949549,-121.93640605,1150.0149999999999,0.881,-0.13599999999999998,0.0,133.251,3.2129999999999996,0.22599999999999998,9554582.608,1746736.709
2024-10-23 16:07:38,52.0,37.34949479,-121.93640648,1150.385,0.267,-0.682,0.0,133.299,1.161,0.189,9554582.693,1746736.7899999998
2024-10-23 16:07:39,52.0,37.34949743,-121.93640128,1150.967,0.601,0.377,0.0,133.333,2.851,0.096,9554582.096,1746736.485
2024-10-23 16:07:40,52.0,37.34949985,-121.93639582,1151.533,0.5439999999999999,-0.017,0.0,133.359,2.194,0.093,9554581.491,1746736.204
2024-10-23 16:07:41,52.0,37.3495003,-121.93639434000002,1151.63,0.092,-0.49000000000000005,0.0,133.376,0.34900000000000003,0.045,9554581.341,1746736.15
2024-10-23 16:07:42,52.0,37.349500240000005,-121.93639354,1151.63,0.006,-0.092,0.0,133.384,0.033,0.025,9554581.284,1746736.156
2024-10-23 16:07:43,52.0,37.3495,-121.93639324,1151.63,0.0,0.006,0.0,133.39,0.001,0.023,9554581.276999999,1746736.1829999997
2024-10-23 16:07:44,52.0,37.3495001,-121.93639352999999,1151.7140000000002,0.05600000000000001,0.034999999999999996,0.0,133.4,0.302,0.071,9554581.293,1746736.175
2024-10-23 16:07:45,52.0,37.34950191,-121.93639599000001,1152.1029999999998,0.38,0.343,0.0,133.421,1.798,0.10200000000000001,9554581.356,1746735.975
2024-10-23 16:07:46,52.0,37.34950433,-121.9363983,1152.679,0.522,0.141,0.0,133.454,2.474,0.128,9554581.364,1746735.704
2024-10-23 16:07:47,52.0,37.34950067,-121.936405,1153.434,0.783,0.252,0.0,133.48399999999998,4.287,0.12,9554582.156,1746736.125
2024-10-23 16:07:48,52.0,37.34949393,-121.93641301,1154.4940000000001,1.092,0.335,0.0,133.52100000000002,5.111,0.192,9554583.269,1746736.893
2024-10-23 16:07:49,52.0,37.34948665,-121.93642041000001,1155.5720000000001,1.043,-0.019999999999999997,0.0,133.577,3.9870000000000005,0.24,9554584.372,1746737.723
2024-10-23 16:07:50,52.0,37.34948162,-121.93642044,1156.287,0.584,-0.501,0.0,133.637,2.291,0.196,9554584.733,1746738.289
2024-10-23 16:07:51,52.0,37.3494796,-121.93641944000001,1156.69,0.27999999999999997,-0.316,0.0,133.679,1.043,0.176,9554584.798,1746738.5170000002
2024-10-23 16:07:52,52.0,37.34948382,-121.93641772999999,1157.2930000000001,0.5589999999999999,0.273,0.0,133.715,3.2159999999999997,0.138,9554584.363,1746738.037
2024-10-23 16:07:53,52.0,37.34949053,-121.93641149,1158.2869999999998,0.992,0.489,0.0,133.803,4.845000000000001,0.541,9554583.390999999,1746737.275
2024-10-23 16:07:54,52.0,37.34949443,-121.93640900999999,1158.9569999999999,0.5980000000000001,-0.421,0.0,133.902,1.927,0.201,9554582.917,1746736.8329999999
2024-10-23 16:07:55,52.0,37.349495409999996,-121.93641195000001,1159.391,0.379,-0.252,0.0,133.929,1.5630000000000002,0.077,9554583.079,1746736.727
2024-10-23 16:07:56,52.0,37.34949401,-121.93641278,1159.616,0.153,-0.225,0.0,133.95,0.654,0.082,9554583.243999999,1746736.884
2024-10-23 16:07:57,52.0,37.349496099999996,-121.93641224000001,1159.82,0.203,0.074,0.0,133.967,0.8789999999999999,0.061,9554583.052,1746736.648
2024-10-23 16:07:58,52.0,37.34949904,-121.9364104,1159.949,0.10200000000000001,-0.13,0.0,133.986,0.5589999999999999,0.1,9554582.698,1746736.3169999998
2024-10-23 16:07:59,52.0,37.34950018,-121.93641115,1160.34,0.308,0.227,0.0,134.012,1.317,0.086,9554582.676,1746736.19
2024-10-23 16:08:00,52.0,37.34949982,-121.93640680000001,1160.45,0.089,-0.22000000000000003,0.0,134.029,0.378,0.08399999999999999,9554582.356,1746736.224
2024-10-23 16:08:01,52.0,37.3494976,-121.93640113000001,1160.8229999999999,0.40099999999999997,0.324,0.0,134.057,2.141,0.125,9554582.070999999,1746736.4649999999
2024-10-23 16:08:02,52.0,37.34949761,-121.93639553999999,1161.35,0.505,0.11300000000000002,0.0,134.08300000000003,2.275,0.075,9554581.628,1746736.459
2024-10-23 16:08:03,52.0,37.349498260000004,-121.93639031000001,1161.883,0.506,-0.01,0.0,134.099,2.055,0.072,9554581.17,1746736.3769999999
2024-10-23 16:08:04,52.0,37.34949965,-121.93638608,1162.368,0.44699999999999995,-0.088,0.0,134.12,2.0949999999999998,0.08,9554580.737,1746736.2149999999
2024-10-23 16:08:05,52.0,37.349500219999996,-121.93638232,1162.7630000000001,0.358,-0.06000000000000001,0.0,134.135,1.365,0.05900000000000001,9554580.401,1746736.1460000002
2024-10-23 16:08:06,52.0,37.34950224,-121.93637960999999,1163.1309999999999,0.344,-0.044,0.0,134.153,1.6670000000000003,0.067,9554580.044,1746735.914
2024-10-23 16:08:07,52.0,37.34950282,-121.93637464000001,1163.636,0.496,0.192,0.0,134.171,2.138,0.077,9554579.61,1746735.841
2024-10-23 16:08:08,52.0,37.3495051,-121.93637103,1164.133,0.44699999999999995,-0.071,0.0,134.18800000000002,2.086,0.068,9554579.164,1746735.5810000002
2024-10-23 16:08:09,52.0,37.34950594,-121.93636512,1164.691,0.548,0.10600000000000001,0.0,134.20499999999998,2.4850000000000003,0.079,9554578.637,1746735.4789999998
2024-10-23 16:08:10,52.0,37.34950585,-121.93635807000001,1165.3780000000002,0.6799999999999999,0.148,0.0,134.234,3.057,0.13599999999999998,9554578.087000001,1746735.48
2024-10-23 16:08:11,52.0,37.3495063,-121.93635184,1165.992,0.5780000000000001,-0.123,0.0,134.269,2.6100000000000003,0.175,9554577.566,1746735.4190000002
2024-10-23 16:08:12,52.0,37.34950614,-121.93634617000001,1166.548,0.545,-0.023000000000000003,0.0,134.31199999999998,2.118,0.131,9554577.131000001,1746735.4300000002
2024-10-23 16:08:13,52.0,37.34950671,-121.93634026,1167.123,0.562,0.003,0.0,134.341,2.693,0.10300000000000001,9554576.625999998,1746735.3579999998
2024-10-23 16:08:14,52.0,37.349508639999996,-121.93633476,1167.723,0.557,0.016999999999999998,0.0,134.364,2.319,0.087,9554576.054,1746735.1330000001
2024-10-23 16:08:15,52.0,37.34951004,-121.93632901999999,1168.304,0.558,0.007000000000000001,0.0,134.387,2.346,0.09,9554575.5,1746734.966
2024-10-23 16:08:16,52.0,37.349511740000004,-121.93632809,1168.591,0.28200000000000003,-0.28200000000000003,0.0,134.405,1.093,0.061,9554575.307,1746734.775
2024-10-23 16:08:17,52.0,37.34951023,-121.93632852,1168.61,0.027999999999999997,-0.27399999999999997,0.0,134.42,0.134,0.05500000000000001,9554575.448,1746734.9449999998
2024-10-23 16:08:18,52.0,37.34951047,-121.93633205,1168.61,0.001,-0.019,0.0,134.43400000000003,0.01,0.053000000000000005,9554575.708,1746734.923
2024-10-23 16:08:19,52.0,37.349510609999996,-121.93633300000002,1168.61,0.0,0.0,0.0,134.445,0.0,0.032,9554575.773,1746734.909
2024-10-23 16:08:20,52.0,37.349510020000004,-121.93633064999999,1168.625,0.022,0.017,0.0,134.456,0.088,0.08499999999999999,9554575.631000001,1746734.9710000001
2024-10-23 16:08:21,52.0,37.34951077,-121.9363311,1168.729,0.131,0.11699999999999999,0.0,134.476,0.585,0.05,9554575.613,1746734.8879999998
2024-10-23 16:08:22,52.0,37.3495118,-121.93633322000001,1168.877,0.11600000000000002,-0.039999999999999994,0.0,134.49,0.635,0.094,9554575.708,1746734.7759999998
2024-10-23 16:08:23,52.0,37.34950858,-121.93633666000001,1169.399,0.522,0.42699999999999994,0.0,134.519,2.482,0.121,9554576.208,1746735.143
2024-10-23 16:08:24,52.0,37.349510609999996,-121.93633928,1169.917,0.47300000000000003,-0.066,0.0,134.548,2.141,0.11400000000000002,9554576.27,1746734.9170000001
2024-10-23 16:08:25,52.0,37.34951504,-121.93634242,1170.56,0.674,0.227,0.0,134.578,3.0789999999999997,0.11600000000000002,9554576.2,1746734.423
2024-10-23 16:08:26,52.0,37.349518169999996,-121.93634521999999,1171.096,0.522,-0.137,0.0,134.602,2.033,0.083,9554576.195999999,1746734.075
2024-10-23 16:08:27,52.0,37.34951716,-121.93634893999999,1171.5549999999998,0.44699999999999995,-0.11500000000000002,0.0,134.621,2.0629999999999997,0.076,9554576.559999999,1746734.1949999998
2024-10-23 16:08:28,52.0,37.349514799999994,-121.93635264,1172.1100000000001,0.541,0.097,0.0,134.644,2.45,0.096,9554577.022,1746734.4640000002
2024-10-23 16:08:29,52.0,37.349509940000004,-121.9363556,1172.76,0.666,0.128,0.0,134.669,3.125,0.10700000000000001,9554577.604,1746735.016
2024-10-23 16:08:30,52.0,37.34950495,-121.93635657,1173.4180000000001,0.5810000000000001,-0.079,0.0,134.697,2.367,0.11099999999999999,9554578.035,1746735.579
2024-10-23 16:08:31,52.0,37.34950068,-121.93635882999999,1174.051,0.568,0.018000000000000006,0.0,134.721,2.356,0.086,9554578.518000001,1746736.06
2024-10-23 16:08:32,52.0,37.349503350000006,-121.93635737,1174.4940000000001,0.358,-0.255,0.0,134.75,1.741,0.133,9554578.212000001,1746735.758
2024-10-23 16:08:33,52.0,37.34950423,-121.93635513,1174.66,0.146,-0.188,0.0,134.775,0.509,0.088,9554577.974000001,1746735.6570000001
2024-10-23 16:08:34,52.0,37.34950331,-121.93635486999999,1174.7540000000001,0.10300000000000001,-0.072,0.0,134.805,0.469,0.129,9554578.018,1746735.7600000002
2024-10-23 16:08:35,52.0,37.349503490000004,-121.93635332,1174.85,0.1,0.021,0.0,134.83200000000002,0.41600000000000004,0.096,9554577.884,1746735.738
2024-10-23 16:08:36,52.0,37.34950424,-121.93635184,1174.85,0.073,-0.033999999999999996,0.0,134.859,0.315,0.11000000000000001,9554577.713,1746735.652
2024-10-23 16:08:37,52.0,37.34950464,-121.93635071000001,1174.85,0.05500000000000001,-0.011,0.0,134.884,0.24500000000000002,0.10800000000000001,9554577.594,1746735.6060000001
2024-10-23 16:08:38,52.0,37.34950444,-121.93635064,1174.85,0.036,-0.017,0.0,134.916,0.164,0.132,9554577.603999998,1746735.6259999997
2024-10-23 16:08:39,52.0,37.349504339999996,-121.93635001,1174.85,0.05500000000000001,0.019,0.0,134.942,0.23700000000000002,0.095,9554577.561,1746735.636
2024-10-23 16:08:40,52.0,37.34950438,-121.93634973,1174.8919999999998,0.068,0.011,0.0,134.969,0.29400000000000004,0.124,9554577.537999999,1746735.632
2024-10-23 16:08:41,52.0,37.34950448,-121.9363503,1175.3,0.083,0.018,0.0,135.001,0.361,0.11300000000000002,9554577.575,1746735.622
2024-10-23 16:08:42,52.0,37.34950479,-121.93635085000001,1175.3,0.061,-0.024,0.0,135.026,0.268,0.10400000000000001,9554577.597,1746735.5890000002
2024-10-23 16:08:43,52.0,37.34950528,-121.93635090000001,1175.343,0.073,0.01,0.0,135.061,0.321,0.16,9554577.565000001,1746735.5320000001
2024-10-23 16:08:44,52.0,37.34950546,-121.93635139,1175.45,0.08199999999999999,0.014000000000000002,0.0,135.101,0.359,0.144,9554577.592,1746735.514
2024-10-23 16:08:45,52.0,37.34950581,-121.93635185999999,1175.45,0.040999999999999995,-0.044,0.0,135.129,0.185,0.098,9554577.603,1746735.477
2024-10-23 16:08:46,52.0,37.34950659,-121.93635217,1175.5220000000002,0.018,-0.032999999999999995,0.0,135.155,0.095,0.175,9554577.570999999,1746735.386
2024-10-23 16:08:47,52.0,37.349508889999996,-121.93635162000001,1175.959,0.306,0.32,0.0,135.218,1.3960000000000001,0.187,9554577.364999998,1746735.128
2024-10-23 16:08:48,52.0,37.34950724,-121.9363494,1176.259,0.231,-0.068,0.0,135.239,0.993,0.05500000000000001,9554577.306,1746735.31
2024-10-23 16:08:49,52.0,37.34950708,-121.93635134000002,1176.27,0.018,-0.24700000000000003,0.0,135.252,0.089,0.042,9554577.470999999,1746735.332
2024-10-23 16:08:50,52.0,37.34950662,-121.93635102,1176.27,0.001,-0.016,0.0,135.26299999999998,0.007000000000000001,0.045,9554577.478999998,1746735.383
2024-10-23 16:08:51,52.0,37.34950634,-121.93634998,1176.27,0.0,0.0,0.0,135.27,0.0,0.025,9554577.417,1746735.413
2024-10-23 16:08:52,52.0,37.34950708,-121.93635176000001,1176.27,0.0,0.0,0.0,135.278,0.0,0.017,9554577.503,1746735.332
2024-10-23 16:08:53,52.0,37.34950617,-121.93634983,1176.27,0.0,0.0,0.0,135.28199999999998,0.0,0.024,9554577.416,1746735.4309999999
2024-10-23 16:08:54,52.0,37.349506489999996,-121.93635051000001,1176.27,0.0,0.0,0.0,135.29,0.0,0.013000000000000001,9554577.447,1746735.3969999999
2024-10-23 16:08:55,52.0,37.34950659,-121.9363505,1176.27,0.0,0.0,0.0,135.291,0.0,0.017,9554577.441,1746735.383
2024-10-23 16:08:56,52.0,37.349506559999995,-121.93635019000001,1176.27,0.0,0.0,0.0,135.3,0.0,0.019,9554577.419,1746735.387
2024-10-23 16:08:57,52.0,37.34950724,-121.93635167,1176.27,0.004,0.001,0.0,135.30300000000003,0.019,0.057999999999999996,9554577.486,1746735.314
2024-10-23 16:08:58,52.0,37.349506229999996,-121.9363501,1176.4540000000002,0.16499999999999998,0.158,0.0,135.32,0.7710000000000001,0.037,9554577.434999999,1746735.423
2024-10-23 16:08:59,52.0,37.34950567,-121.93634948000002,1176.55,0.078,-0.074,0.0,135.326,0.308,0.024,9554577.426,1746735.488
2024-10-23 16:09:00,52.0,37.34950653,-121.93635146,1176.55,0.005,-0.09,0.0,135.33,0.027000000000000003,0.020999999999999998,9554577.522,1746735.393
2024-10-23 16:09:01,52.0,37.34950594,-121.93635014000002,1176.55,0.0,0.002,0.0,135.339,0.0,0.022,9554577.456999999,1746735.457
2024-10-23 16:09:02,52.0,37.349505879999995,-121.93635054,1176.55,0.0,0.0,0.0,135.342,0.0,0.022,9554577.493999999,1746735.463
2024-10-23 16:09:03,52.0,37.34950587,-121.93635084,1176.55,0.0,0.0,0.0,135.35,0.0,0.024,9554577.519,1746735.4640000002
2024-10-23 16:09:04,52.0,37.3495054,-121.93634974,1176.55,0.0,0.0,0.0,135.351,0.0,0.01,9554577.464,1746735.52
2024-10-23 16:09:05,52.0,37.34950538,-121.93635008000001,1176.55,0.0,0.0,0.0,135.36,0.0,0.008,9554577.49,1746735.5219999999
2024-10-23 16:09:06,52.0,37.349504939999996,-121.93634989,1176.55,0.0,0.0,0.0,135.36,0.0,0.0,9554577.511,1746735.5699999998
2024-10-23 16:09:07,52.0,37.34950475,-121.93635022000001,1176.55,0.0,0.0,0.0,135.36,0.0,0.007000000000000001,9554577.548,1746735.595
2024-10-23 16:09:08,52.0,37.349504519999996,-121.93634984,1176.55,0.0,0.0,0.0,135.368,0.0,0.005,9554577.533999998,1746735.618
2024-10-23 16:09:09,52.0,37.34950417,-121.93634985999999,1176.55,0.0,0.0,0.0,135.37,0.0,0.0,9554577.566,1746735.656
2024-10-23 16:09:10,52.0,37.349503729999995,-121.93635025,1176.55,0.0,0.0,0.0,135.37,0.0,0.004,9554577.625,1746735.707
2024-10-23 16:09:11,52.0,37.34950327,-121.9363503,1176.55,0.0,0.0,0.0,135.372,0.0,0.006,9554577.662999999,1746735.758
2024-10-23 16:09:12,52.0,37.34950283,-121.93635016,1176.55,0.0,0.0,0.0,135.38,0.0,0.008,9554577.683,1746735.807
2024-10-23 16:09:13,52.0,37.34950233,-121.93634979000001,1176.55,0.0,0.0,0.0,135.38,0.0,0.016999999999999998,9554577.688,1746735.8620000002
2024-10-23 16:09:14,52.0,37.34950098,-121.93634827000001,1176.55,0.030000000000000006,0.026000000000000002,0.0,135.395,0.12,0.10500000000000001,9554577.664,1746736.012
2024-10-23 16:09:15,52.0,37.34950118,-121.93634844,1176.609,0.11400000000000002,0.087,0.0,135.422,0.528,0.099,9554577.662999999,1746735.991
2024-10-23 16:09:16,52.0,37.349501599999996,-121.93635006,1176.79,0.174,0.075,0.0,135.44,0.734,0.024,9554577.761,1746735.9439999997
2024-10-23 16:09:17,52.0,37.34950052000001,-121.93634881,1176.8,0.017,-0.176,0.0,135.44,0.075,0.011,9554577.74,1746736.0650000002
2024-10-23 16:09:18,52.0,37.349500819999996,-121.93634973,1176.8,0.0,-0.014000000000000002,0.0,135.45,0.005,0.01,9554577.793000001,1746736.0330000003
2024-10-23 16:09:19,52.0,37.34950078,-121.93634981,1176.8,0.0,0.0,0.0,135.45,0.0,0.012,9554577.801,1746736.038
2024-10-23 16:09:20,52.0,37.349500139999996,-121.93634821999999,1176.8,0.0,0.0,0.0,135.457,0.0,0.01,9554577.721,1746736.1060000001
2024-10-23 16:09:21,52.0,37.34950055,-121.93634936999999,1176.8,0.0,0.0,0.0,135.46,0.0,0.01,9554577.781,1746736.0650000002
2024-10-23 16:09:22,52.0,37.34950056,-121.93634929,1176.8,0.0,0.0,0.0,135.46,0.0,0.01,9554577.776999999,1746736.064
2024-10-23 16:09:23,52.0,37.34950022,-121.93634815,1176.8,0.0,0.0,0.0,135.469,0.0,0.007000000000000001,9554577.709999999,1746736.098
2024-10-23 16:09:24,52.0,37.34950075,-121.93634902,1176.8,0.0,0.0,0.0,135.47,0.0,0.01,9554577.741,1746736.039
2024-10-23 16:09:25,52.0,37.34950119,-121.93634992,1176.8,0.0,0.0,0.0,135.474,0.0,0.016,9554577.779,1746735.991
2024-10-23 16:09:26,52.0,37.34950026,-121.93634750999999,1176.8,0.0,0.0,0.0,135.48,0.0,0.033999999999999996,9554577.657,1746736.0920000002
2024-10-23 16:09:27,52.0,37.34949976,-121.93634718000001,1176.8,0.0,0.0,0.0,135.49,0.0,0.023,9554577.667,1746736.148
2024-10-23 16:09:28,52.0,37.34949939,-121.93634775000001,1176.8,0.0,0.0,0.0,135.49,0.0,0.01,9554577.739,1746736.191
2024-10-23 16:09:29,52.0,37.349498940000004,-121.93634831,1176.8,0.0,0.0,0.0,135.499,0.0,0.01,9554577.815000001,1746736.243
2024-10-23 16:09:30,52.0,37.349498319999995,-121.93634867,1176.8,0.0,0.0,0.0,135.5,0.0,0.002,9554577.886,1746736.3080000002
2024-10-23 16:09:31,52.0,37.349498260000004,-121.93634886,1176.8,0.0,0.0,0.0,135.5,0.0,0.001,9554577.907000002,1746736.318
2024-10-23 16:09:32,52.0,37.349498249999996,-121.93634906,1176.8,0.0,0.0,0.0,135.502,0.0,0.001,9554577.921,1746736.325
2024-10-23 16:09:33,52.0,37.34949841,-121.93634892,1176.8,0.0,0.0,0.0,135.51,0.0,0.0,9554577.897,1746736.304
2024-10-23 16:09:34,52.0,37.34949876,-121.93634876000002,1176.8,0.0,0.0,0.0,135.51,0.0,0.0,9554577.86,1746736.264
2024-10-23 16:09:35,52.0,37.34949904,-121.93634858,1176.8,0.0,0.0,0.0,135.51,0.0,0.003,9554577.826000001,1746736.234
2024-10-23 16:09:36,52.0,37.349499359999996,-121.93634823,1176.8,0.0,0.0,0.0,135.51299999999998,0.0,0.0,9554577.779,1746736.1939999997
2024-10-23 16:09:37,52.0,37.34949968,-121.93634778,1176.8,0.0,0.0,0.0,135.52,0.0,0.001,9554577.72,1746736.1619999998
2024-10-23 16:09:38,52.0,37.3494997,-121.93634746000001,1176.8,0.0,0.0,0.0,135.52,0.0,0.0,9554577.694999998,1746736.1599999997
2024-10-23 16:09:39,52.0,37.3495,-121.93634714,1176.8,0.0,0.0,0.0,135.52,0.0,0.0,9554577.646,1746736.1199999999
2024-10-23 16:09:40,52.0,37.34950039,-121.93634675999999,1176.8,0.0,0.0,0.0,135.52100000000002,0.0,0.0,9554577.591,1746736.0760000001
2024-10-23 16:09:41,52.0,37.34950081,-121.93634655999999,1176.8,0.0,0.0,0.0,135.53,0.0,0.0,9554577.543000001,1746736.0289999999
2024-10-23 16:09:42,52.0,37.34950165,-121.93634621999999,1176.8,0.0,0.0,0.0,135.53,0.0,0.0,9554577.454,1746735.9349999998
2024-10-23 16:09:43,52.0,37.34950241,-121.93634598000001,1176.8,0.0,0.0,0.0,135.53,0.0,0.0,9554577.383,1746735.8490000002
2024-10-23 16:09:44,52.0,37.34950313,-121.93634575000002,1176.8,0.0,0.0,0.0,135.53,0.0,0.0,9554577.313,1746735.768
2024-10-23 16:09:45,52.0,37.3495038,-121.93634554,1176.8,0.0,0.0,0.0,135.53699999999998,0.0,0.0,9554577.249,1746735.691
2024-10-23 16:09:46,52.0,37.34950447999999,-121.93634532000002,1176.8,0.0,0.0,0.0,135.54,0.0,0.0,9554577.184,1746735.616
2024-10-23 16:09:47,52.0,37.34950525,-121.93634512000001,1176.8,0.0,0.0,0.0,135.54,0.0,0.0,9554577.11,1746735.527
2024-10-23 16:09:48,52.0,37.34950596,-121.93634481,1176.8,0.0,0.0,0.0,135.54,0.0,0.0,9554577.036,1746735.448
2024-10-23 16:09:49,52.0,37.34950644,-121.93634464000002,1176.8,0.0,0.0,0.0,135.544,0.0,0.007000000000000001,9554576.987,1746735.395
2024-10-23 16:09:50,52.0,37.34950673,-121.93634424,1176.8,0.0,0.0,0.0,135.55,0.0,0.014000000000000002,9554576.936999999,1746735.357
2024-10-23 16:09:51,52.0,37.34950688,-121.93634417999999,1176.8,0.0,0.0,0.0,135.55100000000002,0.0,0.022,9554576.923,1746735.3420000002
2024-10-23 16:09:52,52.0,37.34950823,-121.93634420000001,1176.8,0.0,0.0,0.0,135.56,0.0,0.03,9554576.828,1746735.193
2024-10-23 16:09:53,52.0,37.34951136,-121.93634625,1176.8,0.0,0.0,0.0,135.56799999999998,0.0,0.039,9554576.765,1746734.8420000002
2024-10-23 16:09:54,52.0,37.3495135,-121.93634692,1176.8,0.0,0.0,0.0,135.58,0.0,0.051000000000000004,9554576.665000001,1746734.6030000001
2024-10-23 16:09:55,52.0,37.34951394,-121.93635117000001,1176.8,0.0,0.0,0.0,135.59,0.0,0.039,9554576.967999998,1746734.561
2024-10-23 16:09:56,52.0,37.349515939999996,-121.93635099999999,1176.8,0.0,0.0,0.0,135.6,0.0,0.034,9554576.814,1746734.3309999998
2024-10-23 16:09:57,52.0,37.34951687,-121.93635273,1176.8,0.0,0.0,0.0,135.608,0.0,0.026000000000000002,9554576.881000001,1746734.2329999998
2024-10-23 16:09:58,52.0,37.34951744,-121.93635535000001,1176.8,0.0,0.0,0.0,135.613,0.0,0.026000000000000002,9554577.048,1746734.1739999999
2024-10-23 16:09:59,52.0,37.34951734,-121.93635630000001,1176.8,0.0,0.0,0.0,135.62,0.0,0.017,9554577.127,1746734.186
2024-10-23 16:10:00,52.0,37.34951694,-121.93635692000001,1176.8,0.0,0.0,0.0,135.62,0.0,0.002,9554577.206,1746734.23
2024-10-23 16:10:01,52.0,37.34951629,-121.9363572,1176.8,0.0,0.0,0.0,135.629,0.0,0.019,9554577.275,1746734.303
2024-10-23 16:10:02,52.0,37.349515710000006,-121.93635581999999,1176.8,0.0,0.0,0.0,135.631,0.0,0.027000000000000003,9554577.209,1746734.368
2024-10-23 16:10:03,52.0,37.34951509,-121.93635404,1176.8,0.0,0.0,0.0,135.64,0.0,0.017,9554577.111,1746734.432
2024-10-23 16:10:04,52.0,37.34951496,-121.93635541,1176.8,0.0,0.0,0.0,135.64,0.0,0.013000000000000001,9554577.228,1746734.451
2024-10-23 16:10:05,52.0,37.34951456,-121.93635707000001,1176.8,0.0,0.0,0.0,135.65,0.0,0.01,9554577.388,1746734.497
2024-10-23 16:10:06,52.0,37.349514140000004,-121.9363572,1176.8,0.0,0.0,0.0,135.65,0.0,0.002,9554577.428,1746734.546
2024-10-23 16:10:07,52.0,37.34951376,-121.9363572,1176.8,0.0,0.0,0.0,135.65,0.0,0.0,9554577.454,1746734.584
2024-10-23 16:10:08,52.0,37.3495137,-121.93635704,1176.8,0.0,0.0,0.0,135.655,0.0,0.0,9554577.444,1746734.5900000003
2024-10-23 16:10:09,52.0,37.34951376,-121.9363568,1176.8,0.0,0.0,0.0,135.66,0.0,0.0,9554577.423999999,1746734.584
2024-10-23 16:10:10,52.0,37.349513879999996,-121.93635678000001,1176.8,0.0,0.0,0.0,135.66,0.0,0.0,9554577.414,1746734.572
2024-10-23 16:10:11,52.0,37.34951412,-121.9363567,1176.8,0.0,0.0,0.0,135.66,0.0,0.0,9554577.388,1746734.548
2024-10-23 16:10:12,52.0,37.34951421,-121.9363566,1176.8,0.0,0.0,0.0,135.66199999999998,0.0,0.0,9554577.374,1746734.539
2024-10-23 16:10:13,52.0,37.3495144,-121.9363566,1176.8,0.0,0.0,0.0,135.67,0.0,0.0,9554577.361,1746734.515
2024-10-23 16:10:14,52.0,37.34951468,-121.9363567,1176.8,0.0,0.0,0.0,135.67,0.0,0.0,9554577.35,1746734.482
2024-10-23 16:10:15,52.0,37.34951496,-121.93635674,1176.8,0.0,0.0,0.0,135.67,0.0,0.0,9554577.334999999,1746734.454
2024-10-23 16:10:16,52.0,37.34951522,-121.93635681999999,1176.8,0.0,0.0,0.0,135.67,0.0,0.0,9554577.32,1746734.4259999997
2024-10-23 16:10:17,52.0,37.34951538,-121.93635698,1176.8,0.0,0.0,0.0,135.677,0.0,0.0,9554577.324000001,1746734.402
2024-10-23 16:10:18,52.0,37.34951562,-121.93635716000001,1176.8,0.0,0.0,0.0,135.68,0.0,0.0,9554577.322,1746734.378
2024-10-23 16:10:19,52.0,37.3495157,-121.93635714,1176.8,0.0,0.0,0.0,135.68,0.0,0.0,9554577.314,1746734.3700000003
2024-10-23 16:10:20,52.0,37.34951585,-121.93635689,1176.8,0.0,0.0,0.0,135.68,0.0,0.0,9554577.28,1746734.3539999998
2024-10-23 16:10:21,52.0,37.3495165,-121.93635647,1176.8,0.0,0.0,0.0,135.68,0.0,0.0,9554577.2,1746734.2780000002
2024-10-23 16:10:22,52.0,37.34951718,-121.93635598,1176.8,0.0,0.0,0.0,135.689,0.0,0.0,9554577.115,1746734.202
2024-10-23 16:10:23,52.0,37.34951792,-121.93635548,1176.8,0.0,0.0,0.0,135.69,0.0,0.0,9554577.023,1746734.118
2024-10-23 16:10:24,52.0,37.349518419999995,-121.93635518,1176.8,0.0,0.0,0.0,135.69,0.0,0.0,9554576.963000001,1746734.06
2024-10-23 16:10:25,52.0,37.34951887,-121.936355,1176.8,0.0,0.0,0.0,135.69,0.0,0.003,9554576.917,1746734.0129999998
2024-10-23 16:10:26,52.0,37.34951924,-121.93635548,1176.8,0.0,0.0,0.0,135.698,0.0,0.027000000000000003,9554576.929000001,1746733.966
2024-10-23 16:10:27,52.0,37.34951926,-121.93635555,1176.8,0.0,0.0,0.0,135.70499999999998,0.0,0.027000000000000003,9554576.933,1746733.9640000002
2024-10-23 16:10:28,52.0,37.3495188,-121.93635527,1176.8,0.0,0.0,0.0,135.71,0.0,0.02,9554576.944,1746734.018
2024-10-23 16:10:29,52.0,37.34951722,-121.93635638,1176.8,0.0,0.0,0.0,135.719,0.0,0.012,9554577.144,1746734.1989999998
2024-10-23 16:10:30,52.0,37.34951628,-121.93635710999999,1176.8,0.0,0.0,0.0,135.72,0.0,0.01,9554577.267,1746734.304
2024-10-23 16:10:31,52.0,37.34951554,-121.93635769,1176.8,0.0,0.0,0.0,135.72,0.0,0.003,9554577.366,1746734.39
2024-10-23 16:10:32,52.0,37.349515440000005,-121.93635792,1176.8,0.0,0.0,0.0,135.72899999999998,0.0,0.014000000000000002,9554577.39,1746734.3989999997
2024-10-23 16:10:33,52.0,37.3495155,-121.93635835,1176.8,0.0,0.0,0.0,135.73,0.0,0.016,9554577.42,1746734.39
2024-10-23 16:10:34,52.0,37.3495155,-121.93635867,1176.8,0.0,0.0,0.0,135.73600000000002,0.0,0.001,9554577.447,1746734.39
2024-10-23 16:10:35,52.0,37.34951532,-121.93635887999999,1176.8,0.0,0.0,0.0,135.74,0.0,0.006,9554577.476,1746734.416
2024-10-23 16:10:36,52.0,37.34951478,-121.93635921,1176.8,0.0,0.0,0.0,135.74,0.0,0.005,9554577.541,1746734.473
2024-10-23 16:10:37,52.0,37.3495144,-121.93635942,1176.8,0.0,0.0,0.0,135.74,0.0,0.0,9554577.586,1746734.52
2024-10-23 16:10:38,52.0,37.34951446,-121.93635967,1176.8,0.0,0.0,0.0,135.749,0.0,0.0,9554577.6,1746734.514
2024-10-23 16:10:39,52.0,37.349514750000004,-121.93635982,1176.8,0.0,0.0,0.0,135.75,0.0,0.0,9554577.591,1746734.48
2024-10-23 16:10:40,52.0,37.34951494,-121.93635997999999,1176.8,0.0,0.0,0.0,135.75,0.0,0.0,9554577.591,1746734.4559999998
2024-10-23 16:10:41,52.0,37.34951514,-121.93636007999999,1176.8,0.0,0.0,0.0,135.75,0.0,0.0,9554577.583,1746734.436
2024-10-23 16:10:42,52.0,37.349515,-121.93636031000001,1176.8,0.0,0.0,0.0,135.753,0.0,0.0,9554577.611,1746734.451
2024-10-23 16:10:43,52.0,37.349514909999996,-121.93636062,1176.8,0.0,0.0,0.0,135.76,0.0,0.0,9554577.644,1746734.463
2024-10-23 16:10:44,52.0,37.349514539999994,-121.93636074999999,1176.8,0.0,0.0,0.0,135.76,0.0,0.0,9554577.681,1746734.5059999998
2024-10-23 16:10:45,52.0,37.34951466,-121.93636102,1176.8,0.0,0.0,0.0,135.76,0.0,0.0,9554577.693,1746734.4940000002
2024-10-23 16:10:46,52.0,37.34951476,-121.93636125,1176.8,0.0,0.0,0.0,135.76,0.0,0.0,9554577.7,1746734.484
2024-10-23 16:10:47,52.0,37.349514979999995,-121.93636134,1176.8,0.0,0.0,0.0,135.76600000000002,0.0,0.0,9554577.693,1746734.455
2024-10-23 16:10:48,52.0,37.349515430000004,-121.9363615,1176.8,0.0,0.0,0.0,135.77,0.0,0.0,9554577.673999999,1746734.4070000001
2024-10-23 16:10:49,52.0,37.34951574,-121.93636174000001,1176.8,0.0,0.0,0.0,135.77,0.0,0.0,9554577.67,1746734.372
2024-10-23 16:10:50,52.0,37.349515960000005,-121.93636203999999,1176.8,0.0,0.0,0.0,135.77,0.0,0.0,9554577.678,1746734.344
2024-10-23 16:10:51,52.0,37.34951625,-121.93636260999999,1176.8,0.0,0.0,0.0,135.772,0.0,0.009,9554577.702,1746734.3150000002
2024-10-23 16:10:52,52.0,37.349516339999994,-121.93636314,1176.8,0.0,0.0,0.0,135.78,0.0,0.019,9554577.74,1746734.3060000003
2024-10-23 16:10:53,52.0,37.349516879999996,-121.93636316,1176.8029999999999,0.001,0.0,0.0,135.783,0.006999999999999999,0.057999999999999996,9554577.704,1746734.2449999999
2024-10-23 16:10:54,52.0,37.34951789,-121.93636478,1177.1380000000001,0.252,0.22599999999999998,0.0,135.831,1.396,0.43200000000000005,9554577.756000001,1746734.133
2024-10-23 16:10:55,52.0,37.34951478,-121.93636181,1178.045,0.756,0.476,0.0,136.001,6.017,0.861,9554577.746,1746734.4780000001
2024-10-23 16:10:56,52.0,37.349508330000006,-121.93634818000001,1179.508,1.533,0.8800000000000001,0.0,136.238,6.9959999999999996,0.9390000000000001,9554577.133,1746735.1870000002
2024-10-23 16:10:57,52.0,37.34951106,-121.93633953999999,1180.575,0.9369999999999999,-0.6689999999999999,0.0,136.423,3.467,0.576,9554576.257000001,1746734.8649999998
2024-10-23 16:10:58,52.0,37.34951665,-121.93633497,1181.419,0.783,-0.10700000000000001,0.0,136.589,2.948,0.6900000000000001,9554575.498,1746734.2329999998
2024-10-23 16:10:59,52.0,37.34952343,-121.93632709,1182.5629999999999,1.1019999999999999,0.277,0.0,136.749,7.574,0.701,9554574.393,1746733.459
2024-10-23 16:11:00,52.0,37.34952492,-121.93632876,1183.824,0.9279999999999999,-0.242,0.0,136.954,6.802,0.827,9554574.418000001,1746733.293
2024-10-23 16:11:01,52.0,37.3495176,-121.9363372,1185.016,1.259,0.462,0.0,137.125,4.726,0.442,9554575.605,1746734.128
2024-10-23 16:11:02,52.0,37.34951625,-121.93633340000001,1185.634,0.458,-0.876,0.0,137.19199999999998,2.3810000000000002,0.27199999999999996,9554575.403,1746734.277
2024-10-23 16:11:03,52.0,37.3495097,-121.93632737,1186.6799999999998,1.044,0.594,0.0,137.288,6.565,0.546,9554575.395,1746735.0019999999
2024-10-23 16:11:04,52.0,37.3494982,-121.93632509,1188.149,1.451,0.499,0.0,137.487,6.218,0.9259999999999999,9554576.037999999,1746736.2940000002
2024-10-23 16:11:05,52.0,37.34950616,-121.93631129,1189.981,1.6969999999999998,0.162,0.0,137.702,14.519,0.889,9554574.383,1746735.378
2024-10-23 16:11:06,52.0,37.349519550000004,-121.9362967,1191.9950000000001,2.036,0.43600000000000005,0.0,137.95999999999998,6.6450000000000005,1.075,9554572.276999999,1746733.8539999998
2024-10-23 16:11:07,52.0,37.34951764,-121.93630395,1193.578,1.145,-1.066,0.0,138.192,12.281,0.78,9554572.984000001,1746734.0780000002
2024-10-23 16:11:08,52.0,37.34951511,-121.93631691,1195.0790000000002,1.358,0.394,0.0,138.393,5.377000000000001,0.806,9554574.184,1746734.3809999998
2024-10-23 16:11:09,52.0,37.34952227,-121.93631104,1196.1290000000001,1.05,-0.47000000000000003,0.0,138.567,6.723999999999999,0.657,9554573.211,1746733.5670000003
2024-10-23 16:11:10,52.0,37.34953302,-121.93630429,1197.499,1.408,0.471,0.0,138.753,6.162999999999999,0.959,9554571.912,1746732.35
2024-10-23 16:11:11,52.0,37.34953418,-121.93631018,1198.684,0.843,-0.674,0.0,139.078,6.167,2.005,9554572.293,1746732.2280000001
2024-10-23 16:11:12,52.0,37.34953401,-121.9363184,1200.076,1.036,0.263,0.0,139.661,4.223,1.583,9554572.954,1746732.257
2024-10-23 16:11:13,52.0,37.34954328,-121.93631983,1201.477,1.193,0.0029999999999999584,0.0,139.92000000000002,17.6,1.1400000000000001,9554572.403,1746731.2170000002
2024-10-23 16:11:14,52.0,37.34957562,-121.93633852,1205.4540000000002,3.9770000000000003,2.943,0.0,140.31900000000002,54.220000000000006,2.028,9554571.565000001,1746727.6039999998
2024-10-23 16:11:15,52.0,37.34962152,-121.93636391,1211.036,5.623,1.716,0.0,140.823,42.093,2.038,9554570.285,1746722.477
2024-10-23 16:11:16,52.0,37.34966727,-121.93639912,1217.0149999999999,5.93,0.275,0.0,141.364,23.856,2.3,9554569.787999999,1746717.3810000003
2024-10-23 16:11:17,52.0,37.34970762,-121.93643107,1222.336,5.2490000000000006,-0.6910000000000001,0.0,141.974,12.728,2.402,9554569.422,1746712.887
2024-10-23 16:11:18,52.0,37.349741,-121.93644855,1226.478,4.08,-1.186,0.0,142.638,9.482,2.933,9554568.412,1746709.1579999998
2024-10-23 16:11:19,52.0,37.349752009999996,-121.93642265000001,1230.063,3.243,-0.99,0.0,143.231,32.773,2.148,9554565.586,1746707.884
2024-10-23 16:11:20,52.0,37.349745760000005,-121.93638433000001,1233.6370000000002,3.719,0.7969999999999999,0.0,143.96200000000002,21.740000000000002,2.964,9554563.014,1746708.5329999998
2024-10-23 16:11:21,52.0,37.34973872,-121.93636977999999,1235.502,1.6170000000000002,-2.4370000000000003,0.0,144.534,16.845,2.183,9554562.372,1746709.3059999999
2024-10-23 16:11:22,52.0,37.34972487,-121.93635789,1237.48,2.0140000000000002,0.642,0.0,145.009,7.684,1.169,9554562.422999999,1746710.8469999998
2024-10-23 16:11:23,52.0,37.3497342,-121.9363611,1238.991,1.323,-0.843,0.0,145.223,16.915,0.974,9554562.010000002,1746709.803
2024-10-23 16:11:24,52.0,37.349749880000005,-121.93637894999999,1241.507,2.5149999999999997,1.301,0.0,145.527,12.306999999999999,1.258,9554562.295,1746708.064
2024-10-23 16:11:25,52.0,37.34974829,-121.93641423,1244.758,3.31,0.7270000000000001,0.0,145.902,28.869999999999997,2.319,9554565.189,1746708.2920000001
2024-10-23 16:11:26,52.0,37.349736969999995,-121.93644622,1248.0040000000001,3.2359999999999998,0.060999999999999985,0.0,146.594,8.681000000000001,2.451,9554568.515999999,1746709.6079999998
2024-10-23 16:11:27,52.0,37.34973654,-121.93643576,1250.377,1.576,-1.936,0.0,147.115,22.689,2.102,9554567.723000001,1746709.6420000002
2024-10-23 16:11:28,52.0,37.34972983,-121.93642715000001,1252.484,1.8760000000000001,0.42400000000000004,0.0,147.632,8.39,1.7719999999999998,9554567.526,1746710.3850000002
2024-10-23 16:11:29,52.0,37.349727869999995,-121.93643812,1254.141,1.472,-0.43499999999999994,0.0,147.995,6.468000000000001,1.347,9554568.528,1746710.621
2024-10-23 16:11:30,52.0,37.34974409,-121.93643182000001,1256.337,2.238,0.818,0.0,148.334,17.136000000000003,1.242,9554566.875,1746708.788
2024-10-23 16:11:31,52.0,37.34975352,-121.93640941000001,1258.676,2.3649999999999998,0.188,0.0,148.601,8.366,0.977,9554564.434999999,1746707.6949999998
2024-10-23 16:11:32,52.0,37.34976687,-121.93640226,1260.6290000000001,1.8980000000000001,-0.537,0.0,148.857,6.412999999999999,1.101,9554562.918000001,1746706.186
2024-10-23 16:11:33,52.0,37.349773119999995,-121.93639883,1261.986,1.126,-0.7939999999999999,0.0,149.108,4.087,0.938,9554562.202,1746705.477
2024-10-23 16:11:34,52.0,37.34976943,-121.93639754,1263.089,0.876,-0.262,0.0,149.47,3.8589999999999995,1.9419999999999997,9554562.364,1746705.89
2024-10-23 16:11:35,52.0,37.349773920000004,-121.93639762000001,1264.221,0.857,0.064,0.0,149.97,3.905,1.8760000000000001,9554562.047,1746705.386
2024-10-23 16:11:36,52.0,37.34976873,-121.93639720000002,1265.1950000000002,0.791,-0.10299999999999998,0.0,150.376,5.493,1.408,9554562.388,1746705.9679999999
2024-10-23 16:11:37,52.0,37.34975743,-121.93639390000001,1266.594,1.375,0.596,0.0,150.653,7.891,0.8630000000000001,9554562.934,1746707.234
2024-10-23 16:11:38,52.0,37.34974097,-121.93640723000001,1269.033,2.386,1.0050000000000001,0.0,150.894,20.330000000000002,1.175,9554565.159,1746709.1030000001
2024-10-23 16:11:39,52.0,37.34973231,-121.93643898,1272.0639999999999,3.0780000000000003,0.754,0.0,151.223,13.782999999999998,1.392,9554568.282,1746710.122
2024-10-23 16:11:40,52.0,37.34972481,-121.93645776999999,1274.297,1.985,-1.0550000000000002,0.0,151.584,4.902,1.4,9554570.295,1746710.991
2024-10-23 16:11:41,52.0,37.34972556,-121.93643517000001,1276.67,2.257,0.07000000000000002,0.0,151.89600000000002,34.461,1.286,9554568.462000001,1746710.8760000002
2024-10-23 16:11:42,52.0,37.34974034,-121.93639933,1280.459,3.821,1.736,0.0,152.3,22.655,1.923,9554564.583,1746709.166
2024-10-23 16:11:43,52.0,37.34976806,-121.93638492,1283.94,3.563,-0.207,0.0,152.845,13.141,2.039,9554561.467,1746706.0289999999
2024-10-23 16:11:44,52.0,37.34977256,-121.93638862,1285.184,0.9099999999999999,-2.805,0.0,153.168,3.772,0.829,9554561.437,1746705.527
2024-10-23 16:11:45,52.0,37.34978039,-121.93638309,1286.459,1.136,0.173,0.0,153.43099999999998,12.126999999999999,1.7009999999999998,9554560.442,1746704.6379999998
2024-10-23 16:11:46,52.0,37.34979114,-121.93637188,1288.482,1.8579999999999999,0.967,0.0,153.905,11.743,1.2029999999999998,9554558.791,1746703.414
2024-10-23 16:11:47,52.0,37.34978281,-121.93636900999999,1289.5520000000001,1.029,-1.053,0.0,154.081,5.3950000000000005,0.735,9554559.16,1746704.348
2024-10-23 16:11:48,52.0,37.34977264,-121.93636543,1290.775,1.202,0.24700000000000003,0.0,154.22899999999998,5.133,0.309,9554559.603,1746705.485
2024-10-23 16:11:49,52.0,37.349765489999996,-121.93635868999999,1291.825,0.921,-0.27999999999999997,0.0,154.287,3.278,0.211,9554559.585,1746706.281
2024-10-23 16:11:50,52.0,37.3497617,-121.93635427,1292.469,0.58,-0.376,0.0,154.326,2.3600000000000003,0.136,9554559.509,1746706.7
2024-10-23 16:11:51,52.0,37.34976099,-121.93635167,1293.0059999999999,0.44699999999999995,-0.139,0.0,154.366,1.8960000000000001,0.158,9554559.354,1746706.777
2024-10-23 16:11:52,52.0,37.34976384,-121.93635615999999,1293.575,0.571,0.13699999999999998,0.0,154.398,2.705,0.126,9554559.503,1746706.462
2024-10-23 16:11:53,52.0,37.34976833,-121.93636054000001,1294.2630000000001,0.679,0.156,0.0,154.438,2.928,0.16899999999999998,9554559.526999999,1746705.963
2024-10-23 16:11:54,52.0,37.34977242,-121.93636382,1294.843,0.548,-0.156,0.0,154.471,2.388,0.092,9554559.495000001,1746705.509
2024-10-23 16:11:55,52.0,37.34977375,-121.93636249000001,1295.183,0.274,-0.282,0.0,154.493,0.977,0.10600000000000001,9554559.295,1746705.3579999998
2024-10-23 16:11:56,52.0,37.34977288,-121.93636326000001,1295.35,0.15,-0.126,0.0,154.518,0.641,0.072,9554559.417,1746705.454
2024-10-23 16:11:57,52.0,37.34977284,-121.93636269999999,1295.35,0.024,-0.124,0.0,154.53,0.11100000000000002,0.032,9554559.376,1746705.4559999998
2024-10-23 16:11:58,52.0,37.34977271,-121.93636231999999,1295.35,0.0,-0.022,0.0,154.54,0.006,0.033,9554559.351,1746705.469
2024-10-23 16:11:59,52.0,37.349772789999996,-121.9363623,1295.35,0.0,0.0,0.0,154.547,0.0,0.03,9554559.35,1746705.461
2024-10-23 16:12:00,52.0,37.349773060000004,-121.9363621,1295.35,0.0,0.0,0.0,154.55300000000003,0.0,0.022,9554559.309,1746705.434
2024-10-23 16:12:01,52.0,37.34977338,-121.936362,1295.368,0.006,0.003,0.0,154.56199999999998,0.028000000000000004,0.054000000000000006,9554559.28,1746705.3989999997
2024-10-23 16:12:02,52.0,37.34977462,-121.93636008000001,1295.699,0.225,0.238,0.0,154.58200000000002,1.008,0.08499999999999999,9554559.043,1746705.258
2024-10-23 16:12:03,52.0,37.34977536,-121.93636157,1295.815,0.10800000000000001,-0.11599999999999999,0.0,154.598,0.46799999999999997,0.052000000000000005,9554559.107,1746705.1759999997
2024-10-23 16:12:04,52.0,37.34977517,-121.93636182,1295.83,0.011,-0.119,0.0,154.609,0.053000000000000005,0.044,9554559.14,1746705.197
2024-10-23 16:12:05,52.0,37.34977554,-121.93636039999998,1295.887,0.039,0.01,0.0,154.626,0.24500000000000002,0.10800000000000001,9554559.0,1746705.151
2024-10-23 16:12:06,52.0,37.34977836,-121.93635747,1296.319,0.458,0.458,0.0,154.659,2.0789999999999997,0.10500000000000001,9554558.569,1746704.832
2024-10-23 16:12:07,52.0,37.34977669,-121.93635810999999,1296.646,0.28200000000000003,-0.198,0.0,154.677,1.342,0.061,9554558.738,1746705.019
2024-10-23 16:12:08,52.0,37.34977188,-121.93635878,1297.15,0.55,0.262,0.0,154.701,2.827,0.137,9554559.136,1746705.5620000002
2024-10-23 16:12:09,52.0,37.3497654,-121.93635879000001,1297.912,0.783,0.264,0.0,154.736,3.397,0.122,9554559.598000001,1746706.2920000001
2024-10-23 16:12:10,52.0,37.34976018,-121.93635657,1298.575,0.649,-0.147,0.0,154.768,2.659,0.126,9554559.797999999,1746706.8739999998
2024-10-23 16:12:11,52.0,37.349758359999996,-121.93635348000001,1298.987,0.34199999999999997,-0.29900000000000004,0.0,154.792,1.215,0.08499999999999999,9554559.684999999,1746707.0740000003
2024-10-23 16:12:12,52.0,37.34975913,-121.93635517,1299.2,0.182,-0.184,0.0,154.814,0.8380000000000001,0.076,9554559.763,1746706.992
2024-10-23 16:12:13,52.0,37.34976023,-121.93635572000001,1299.25,0.11000000000000001,-0.05,0.0,154.825,0.457,0.033999999999999996,9554559.727,1746706.867
2024-10-23 16:12:14,52.0,37.34976105,-121.93635280999999,1299.25,0.006,-0.121,0.0,154.835,0.033,0.038,9554559.438,1746706.77
2024-10-23 16:12:15,52.0,37.34976148,-121.93635165,1299.25,0.0,-0.002,0.0,154.842,0.001,0.027000000000000003,9554559.316,1746706.7219999998
2024-10-23 16:12:16,52.0,37.349761799999996,-121.93635135,1299.25,0.0,0.0,0.0,154.85,0.0,0.025,9554559.271,1746706.6879999998
2024-10-23 16:12:17,52.0,37.34976215,-121.93635096,1299.25,0.0,0.0,0.0,154.858,0.0,0.066,9554559.212000001,1746706.645
2024-10-23 16:12:18,52.0,37.34976641,-121.93635354999999,1299.72,0.47400000000000003,0.449,0.0,154.91,3.5730000000000004,0.426,9554559.113,1746706.17
2024-10-23 16:12:19,52.0,37.34977616,-121.9363597,1300.943,1.212,0.795,0.0,155.018,6.193,0.365,9554558.903,1746705.0829999999
2024-10-23 16:12:20,52.0,37.349783560000006,-121.93636104,1302.231,1.087,-0.088,0.0,155.15699999999998,4.35,0.8,9554558.478999998,1746704.2519999999
2024-10-23 16:12:21,52.0,37.34977388,-121.93635469,1303.656,1.384,0.24799999999999994,0.0,155.413,9.187999999999999,0.954,9554558.671,1746705.332
2024-10-23 16:12:22,52.0,37.34976835,-121.93635205999999,1304.409,0.607,-0.805,0.0,155.547,2.582,0.496,9554558.856999999,1746705.95
2024-10-23 16:12:23,52.0,37.34975455,-121.93635122999999,1305.961,1.653,1.08,0.0,155.769,12.006,1.064,9554559.78,1746707.5019999999
2024-10-23 16:12:24,52.0,37.34974284,-121.93635035,1307.282,1.317,-0.325,0.0,155.93099999999998,4.715999999999999,0.251,9554560.547,1746708.816
2024-10-23 16:12:25,52.0,37.34973266,-121.93634789000001,1308.449,1.172,-0.19,0.0,155.983,4.747,0.2,9554561.079,1746709.957
2024-10-23 16:12:26,52.0,37.34972385,-121.93634374000001,1309.5120000000002,1.06,-0.10800000000000001,0.0,156.03,4.524,0.167,9554561.382,1746710.941
2024-10-23 16:12:27,52.0,37.34971524,-121.93633909,1310.578,1.059,0.008,0.0,156.06900000000002,4.438,0.158,9554561.629999999,1746711.905
2024-10-23 16:12:28,52.0,37.34970815,-121.93633532999999,1311.46,0.8720000000000001,-0.185,0.0,156.109,3.357,0.158,9554561.842,1746712.696
2024-10-23 16:12:29,52.0,37.349702279999995,-121.93633394000001,1312.178,0.697,-0.185,0.0,156.151,2.82,0.173,9554562.153,1746713.355
2024-10-23 16:12:30,52.0,37.34969853,-121.93633322999999,1312.679,0.487,-0.205,0.0,156.183,1.816,0.075,9554562.363,1746713.777
2024-10-23 16:12:31,52.0,37.3496978,-121.93633344,1312.79,0.086,-0.41,0.0,156.198,0.324,0.074,9554562.433,1746713.86
2024-10-23 16:12:32,52.0,37.34969854,-121.93633445,1313.014,0.10200000000000001,0.018999999999999996,0.0,156.24200000000002,0.586,0.40700000000000003,9554562.459,1746713.777
2024-10-23 16:12:33,52.0,37.34971342,-121.93634975,1315.262,2.2359999999999998,2.07,0.0,156.498,40.329,1.8210000000000002,9554562.602,1746712.1239999998
2024-10-23 16:12:34,52.0,37.34975205,-121.93636341999999,1319.8049999999998,4.681,2.614,0.0,157.03199999999998,41.062,2.506,9554560.917,1746707.798
2024-10-23 16:12:35,52.0,37.34978873,-121.93637041,1323.9969999999998,4.299,-0.31799999999999995,0.0,157.827,14.344999999999999,3.033,9554558.847,1746703.6809999999
2024-10-23 16:12:36,52.0,37.34979138,-121.93638179,1325.852,1.575,-2.902,0.0,158.314,5.109,1.0459999999999998,9554559.552,1746703.401
2024-10-23 16:12:37,52.0,37.34978486,-121.93637872,1326.747,0.884,-0.717,0.0,158.486,3.8579999999999997,1.269,9554559.776999999,1746704.1309999998
2024-10-23 16:12:38,52.0,37.349778040000004,-121.93637933,1327.778,0.8939999999999999,0.086,0.0,159.108,3.655,2.616,9554560.314,1746704.898
2024-10-23 16:12:39,52.0,37.34977913,-121.93638370000001,1328.641,0.502,-0.43100000000000005,0.0,159.43900000000002,2.923,0.392,9554560.581,1746704.78
2024-10-23 16:12:40,52.0,37.34977603,-121.93639266999999,1329.59,0.897,0.42300000000000004,0.0,159.518,3.944,0.227,9554561.507,1746705.1420000002
2024-10-23 16:12:41,52.0,37.34977052,-121.9363953,1330.325,0.714,-0.202,0.0,159.55599999999998,2.898,0.158,9554562.11,1746705.766
2024-10-23 16:12:42,52.0,37.34976681,-121.93639037,1331.019,0.642,-0.091,0.0,159.595,2.96,0.122,9554561.986,1746706.175
2024-10-23 16:12:43,52.0,37.34976603,-121.93638432,1331.691,0.63,-0.0010000000000000009,0.0,159.625,2.522,0.126,9554561.565000001,1746706.2559999998
2024-10-23 16:12:44,52.0,37.349766599999995,-121.93637788999999,1332.341,0.617,-0.027000000000000003,0.0,159.655,2.936,0.134,9554561.019,1746706.1829999997
2024-10-23 16:12:45,52.0,37.34976866,-121.93637295,1332.943,0.548,-0.037,0.0,159.693,2.09,0.139,9554560.483,1746705.9419999998
2024-10-23 16:12:46,52.0,37.34977024,-121.93636817,1333.434,0.5309999999999999,-0.033999999999999996,0.0,159.723,2.497,0.095,9554559.993,1746705.759
2024-10-23 16:12:47,52.0,37.349771579999995,-121.93636658,1333.7069999999999,0.275,-0.23900000000000002,0.0,159.738,0.9279999999999999,0.033999999999999996,9554559.77,1746705.6060000001
2024-10-23 16:12:48,52.0,37.34977087,-121.93636842000001,1333.773,0.069,-0.257,0.0,159.746,0.346,0.049,9554559.965,1746705.689
2024-10-23 16:12:49,52.0,37.34977033,-121.93637025000001,1333.9479999999999,0.17099999999999999,0.15,0.0,159.75799999999998,0.73,0.032,9554560.15,1746705.754
2024-10-23 16:12:50,52.0,37.34977141,-121.93636841,1333.95,0.008,-0.179,0.0,159.76600000000002,0.05,0.036,9554559.928,1746705.6269999999
2024-10-23 16:12:51,52.0,37.34977206,-121.93636771999999,1333.95,0.0,-0.007000000000000001,0.0,159.775,0.002,0.033999999999999996,9554559.826000001,1746705.554
2024-10-23 16:12:52,52.0,37.34977182,-121.93636818,1333.95,0.0,0.0,0.0,159.78199999999998,0.0,0.027999999999999997,9554559.878999999,1746705.582
2024-10-23 16:12:53,52.0,37.34977169,-121.93636862000001,1333.95,0.0,0.0,0.0,159.79,0.0,0.028999999999999998,9554559.923999999,1746705.598
2024-10-23 16:12:54,52.0,37.34976969,-121.93637019,1334.1290000000001,0.152,0.10800000000000001,0.0,159.812,1.171,0.274,9554560.190000001,1746705.823
2024-10-23 16:12:55,52.0,37.34976169,-121.93637491,1335.155,1.071,0.9959999999999999,0.0,159.949,5.9479999999999995,0.62,9554561.133,1746706.731
2024-10-23 16:12:56,52.0,37.34975655,-121.93637292999999,1335.874,0.6519999999999999,-0.426,0.0,160.03900000000002,2.07,0.143,9554561.345,1746707.307
2024-10-23 16:12:57,52.0,37.349755189999996,-121.93636732,1336.535,0.583,-0.129,0.0,160.066,2.947,0.128,9554561.001,1746707.451
2024-10-23 16:12:58,52.0,37.34975759,-121.93635953,1337.365,0.744,0.188,0.0,160.11700000000002,3.4549999999999996,0.28600000000000003,9554560.216,1746707.171
2024-10-23 16:12:59,52.0,37.34976251,-121.93636,1338.097,0.622,-0.10600000000000001,0.0,160.18,2.2199999999999998,0.16799999999999998,9554559.901,1746706.618
2024-10-23 16:13:00,52.0,37.34976598,-121.93636492,1338.72,0.613,-0.012999999999999994,0.0,160.217,2.841,0.168,9554560.041,1746706.234
2024-10-23 16:13:01,52.0,37.34977143,-121.93636586,1339.44,0.744,0.125,0.0,160.3,4.294,0.648,9554559.725,1746705.621
2024-10-23 16:13:02,52.0,37.3497714,-121.93636587,1340.105,0.571,-0.221,0.0,160.483,2.863,0.597,9554559.728,1746705.6260000002
2024-10-23 16:13:03,52.0,37.34976468,-121.93636656999999,1341.017,0.891,0.442,0.0,160.675,4.422,1.137,9554560.263,1746706.382
2024-10-23 16:13:04,52.0,37.34977788,-121.93636966,1342.616,1.702,0.7689999999999999,0.0,161.024,17.802,1.5390000000000001,9554559.563,1746704.9030000002
2024-10-23 16:13:05,52.0,37.34978311,-121.93636902,1343.705,0.9279999999999999,-0.784,0.0,161.29500000000002,3.4549999999999996,0.616,9554559.139,1746704.314
2024-10-23 16:13:06,52.0,37.349770289999995,-121.93636598,1345.197,1.541,0.502,0.0,161.457,13.388,0.796,9554559.817,1746705.7510000002
2024-10-23 16:13:07,52.0,37.34974956,-121.9363589,1347.603,2.505,1.1099999999999999,0.0,161.75799999999998,13.48,1.592,9554560.74,1746708.073
2024-10-23 16:13:08,52.0,37.34973393,-121.93635076999999,1349.511,1.925,-0.589,0.0,162.151,4.943,1.201,9554561.217,1746709.8190000001
2024-10-23 16:13:09,52.0,37.3497231,-121.93634529,1350.8380000000002,1.294,-0.708,0.0,162.31900000000002,5.156000000000001,0.319,9554561.557,1746711.03
2024-10-23 16:13:10,52.0,37.34971505,-121.93634127,1351.826,0.992,-0.271,0.0,162.375,3.475,0.168,9554561.817,1746711.929
2024-10-23 16:13:11,52.0,37.34970927,-121.93633737,1352.585,0.727,-0.278,0.0,162.41,2.902,0.121,9554561.922,1746712.5739999998
2024-10-23 16:13:12,52.0,37.34970526,-121.93633391,1353.1889999999999,0.5589999999999999,-0.156,0.0,162.438,2.179,0.11200000000000002,9554561.937,1746713.02
2024-10-23 16:13:13,52.0,37.3497038,-121.93633072,1353.6190000000001,0.364,-0.193,0.0,162.458,1.458,0.046,9554561.790000001,1746713.1800000002
2024-10-23 16:13:14,52.0,37.34970394,-121.93633102999999,1353.7,0.065,-0.306,0.0,162.46800000000002,0.258,0.028999999999999998,9554561.805,1746713.166
2024-10-23 16:13:15,52.0,37.34970429,-121.93633121,1353.7,0.004,-0.062,0.0,162.471,0.023,0.014000000000000002,9554561.795,1746713.1220000002
2024-10-23 16:13:16,52.0,37.34970454,-121.93633078999999,1353.7,0.0,0.003,0.0,162.48,0.0,0.024,9554561.742,1746713.0960000001
2024-10-23 16:13:17,52.0,37.349704880000004,-121.93633035,1353.8220000000001,0.047,0.028000000000000004,0.0,162.503,0.27199999999999996,0.31100000000000005,9554561.684,1746713.0550000002
2024-10-23 16:13:18,52.0,37.34969483,-121.93632666,1355.1280000000002,1.283,1.2109999999999999,0.0,162.65,14.281,0.826,9554562.111,1746714.182
2024-10-23 16:13:19,52.0,37.34967244,-121.93631803000001,1357.7540000000001,2.721,1.548,0.0,162.916,17.429,1.2369999999999999,9554563.032,1746716.69
2024-10-23 16:13:20,52.0,37.34964767,-121.93630241000001,1360.8600000000001,3.0189999999999997,0.278,0.0,163.224,13.373,1.308,9554563.572,1746719.4530000002
2024-10-23 16:13:21,52.0,37.34962509,-121.93628900000002,1363.659,2.423,-0.631,0.0,163.552,7.151000000000001,1.1560000000000001,9554564.128999999,1746721.9740000002
2024-10-23 16:13:22,52.0,37.34960749,-121.93627832,1365.849,1.8920000000000001,-0.5599999999999999,0.0,163.797,6.335,0.717,9554564.544,1746723.939
2024-10-23 16:13:23,52.0,37.349593670000004,-121.93627224,1367.4950000000001,1.413,-0.46900000000000003,0.0,163.923,4.577,0.35100000000000003,9554565.053,1746725.485
2024-10-23 16:13:24,52.0,37.3495837,-121.9362701,1368.6380000000001,0.9269999999999999,-0.492,0.0,163.97899999999998,3.166,0.174,9554565.597,1746726.605
2024-10-23 16:13:25,52.0,37.34957844,-121.93627042,1369.248,0.505,-0.41,0.0,164.022,1.7,0.203,9554565.998,1746727.196
2024-10-23 16:13:26,52.0,37.34957489,-121.93626442,1370.024,0.635,0.062,0.0,164.13899999999998,5.6,0.819,9554565.78,1746727.586
2024-10-23 16:13:27,52.0,37.34956006,-121.93625689999999,1371.914,1.8980000000000001,1.383,0.0,164.417,11.725,1.231,9554566.248,1746729.242
2024-10-23 16:13:28,52.0,37.349546079999996,-121.93625277000001,1373.54,1.6300000000000001,-0.28900000000000003,0.0,164.65,5.33,0.5349999999999999,9554566.92,1746730.81
2024-10-23 16:13:29,52.0,37.34953624,-121.93624544,1374.877,1.28,-0.41200000000000003,0.0,164.738,5.199,0.396,9554567.046,1746731.9070000001
2024-10-23 16:13:30,52.0,37.34953184,-121.93623299999999,1376.123,1.1880000000000002,-0.043,0.0,164.898,4.439,0.724,9554566.381000001,1746732.383
2024-10-23 16:13:31,52.0,37.34953084,-121.93622645,1376.764,0.5650000000000001,-0.634,0.0,165.002,1.709,0.152,9554565.934999999,1746732.489
2024-10-23 16:13:32,52.0,37.34953488,-121.93622909000001,1377.327,0.524,-0.092,0.0,165.062,3.4490000000000003,0.445,9554565.855,1746732.037
2024-10-23 16:13:33,52.0,37.34954358,-121.93623663999999,1378.5369999999998,1.207,0.75,0.0,165.169,6.404999999999999,0.312,9554565.829,1746731.068
2024-10-23 16:13:34,52.0,37.349552700000004,-121.93624729999999,1379.9379999999999,1.392,0.142,0.0,165.251,8.059000000000001,0.6140000000000001,9554566.018000001,1746730.0579999997
2024-10-23 16:13:35,52.0,37.34957513,-121.93626861,1383.095,3.223,1.795,0.0,165.574,47.980000000000004,1.802,9554566.092,1746727.565
2024-10-23 16:13:36,52.0,37.34961492,-121.93629519999999,1388.1280000000002,5.181,2.0759999999999996,0.0,166.04500000000002,43.093,2.038,9554565.344,1746723.1269999999
2024-10-23 16:13:37,52.0,37.34966224,-121.93632505000001,1394.027,5.976,0.766,0.0,166.61700000000002,33.799,2.587,9554564.314,1746717.8460000001
2024-10-23 16:13:38,52.0,37.34970613,-121.93635873000001,1399.761,5.7829999999999995,-0.16799999999999998,0.0,167.368,16.921,3.4450000000000003,9554563.829,1746712.9559999998
2024-10-23 16:13:39,52.0,37.34973133,-121.93638455,1403.5710000000001,3.6729999999999996,-2.1510000000000002,0.0,168.125,11.017,2.131,9554564.061,1746710.1570000001
2024-10-23 16:13:40,52.0,37.349727640000005,-121.93640749000001,1405.9389999999999,2.198,-1.6190000000000002,0.0,168.517,9.852,1.248,9554566.134,1746710.6039999998
2024-10-23 16:13:41,52.0,37.34971153,-121.93643659,1409.104,3.2969999999999997,1.242,0.0,168.95,26.35,2.259,9554569.576000001,1746712.4559999998
2024-10-23 16:13:42,52.0,37.34970299,-121.93644844999999,1410.841,1.376,-1.9629999999999999,0.0,169.375,8.254,1.074,9554571.118999999,1746713.432
2024-10-23 16:13:43,52.0,37.349691310000004,-121.93645674,1412.44,1.546,0.121,0.0,169.624,9.916,0.8869999999999999,9554572.606,1746714.758
2024-10-23 16:13:44,52.0,37.34967689,-121.93645606,1414.119,1.709,0.29,0.0,169.853,7.5329999999999995,0.9960000000000001,9554573.584999999,1746716.378
2024-10-23 16:13:45,52.0,37.34966797,-121.93644991000001,1415.284,1.193,-0.569,0.0,170.022,3.8289999999999997,0.312,9554573.739,1746717.3730000001
2024-10-23 16:13:46,52.0,37.34966197,-121.93644233,1416.2540000000001,0.959,-0.242,0.0,170.081,3.7329999999999997,0.189,9554573.569,1746718.038
2024-10-23 16:13:47,52.0,37.34965716,-121.93643879999999,1416.946,0.663,-0.29100000000000004,0.0,170.115,2.582,0.101,9554573.635,1746718.5739999998
2024-10-23 16:13:48,52.0,37.3496533,-121.93643806,1417.499,0.49400000000000005,-0.183,0.0,170.142,2.073,0.10200000000000001,9554573.853,1746719.007
2024-10-23 16:13:49,52.0,37.349651890000004,-121.93643912,1417.79,0.24300000000000002,-0.23700000000000002,0.0,170.16199999999998,0.889,0.10600000000000001,9554574.037999999,1746719.1649999998
2024-10-23 16:13:50,52.0,37.3496548,-121.93643208,1418.374,0.64,0.373,0.0,170.204,4.081,0.177,9554573.275,1746718.829
2024-10-23 16:13:51,52.0,37.34965813,-121.93642153,1419.405,1.094,0.509,0.0,170.249,5.173,0.203,9554572.206,1746718.44
2024-10-23 16:13:52,52.0,37.34966057,-121.93641027999999,1420.463,1.072,-0.036,0.0,170.3,4.326,0.195,9554571.144,1746718.15
2024-10-23 16:13:53,52.0,37.349661049999995,-121.93640061,1421.355,0.8699999999999999,-0.219,0.0,170.344,3.4270000000000005,0.16,9554570.349000001,1746718.0829999999
2024-10-23 16:13:54,52.0,37.349660920000005,-121.93639178999999,1422.181,0.787,-0.079,0.0,170.38299999999998,3.282,0.157,9554569.665000001,1746718.084
2024-10-23 16:13:55,52.0,37.34965972,-121.93638452,1422.946,0.717,-0.081,0.0,170.42000000000002,3.174,0.127,9554569.178,1746718.2100000002
2024-10-23 16:13:56,52.0,37.34965725,-121.93637713999999,1423.725,0.7070000000000001,-0.005000000000000002,0.0,170.454,3.06,0.161,9554568.774,1746718.4780000001
2024-10-23 16:13:57,52.0,37.34965374,-121.93636933,1424.568,0.8019999999999999,0.1,0.0,170.493,3.5829999999999997,0.147,9554568.408,1746718.8620000002
2024-10-23 16:13:58,52.0,37.34964984,-121.93636203999999,1425.412,0.777,-0.017,0.0,170.531,3.31,0.149,9554568.111,1746719.2900000003
2024-10-23 16:13:59,52.0,37.34964783,-121.93635393,1426.196,0.718,-0.075,0.0,170.565,3.217,0.142,9554567.617,1746719.5059999998
2024-10-23 16:14:00,52.0,37.34964697,-121.93634551,1427.02,0.769,0.05800000000000001,0.0,170.601,3.338,0.135,9554567.014,1746719.5920000002
2024-10-23 16:14:01,52.0,37.349642779999996,-121.93633792,1427.875,0.835,0.05700000000000001,0.0,170.63,3.934,0.125,9554566.718,1746720.053
2024-10-23 16:14:02,52.0,37.34963606,-121.93633175,1428.853,0.9469999999999998,0.121,0.0,170.668,4.21,0.14900000000000002,9554566.709999999,1746720.799
2024-10-23 16:14:03,52.0,37.34962883,-121.93632661,1429.8210000000001,0.922,-0.027000000000000003,0.0,170.703,3.9,0.145,9554566.823,1746721.605
2024-10-23 16:14:04,52.0,37.349621940000006,-121.93632285999999,1430.699,0.842,-0.083,0.0,170.74,3.4589999999999996,0.135,9554567.02,1746722.375
2024-10-23 16:14:05,52.0,37.34961693,-121.93631918999999,1431.412,0.662,-0.174,0.0,170.772,2.524,0.14300000000000002,9554567.088,1746722.9329999997
2024-10-23 16:14:06,52.0,37.34961235,-121.93631837000001,1432.0030000000002,0.508,-0.122,0.0,170.805,2.0829999999999997,0.093,9554567.353,1746723.447
2024-10-23 16:14:07,52.0,37.349613829999996,-121.93631817999999,1432.348,0.312,-0.219,0.0,170.824,1.448,0.061,9554567.231999999,1746723.2789999999
2024-10-23 16:14:08,52.0,37.34961465,-121.93631478,1432.522,0.11000000000000001,-0.21600000000000003,0.0,170.842,0.46799999999999997,0.101,9554566.906,1746723.1829999997
2024-10-23 16:14:09,52.0,37.34961695,-121.93631703999999,1432.831,0.38,0.256,0.0,170.866,1.9329999999999998,0.088,9554566.919,1746722.929
2024-10-23 16:14:10,52.0,37.349620099999996,-121.93631939,1433.2649999999999,0.491,0.137,0.0,170.886,2.091,0.075,9554566.878,1746722.5780000002
2024-10-23 16:14:11,52.0,37.349622520000004,-121.93632083,1433.647,0.41600000000000004,-0.10600000000000001,0.0,170.903,1.902,0.075,9554566.819,1746722.3059999999
2024-10-23 16:14:12,52.0,37.34962604,-121.93631907,1434.1100000000001,0.499,0.128,0.0,170.923,2.07,0.072,9554566.429000001,1746721.9079999998
2024-10-23 16:14:13,52.0,37.34962571,-121.9363172,1434.16,0.04,-0.488,0.0,170.942,0.184,0.08,9554566.306,1746721.939
2024-10-23 16:14:14,52.0,37.34962544,-121.93631620000001,1434.16,0.002,-0.038,0.0,170.962,0.018,0.078,9554566.247,1746721.9719999998
2024-10-23 16:14:15,52.0,37.34962573,-121.93631617000001,1434.16,0.0,0.004,0.0,170.978,0.0,0.042,9554566.224000001,1746721.9370000002
2024-10-23 16:14:16,52.0,37.34962582,-121.93631597999999,1434.16,0.0,0.0,0.0,170.988,0.0,0.033999999999999996,9554566.197999999,1746721.928
2024-10-23 16:14:17,52.0,37.34962597,-121.9363162,1434.16,0.0,0.0,0.0,170.998,0.0,0.033,9554566.208,1746721.913
2024-10-23 16:14:18,52.0,37.34962666,-121.93631663000001,1434.16,0.0,0.0,0.0,171.005,0.0,0.027000000000000003,9554566.194,1746721.8350000002
2024-10-23 16:14:19,52.0,37.3496271,-121.93631680000001,1434.16,0.0,0.0,0.0,171.01,0.0,0.022,9554566.175,1746721.7850000001
2024-10-23 16:14:20,52.0,37.34962741,-121.93631696,1434.16,0.0,0.0,0.0,171.019,0.0,0.016,9554566.166,1746721.7489999998
2024-10-23 16:14:21,52.0,37.34962777,-121.93631726000001,1434.16,0.0,0.0,0.0,171.02,0.0,0.01,9554566.16,1746721.713
2024-10-23 16:14:22,52.0,37.349628,-121.93631746000001,1434.16,0.0,0.0,0.0,171.025,0.0,0.016,9554566.166,1746721.69
2024-10-23 16:14:23,52.0,37.34962813,-121.93631722,1434.16,0.0,0.0,0.0,171.033,0.0,0.038,9554566.134,1746721.6689999998
2024-10-23 16:14:24,52.0,37.349630239999996,-121.93631549,1434.297,0.132,0.10700000000000001,0.0,171.048,0.715,0.10800000000000001,9554565.845,1746721.4309999999
2024-10-23 16:14:25,52.0,37.34963386,-121.93631333,1434.7549999999999,0.45899999999999996,0.354,0.0,171.08499999999998,2.226,0.194,9554565.418000001,1746721.0210000002
2024-10-23 16:14:26,52.0,37.34963581,-121.93630952000001,1435.241,0.529,0.092,0.0,171.13,2.122,0.126,9554564.976,1746720.796
2024-10-23 16:14:27,52.0,37.34963576,-121.93630712,1435.526,0.253,-0.305,0.0,171.155,1.0619999999999998,0.098,9554564.794,1746720.799
2024-10-23 16:14:28,52.0,37.34963515,-121.93630616,1435.674,0.124,-0.134,0.0,171.18,0.5549999999999999,0.086,9554564.76,1746720.867
2024-10-23 16:14:29,52.0,37.34963403,-121.93630825,1435.913,0.22000000000000003,0.123,0.0,171.198,0.9480000000000001,0.071,9554565.008,1746720.9949999999
2024-10-23 16:14:30,52.0,37.349633080000004,-121.93630828,1435.92,0.041,-0.194,0.0,171.211,0.186,0.028999999999999998,9554565.076000001,1746721.1010000003
2024-10-23 16:14:31,52.0,37.34963218,-121.9363083,1435.92,0.001,-0.039,0.0,171.22,0.015,0.015,9554565.14,1746721.2030000002
2024-10-23 16:14:32,52.0,37.34963137,-121.93630866999999,1435.92,0.004,0.001,0.0,171.224,0.018,0.067,9554565.228,1746721.293
2024-10-23 16:14:33,52.0,37.34963138,-121.93630703,1436.2930000000001,0.177,0.162,0.0,171.247,0.8460000000000001,0.054000000000000006,9554565.099,1746721.2899999998
2024-10-23 16:14:34,52.0,37.34963168,-121.93630514000002,1436.46,0.096,-0.05900000000000001,0.0,171.252,0.378,0.02,9554564.93,1746721.253
2024-10-23 16:14:35,52.0,37.34963102,-121.9363066,1436.46,0.006,-0.11100000000000002,0.0,171.26,0.031,0.022,9554565.091,1746721.332
2024-10-23 16:14:36,52.0,37.3496309,-121.93630728000001,1436.46,0.0,0.003,0.0,171.26399999999998,0.0,0.022,9554565.153,1746721.3470000003
2024-10-23 16:14:37,52.0,37.34963311,-121.9363056,1436.46,0.0,0.0,0.0,171.272,0.0,0.038,9554564.863,1746721.095
2024-10-23 16:14:38,52.0,37.34963225,-121.93630390000001,1436.46,0.0,0.0,0.0,171.283,0.0,0.043,9554564.791,1746721.19
2024-10-23 16:14:39,52.0,37.3496312,-121.93630398,1436.467,0.002,0.0,0.0,171.294,0.013999999999999999,0.077,9554564.872,1746721.3060000003
2024-10-23 16:14:40,52.0,37.349633,-121.93630816,1436.787,0.376,0.37,0.0,171.32,2.0010000000000003,0.10400000000000001,9554565.072,1746721.11
2024-10-23 16:14:41,52.0,37.34963563,-121.93631294,1437.354,0.611,0.262,0.0,171.345,2.723,0.11100000000000002,9554565.261,1746720.823
2024-10-23 16:14:42,52.0,37.34963724,-121.93631743,1437.847,0.495,-0.126,0.0,171.37,1.937,0.06899999999999999,9554565.498,1746720.6469999999
2024-10-23 16:14:43,52.0,37.34963922,-121.93631864,1438.07,0.207,-0.29900000000000004,0.0,171.384,0.791,0.05,9554565.452,1746720.427
2024-10-23 16:14:44,52.0,37.34963759,-121.93631794000001,1438.1,0.029000000000000005,-0.202,0.0,171.399,0.131,0.11200000000000002,9554565.513,1746720.6079999998
2024-10-23 16:14:45,52.0,37.349635039999995,-121.93631536999999,1438.425,0.307,0.29700000000000004,0.0,171.429,1.4629999999999999,0.086,9554565.493999999,1746720.8920000002
2024-10-23 16:14:46,52.0,37.34963273,-121.93631178999999,1438.874,0.422,0.122,0.0,171.446,1.9100000000000001,0.063,9554565.377,1746721.1469999999
2024-10-23 16:14:47,52.0,37.349630940000004,-121.93631121000001,1439.05,0.157,-0.267,0.0,171.46200000000002,0.549,0.055999999999999994,9554565.458,1746721.348
2024-10-23 16:14:48,52.0,37.349633080000004,-121.93631122,1439.05,0.009,-0.162,0.0,171.472,0.049,0.034999999999999996,9554565.308,1746721.105
2024-10-23 16:14:49,52.0,37.349633520000005,-121.93631088,1439.05,0.0,0.006,0.0,171.483,0.0,0.045,9554565.247,1746721.0580000002
2024-10-23 16:14:50,52.0,37.34963278,-121.93631033,1439.05,0.0,0.0,0.0,171.493,0.0,0.049,9554565.258,1746721.139
2024-10-23 16:14:51,52.0,37.3496304,-121.93630886000001,1439.05,0.0,0.0,0.0,171.506,0.001,0.05800000000000001,9554565.313000001,1746721.406
2024-10-23 16:14:52,52.0,37.34963157,-121.93631029000001,1439.217,0.195,0.202,0.0,171.523,0.8859999999999999,0.051000000000000004,9554565.341,1746721.276
2024-10-23 16:14:53,52.0,37.3496307,-121.93630991,1439.28,0.063,-0.132,0.0,171.534,0.263,0.05500000000000001,9554565.374,1746721.372
2024-10-23 16:14:54,52.0,37.34962906,-121.9363085,1439.28,0.004,-0.075,0.0,171.546,0.021,0.042,9554565.379999999,1746721.554
2024-10-23 16:14:55,52.0,37.349628839999994,-121.93630828999999,1439.28,0.0,0.003,0.0,171.55599999999998,0.0,0.05,9554565.38,1746721.5760000001
2024-10-23 16:14:56,52.0,37.34963114,-121.93630983,1439.28,0.0,0.0,0.0,171.573,0.0,0.074,9554565.337000001,1746721.323
2024-10-23 16:14:57,52.0,37.34963047,-121.93630791999999,1439.433,0.153,0.13999999999999999,0.0,171.594,0.743,0.077,9554565.234000001,1746721.394
2024-10-23 16:14:58,52.0,37.34962973,-121.93630674,1439.56,0.11100000000000002,-0.021000000000000008,0.0,171.608,0.426,0.046,9554565.193,1746721.475
2024-10-23 16:14:59,52.0,37.34963042,-121.93630734999999,1439.56,0.009,-0.119,0.0,171.62,0.05,0.049,9554565.193,1746721.401
2024-10-23 16:15:00,52.0,37.34962824,-121.9363066,1439.56,0.0,-0.003,0.0,171.63299999999998,0.003,0.051000000000000004,9554565.290000001,1746721.643
2024-10-23 16:15:01,52.0,37.34962658,-121.93630309,1439.56,0.0,0.0,0.0,171.645,0.0,0.061,9554565.132,1746721.825
2024-10-23 16:15:02,52.0,37.34962892,-121.93630231,1439.674,0.123,0.101,0.0,171.66299999999998,0.651,0.088,9554564.903,1746721.5620000002
2024-10-23 16:15:03,52.0,37.34963123,-121.93630727,1440.199,0.496,0.40099999999999997,0.0,171.685,2.523,0.10500000000000001,9554565.128999999,1746721.309
2024-10-23 16:15:04,52.0,37.34963512,-121.93631396,1440.979,0.737,0.252,0.0,171.714,3.312,0.11100000000000002,9554565.378,1746720.879
2024-10-23 16:15:05,52.0,37.34963973,-121.93631989999999,1441.758,0.737,-0.013000000000000001,0.0,171.741,3.325,0.10600000000000001,9554565.515,1746720.3699999999
2024-10-23 16:15:06,52.0,37.34964514,-121.93632445,1442.5459999999998,0.782,0.036,0.0,171.77100000000002,3.5789999999999997,0.144,9554565.488,1746719.768
2024-10-23 16:15:07,52.0,37.34965211,-121.93632748,1443.391,0.8320000000000001,0.04,0.0,171.81,3.8609999999999998,0.128,9554565.228,1746718.988
2024-10-23 16:15:08,52.0,37.34965827,-121.93632737,1444.142,0.7070000000000001,-0.11499999999999999,0.0,171.836,2.6189999999999998,0.10900000000000001,9554564.78,1746718.296
2024-10-23 16:15:09,52.0,37.34966328,-121.93632634000001,1444.759,0.5660000000000001,-0.143,0.0,171.863,2.307,0.091,9554564.343,1746717.731
2024-10-23 16:15:10,52.0,37.34966724,-121.93632717999999,1445.179,0.379,-0.15899999999999997,0.0,171.88299999999998,1.474,0.079,9554564.124000002,1746717.2850000001
2024-10-23 16:15:11,52.0,37.34967049,-121.93632868,1445.3120000000001,0.133,-0.28700000000000003,0.0,171.906,0.646,0.091,9554564.009,1746716.9219999998
2024-10-23 16:15:12,52.0,37.34967227,-121.93632806000001,1445.53,0.181,0.083,0.0,171.925,0.745,0.05900000000000001,9554563.834999999,1746716.724
2024-10-23 16:15:13,52.0,37.34967302,-121.93632995,1445.55,0.017,-0.186,0.0,171.939,0.078,0.06,9554563.929,1746716.6379999998
2024-10-23 16:15:14,52.0,37.34967293,-121.93633172,1445.55,0.0,-0.013000000000000001,0.0,171.951,0.005,0.034999999999999996,9554564.075,1746716.6530000002
2024-10-23 16:15:15,52.0,37.349671439999995,-121.93633244,1445.661,0.10400000000000001,0.071,0.0,171.964,0.633,0.05800000000000001,9554564.238,1746716.821
2024-10-23 16:15:16,52.0,37.34966869,-121.93633573,1446.097,0.442,0.377,0.0,171.978,1.9609999999999999,0.082,9554564.694,1746717.136
2024-10-23 16:15:17,52.0,37.34966782,-121.93634109,1446.6799999999998,0.519,0.10900000000000001,0.0,172.002,2.2800000000000002,0.077,9554565.177,1746717.238
2024-10-23 16:15:18,52.0,37.34966893,-121.93634053999999,1447.044,0.24100000000000002,-0.305,0.0,172.023,1.057,0.10400000000000001,9554565.054,1746717.1149999998
2024-10-23 16:15:19,52.0,37.34966945,-121.93633811,1447.4950000000001,0.33399999999999996,0.071,0.0,172.051,1.6640000000000001,0.172,9554564.826000001,1746717.052
2024-10-23 16:15:20,52.0,37.349669170000006,-121.93633488,1448.032,0.392,0.097,0.0,172.115,1.6280000000000001,0.34700000000000003,9554564.591,1746717.079
2024-10-23 16:15:21,52.0,37.349665470000005,-121.93633439999999,1448.8110000000001,0.628,0.127,0.0,172.226,5.223000000000001,0.49400000000000005,9554564.82,1746717.496
2024-10-23 16:15:22,52.0,37.34965327,-121.93632218,1450.581,1.855,1.317,0.0,172.402,13.157999999999998,1.0050000000000001,9554564.728,1746718.85
2024-10-23 16:15:23,52.0,37.349635410000005,-121.93630833,1452.9289999999999,2.378,0.54,0.0,172.695,11.928999999999998,1.2790000000000001,9554564.912999999,1746720.8399999999
2024-10-23 16:15:24,52.0,37.34961584,-121.93629868999999,1455.286,2.3649999999999998,-0.029000000000000005,0.0,173.04000000000002,9.339,1.481,9554565.550999999,1746723.027
2024-10-23 16:15:25,52.0,37.34959621,-121.93629590999998,1457.532,2.2310000000000003,-0.153,0.0,173.395,9.342,1.2799999999999998,9554566.737,1746725.23
2024-10-23 16:15:26,52.0,37.34957771,-121.93630017999999,1459.646,2.125,-0.091,0.0,173.69400000000002,8.065999999999999,1.1949999999999998,9554568.395,1746727.3170000003
2024-10-23 16:15:27,52.0,37.349564349999994,-121.93630599999999,1461.242,1.623,-0.503,0.0,173.93,4.881,0.499,9554569.807,1746728.829
2024-10-23 16:15:28,52.0,37.34955643,-121.93631172,1462.299,1.05,-0.5940000000000001,0.0,174.00799999999998,3.588,0.242,9554570.826,1746729.727
2024-10-23 16:15:29,52.0,37.34955003,-121.9363151,1463.088,0.8,-0.236,0.0,174.058,3.0989999999999998,0.156,9554571.548,1746730.452
2024-10-23 16:15:30,52.0,37.34954898,-121.9363143,1463.433,0.253,-0.563,0.0,174.084,0.892,0.089,9554571.559,1746730.5690000001
2024-10-23 16:15:31,52.0,37.34954896,-121.93631435,1463.84,0.248,0.0,0.0,174.2,1.2559999999999998,1.0370000000000001,9554571.563,1746730.5690000001
2024-10-23 16:15:32,52.0,37.34954735,-121.93630433999999,1464.913,0.977,0.74,0.0,174.435,6.206,0.493,9554570.893000001,1746730.7370000002
2024-10-23 16:15:33,52.0,37.349548670000004,-121.93629512,1465.851,0.907,-0.004000000000000015,0.0,174.52,2.859,0.29700000000000004,9554570.072,1746730.577
2024-10-23 16:15:34,52.0,37.349549159999995,-121.93629084,1466.456,0.404,-0.648,0.0,174.656,3.006,1.053,9554569.699000001,1746730.515
2024-10-23 16:15:35,52.0,37.349552159999995,-121.93628681,1467.2630000000001,0.61,0.289,0.0,174.946,2.134,0.953,9554569.169,1746730.173
2024-10-23 16:15:36,52.0,37.34955092,-121.93628822999999,1467.978,0.47300000000000003,-0.24100000000000002,0.0,175.15,3.625,0.71,9554569.368,1746730.315
2024-10-23 16:15:37,52.0,37.34954245,-121.93630495,1469.7540000000001,1.8669999999999998,1.49,0.0,175.331,15.443000000000001,0.917,9554571.291,1746731.289
2024-10-23 16:15:38,52.0,37.349530709999996,-121.93632495,1471.9940000000001,2.253,0.46699999999999997,0.0,175.639,8.248999999999999,1.504,9554573.704,1746732.637
2024-10-23 16:15:39,52.0,37.349527720000005,-121.93632179000001,1473.525,1.121,-1.313,0.0,175.947,6.0489999999999995,0.768,9554573.669,1746732.969
2024-10-23 16:15:40,52.0,37.34953052,-121.93630708,1474.887,1.431,0.404,0.0,176.089,6.038,0.42800000000000005,9554572.309999999,1746732.6350000002
2024-10-23 16:15:41,52.0,37.34953186,-121.93629465,1476.0610000000001,1.1300000000000001,-0.29100000000000004,0.0,176.196,4.329,0.735,9554571.237,1746732.4649999999
2024-10-23 16:15:42,52.0,37.34955122,-121.9362957,1478.553,2.4490000000000003,1.219,0.0,176.551,45.092999999999996,2.208,9554569.934,1746730.291
2024-10-23 16:15:43,52.0,37.34959144,-121.9363215,1483.6299999999999,5.297,3.006,0.0,177.192,60.504,2.681,9554569.092,1746725.803
2024-10-23 16:15:44,52.0,37.34963956,-121.93635652999998,1489.824,6.331,1.033,0.0,177.875,34.938,2.653,9554568.414,1746720.44
2024-10-23 16:15:45,52.0,37.349687970000005,-121.93639237,1496.083,6.302,-0.076,0.0,178.538,24.446,2.718,9554567.778,1746715.0440000002
2024-10-23 16:15:46,52.0,37.34972987,-121.93642543000001,1501.602,5.586,-0.619,0.0,179.34,19.146,3.3800000000000003,9554567.386,1746710.378
2024-10-23 16:15:47,52.0,37.34973415,-121.93644201,1503.986,2.029,-3.814,0.0,179.916,19.39,1.527,9554568.388,1746709.9190000002
2024-10-23 16:15:48,52.0,37.34970887,-121.93645439,1507.096,3.222,1.254,0.0,180.317,32.308,1.687,9554571.169,1746712.78
2024-10-23 16:15:49,52.0,37.3496796,-121.93645418000001,1510.394,3.345,0.314,0.0,180.772,9.719,1.89,9554573.242,1746716.0699999998
2024-10-23 16:15:50,52.0,37.34966503,-121.93645216,1512.077,1.7,-1.7449999999999999,0.0,181.18699999999998,3.85,1.1640000000000001,9554574.124,1746717.7059999998
2024-10-23 16:15:51,52.0,37.349664080000004,-121.93645698999998,1512.786,0.626,-1.159,0.0,181.336,2.9240000000000004,0.219,9554574.573,1746717.821
2024-10-23 16:15:52,52.0,37.34966644,-121.93646641999999,1513.702,0.9640000000000001,0.40800000000000003,0.0,181.376,4.75,0.191,9554575.146,1746717.568
2024-10-23 16:15:53,52.0,37.34966873,-121.93647701,1514.74,1.006,0.077,0.0,181.435,4.104,0.269,9554575.818,1746717.3239999998
2024-10-23 16:15:54,52.0,37.34967078,-121.93647940000001,1515.479,0.55,-0.517,0.0,181.504,2.212,0.268,9554575.86,1746717.0969999998
2024-10-23 16:15:55,52.0,37.34967357,-121.93646773,1516.615,1.0550000000000002,0.507,0.0,181.562,6.127,0.22800000000000004,9554574.741,1746716.766
2024-10-23 16:15:56,52.0,37.34967312,-121.93645581999999,1517.6979999999999,1.107,0.11099999999999999,0.0,181.627,4.317,0.269,9554573.836,1746716.8010000002
2024-10-23 16:15:57,52.0,37.34967222,-121.93645185,1518.44,0.549,-0.613,0.0,181.689,1.954,0.179,9554573.587000001,1746716.8969999999
2024-10-23 16:15:58,52.0,37.34966999,-121.93645904,1519.197,0.749,0.207,0.0,181.733,3.689,0.258,9554574.312,1746717.1579999998
2024-10-23 16:15:59,52.0,37.34967342,-121.93646917000001,1520.333,1.139,0.382,0.0,181.858,9.029,0.95,9554574.865,1746716.787
2024-10-23 16:16:00,52.0,37.349686559999995,-121.93648048,1522.127,1.879,0.8210000000000001,0.0,182.176,8.343,1.224,9554574.817,1746715.323
2024-10-23 16:16:01,52.0,37.349695600000004,-121.93648843999999,1523.373,1.2,-0.713,0.0,182.38,3.2960000000000003,0.382,9554574.798999999,1746714.3170000003
2024-10-23 16:16:02,52.0,37.3496997,-121.93649263,1524.007,0.614,-0.624,0.0,182.427,2.151,0.119,9554574.834,1746713.863
2024-10-23 16:16:03,52.0,37.349698790000005,-121.93649049000001,1524.528,0.377,-0.254,0.0,182.47899999999998,2.196,0.44400000000000006,9554574.731,1746713.963
2024-10-23 16:16:04,52.0,37.34968956,-121.93647231,1526.488,1.972,1.5699999999999998,0.0,182.671,27.418,1.21,9554573.959,1746714.975
2024-10-23 16:16:05,52.0,37.34966038,-121.9364438,1530.645,4.236,2.366,0.0,183.076,45.394999999999996,1.778,9554573.799,1746718.2179999999
2024-10-23 16:16:06,52.0,37.34961786,-121.93641262000001,1536.136,5.474,1.24,0.0,183.537,37.232,2.041,9554574.382,1746722.955
2024-10-23 16:16:07,52.0,37.34957162,-121.93637948,1542.068,5.946,0.445,0.0,184.097,29.917,2.452,9554575.076000001,1746728.111
2024-10-23 16:16:08,52.0,37.34952521,-121.93634704000002,1548.001,5.9590000000000005,0.024,0.0,184.73899999999998,22.575,2.559,9554575.836,1746733.2859999998
2024-10-23 16:16:09,52.0,37.34947958,-121.93633356999999,1553.29,5.281000000000001,-0.6599999999999999,0.0,185.392,13.327000000000002,2.9080000000000004,9554578.037999999,1746738.398
2024-10-23 16:16:10,52.0,37.349454300000005,-121.93632929,1556.576,3.042,-2.271,0.0,186.108,12.161,2.3760000000000003,9554579.503999999,1746741.235
2024-10-23 16:16:11,52.0,37.34944747,-121.93630203000001,1559.233,2.642,-0.542,0.0,186.778,23.061,3.8129999999999997,9554577.845999999,1746741.969
2024-10-23 16:16:12,52.0,37.34944376,-121.93627746,1561.597,2.432,0.04499999999999997,0.0,187.553,7.626,1.158,9554576.177,1746742.3510000003
2024-10-23 16:16:13,52.0,37.34945075,-121.93627599999999,1562.577,0.945,-1.6830000000000003,0.0,187.659,4.0200000000000005,0.262,9554575.563,1746741.5620000002
2024-10-23 16:16:14,52.0,37.349457810000004,-121.93628397,1563.674,1.1300000000000001,0.24700000000000003,0.0,187.717,5.192,0.203,9554575.686,1746740.7789999999
2024-10-23 16:16:15,52.0,37.34946181,-121.93629587000001,1564.8690000000001,1.15,0.027000000000000003,0.0,187.763,5.175,0.19,9554576.338,1746740.344
2024-10-23 16:16:16,52.0,37.34946352,-121.93630995000001,1566.1619999999998,1.322,0.179,0.0,187.817,6.259,0.227,9554577.324,1746740.173
2024-10-23 16:16:17,52.0,37.349467,-121.93632384,1567.471,1.3679999999999999,0.05,0.0,187.872,5.923,0.196,9554578.17,1746739.8010000002
2024-10-23 16:16:18,52.0,37.34947111,-121.93633695999999,1568.736,1.284,-0.089,0.0,187.919,5.228,0.215,9554578.909,1746739.356
2024-10-23 16:16:19,52.0,37.34947351,-121.93634936999999,1569.976,1.2,-0.095,0.0,188.013,5.116,0.615,9554579.713,1746739.1039999998
2024-10-23 16:16:20,52.0,37.349465190000004,-121.93636151999999,1571.5430000000001,1.528,0.36,0.0,188.20999999999998,8.578,0.8939999999999999,9554581.267,1746740.0550000002
2024-10-23 16:16:21,52.0,37.34945019,-121.93636283000001,1573.414,1.7469999999999999,0.199,0.0,188.474,9.473,1.439,9554582.441,1746741.7449999999
2024-10-23 16:16:22,52.0,37.34943843,-121.93635642,1574.892,1.4609999999999999,-0.24000000000000005,0.0,188.812,4.235,0.674,9554582.778,1746743.06
2024-10-23 16:16:23,52.0,37.34943505,-121.93635753000001,1575.51,0.493,-1.045,0.0,188.878,1.6620000000000001,0.23900000000000002,9554583.105,1746743.44
2024-10-23 16:16:24,52.0,37.34944281,-121.93635871,1576.405,0.909,0.394,0.0,188.981,7.220000000000001,0.614,9554582.645,1746742.5690000001
2024-10-23 16:16:25,52.0,37.349456700000005,-121.93635997000001,1577.964,1.6019999999999999,0.796,0.0,189.178,7.367,0.8390000000000001,9554581.751,1746741.008
2024-10-23 16:16:26,52.0,37.34946978,-121.9363633,1579.4779999999998,1.517,-0.141,0.0,189.327,6.651000000000001,0.457,9554581.079,1746739.543
2024-10-23 16:16:27,52.0,37.34948054,-121.93637243999999,1580.9479999999999,1.4460000000000002,-0.047,0.0,189.501,5.409,0.8539999999999999,9554581.031,1746738.345
2024-10-23 16:16:28,52.0,37.34949031,-121.93637763,1582.158,1.136,-0.35300000000000004,0.0,189.67000000000002,4.832,0.437,9554580.739,1746737.254
2024-10-23 16:16:29,52.0,37.34950296,-121.93637744,1583.589,1.409,0.314,0.0,189.783,6.983,0.532,9554579.822,1746735.8280000002
2024-10-23 16:16:30,52.0,37.34951694,-121.93637638999999,1585.178,1.5350000000000001,0.07,0.0,189.911,10.648,0.725,9554578.74,1746734.257
2024-10-23 16:16:31,52.0,37.34953342,-121.93638022,1587.056,1.9420000000000002,0.5,0.0,190.208,6.869,1.298,9554577.863,1746732.409
2024-10-23 16:16:32,52.0,37.34953954,-121.93638412,1587.92,0.794,-1.215,0.0,190.393,2.106,0.225,9554577.733,1746731.7259999998
2024-10-23 16:16:33,52.0,37.34954241,-121.93638748999999,1588.42,0.45199999999999996,-0.362,0.0,190.424,1.9,0.118,9554577.794,1746731.4060000002
2024-10-23 16:16:34,52.0,37.3495431,-121.93639212000001,1588.906,0.43899999999999995,0.037,0.0,190.45,1.845,0.077,9554578.109000001,1746731.337
2024-10-23 16:16:35,52.0,37.34954637,-121.93639522000001,1589.365,0.43200000000000005,-0.036,0.0,190.47,2.2809999999999997,0.10600000000000001,9554578.120000001,1746730.973
2024-10-23 16:16:36,52.0,37.34955204,-121.93639919,1590.151,0.788,0.36,0.0,190.503,4.189,0.16699999999999998,9554578.029,1746730.3390000002
2024-10-23 16:16:37,52.0,37.349561460000004,-121.93640227,1591.263,1.141,0.371,0.0,190.55700000000002,5.463,0.266,9554577.597,1746729.2850000001
2024-10-23 16:16:38,52.0,37.349571909999995,-121.93640592,1592.482,1.23,0.086,0.0,190.621,5.683,0.211,9554577.139,1746728.116
2024-10-23 16:16:39,52.0,37.34958331,-121.93640887,1593.789,1.31,0.078,0.0,190.673,5.879,0.21000000000000002,9554576.555,1746726.837
2024-10-23 16:16:40,52.0,37.34959490999999,-121.9364125,1595.1299999999999,1.334,0.023,0.0,190.727,5.769,0.21800000000000003,9554576.011,1746725.538
2024-10-23 16:16:41,52.0,37.349606720000004,-121.93641691,1596.511,1.377,0.043,0.0,190.779,6.301,0.231,9554575.517,1746724.2149999999
2024-10-23 16:16:42,52.0,37.349617710000004,-121.93642270000001,1597.849,1.324,-0.05600000000000001,0.0,190.848,5.615,0.29700000000000004,9554575.186,1746722.988
2024-10-23 16:16:43,52.0,37.3496287,-121.93642870000001,1599.191,1.322,-0.002,0.0,190.91299999999998,5.6530000000000005,0.221,9554574.875,1746721.759
2024-10-23 16:16:44,52.0,37.349638909999996,-121.93643494999999,1600.467,1.2570000000000001,-0.059,0.0,190.967,5.127000000000001,0.207,9554574.635,1746720.6199999999
2024-10-23 16:16:45,52.0,37.349648509999994,-121.93643898999998,1601.624,1.135,-0.11699999999999999,0.0,191.018,4.544,0.185,9554574.27,1746719.546
2024-10-23 16:16:46,52.0,37.34965833,-121.93643746999999,1602.75,1.097,-0.06300000000000001,0.0,191.05599999999998,5.404999999999999,0.161,9554573.448,1746718.439
2024-10-23 16:16:47,52.0,37.349670249999996,-121.93643577,1604.09,1.3679999999999999,0.298,0.0,191.11100000000002,6.2700000000000005,0.274,9554572.462000001,1746717.0969999998
2024-10-23 16:16:48,52.0,37.3496801,-121.93643119000001,1605.322,1.194,-0.176,0.0,191.184,4.689,0.318,9554571.397,1746715.982
2024-10-23 16:16:49,52.0,37.34968492,-121.93642001,1606.549,1.2,0.010000000000000004,0.0,191.28900000000002,5.024,0.453,9554570.172,1746715.427
2024-10-23 16:16:50,52.0,37.3496839,-121.93641172,1607.343,0.755,-0.466,0.0,191.36100000000002,2.825,0.26399999999999996,9554569.592,1746715.5280000002
2024-10-23 16:16:51,52.0,37.34967217,-121.93640187000001,1609.0149999999999,1.639,0.789,0.0,191.54500000000002,23.68,1.498,9554569.655,1746716.834
2024-10-23 16:16:52,52.0,37.34963618,-121.93638535,1613.3049999999998,4.354,2.859,0.0,192.027,53.324,2.045,9554570.924,1746720.8580000002
2024-10-23 16:16:53,52.0,37.3495911,-121.93636282,1618.718,5.413,1.082,0.0,192.564,31.933999999999997,2.226,9554572.372,1746725.898
2024-10-23 16:16:54,52.0,37.34954262,-121.93634415,1624.398,5.691,0.24100000000000002,0.0,193.154,24.219,2.593,9554574.365,1746731.3239999998
2024-10-23 16:16:55,52.0,37.34949658,-121.93634130000001,1629.654,5.213,-0.47300000000000003,0.0,193.844,14.672,2.92,9554577.43,1746736.4980000001
2024-10-23 16:16:56,52.0,37.34946659,-121.93635033999999,1633.499,3.6799999999999997,-1.454,0.0,194.488,12.940000000000001,1.7570000000000001,9554580.286,1746739.883
2024-10-23 16:16:57,52.0,37.34947013,-121.93632338,1636.455,2.73,-1.171,0.0,194.837,30.465999999999998,1.509,9554577.907,1746739.448
2024-10-23 16:16:58,52.0,37.34948451,-121.93629578,1639.6979999999999,3.1390000000000002,0.765,0.0,195.302,17.044999999999998,1.864,9554574.708,1746737.7920000001
2024-10-23 16:16:59,52.0,37.34947817,-121.93631011,1641.841,1.7309999999999999,-1.689,0.0,195.676,21.997999999999998,1.517,9554576.289,1746738.525
2024-10-23 16:17:00,52.0,37.34947824,-121.93634635000001,1645.312,3.5189999999999997,1.839,0.0,196.176,32.376999999999995,2.597,9554579.139,1746738.568
2024-10-23 16:17:01,52.0,37.34950485,-121.93638222,1649.848,4.6739999999999995,1.228,0.0,196.892,27.437,2.613,9554580.061,1746735.6230000001
2024-10-23 16:17:02,52.0,37.34953645,-121.93639486,1653.58,3.847,-0.852,0.0,197.473,8.501000000000001,2.25,9554578.798999999,1746732.087
2024-10-23 16:17:03,52.0,37.34955391,-121.93639727,1655.568,1.923,-1.9629999999999999,0.0,197.89000000000001,4.9719999999999995,0.728,9554577.743,1746730.128
2024-10-23 16:17:04,52.0,37.34955683,-121.93639837999999,1656.016,0.34199999999999997,-1.6640000000000001,0.0,197.95,1.011,0.118,9554577.622,1746729.7969999998
2024-10-23 16:17:05,52.0,37.34955567,-121.93639676000001,1656.361,0.254,-0.048999999999999995,0.0,197.976,1.2109999999999999,0.091,9554577.577,1746729.928
2024-10-23 16:17:06,52.0,37.349553529999994,-121.93639761,1656.6690000000003,0.26,0.04699999999999999,0.0,197.995,1.085,0.076,9554577.796,1746730.17
2024-10-23 16:17:07,52.0,37.34955341999999,-121.93639616,1656.7,0.019,-0.264,0.0,198.01,0.096,0.042,9554577.691,1746730.1809999999
2024-10-23 16:17:08,52.0,37.34955308,-121.93639807,1656.7,0.0,-0.008,0.0,198.019,0.006,0.034999999999999996,9554577.864,1746730.2219999998
2024-10-23 16:17:09,52.0,37.349553,-121.93639789,1656.7,0.0,0.0,0.0,198.026,0.0,0.026000000000000002,9554577.855,1746730.23
2024-10-23 16:17:10,52.0,37.34955284,-121.93639708,1656.7,0.0,0.0,0.0,198.031,0.0,0.02,9554577.804000001,1746730.246
2024-10-23 16:17:11,52.0,37.34955273,-121.93639573,1656.7,0.0,0.0,0.0,198.042,0.0,0.042,9554577.705,1746730.257
2024-10-23 16:17:12,52.0,37.34955403,-121.93639684,1656.911,0.146,0.11000000000000001,0.0,198.06400000000002,0.984,0.186,9554577.7,1746730.114
2024-10-23 16:17:13,52.0,37.349562309999996,-121.93640338,1658.056,1.158,1.045,0.0,198.15,8.231,0.47300000000000003,9554577.623,1746729.191
2024-10-23 16:17:14,52.0,37.34957533,-121.93641190999999,1659.7069999999999,1.688,0.5700000000000001,0.0,198.26500000000001,7.931,0.392,9554577.364,1746727.738
2024-10-23 16:17:15,52.0,37.349587840000005,-121.93642082000001,1661.3169999999998,1.6060000000000003,-0.11299999999999999,0.0,198.346,6.68,0.29100000000000004,9554577.173999999,1746726.344
2024-10-23 16:17:16,52.0,37.34960141,-121.93642786999999,1662.9669999999999,1.652,0.031,0.0,198.425,7.764999999999999,0.418,9554576.759,1746724.829
2024-10-23 16:17:17,52.0,37.34961597,-121.93643754,1664.815,1.811,0.188,0.0,198.576,8.181999999999999,0.65,9554576.48,1746723.204
2024-10-23 16:17:18,52.0,37.34962812,-121.93644589,1666.3650000000002,1.436,-0.386,0.0,198.7,4.843999999999999,0.359,9554576.269,1746721.848
2024-10-23 16:17:19,52.0,37.34963766,-121.93645262,1667.5970000000002,1.169,-0.288,0.0,198.777,4.4719999999999995,0.268,9554576.118,1746720.784
2024-10-23 16:17:20,52.0,37.349644319999996,-121.93645910000001,1668.5520000000001,0.9029999999999999,-0.256,0.0,198.829,3.338,0.16699999999999998,9554576.153,1746720.045
2024-10-23 16:17:21,52.0,37.34964915,-121.93646494,1669.3509999999999,0.708,-0.21400000000000002,0.0,198.86700000000002,3.066,0.148,9554576.265999999,1746719.509
2024-10-23 16:17:22,52.0,37.3496566,-121.93646547,1670.234,0.775,0.078,0.0,198.91199999999998,3.62,0.195,9554575.777,1746718.675
2024-10-23 16:17:23,52.0,37.34966543,-121.93646623,1671.252,0.962,0.20099999999999998,0.0,198.958,4.43,0.16499999999999998,9554575.204,1746717.6829999997
2024-10-23 16:17:24,52.0,37.34967337,-121.93646872,1672.1919999999998,0.933,-0.033999999999999996,0.0,198.995,3.907,0.15,9554574.833,1746716.7920000001
2024-10-23 16:17:25,52.0,37.34967972,-121.93647428,1673.084,0.9279999999999999,-0.013000000000000001,0.0,199.033,4.18,0.152,9554574.817,1746716.084
2024-10-23 16:17:26,52.0,37.349687,-121.93648505000002,1674.3790000000001,1.287,0.361,0.0,199.124,7.3709999999999996,0.682,9554575.146,1746715.2830000003
2024-10-23 16:17:27,52.0,37.34969079,-121.93649768,1675.61,1.263,0.039,0.0,199.301,4.173,0.504,9554575.870000001,1746714.871
2024-10-23 16:17:28,52.0,37.34969348,-121.93650187,1676.1680000000001,0.512,-0.8160000000000001,0.0,199.36700000000002,1.7890000000000001,0.154,9554576.007,1746714.575
2024-10-23 16:17:29,52.0,37.34969537,-121.93649605,1676.859,0.609,0.101,0.0,199.442,3.224,0.479,9554575.414,1746714.355
2024-10-23 16:17:30,52.0,37.34969833,-121.9364928,1677.438,0.47300000000000003,-0.128,0.0,199.57,1.722,0.5860000000000001,9554574.948,1746714.018
2024-10-23 16:17:31,52.0,37.34969661,-121.93648214,1678.628,1.0310000000000001,0.446,0.0,199.788,13.779000000000002,1.28,9554574.231,1746714.196
2024-10-23 16:17:32,52.0,37.34967417,-121.93645733999999,1682.0169999999998,3.5170000000000003,2.597,0.0,200.184,41.968,1.698,9554573.878999999,1746716.685
2024-10-23 16:17:33,52.0,37.349637109999996,-121.93642824000001,1686.893,4.962999999999999,1.484,0.0,200.648,38.102999999999994,2.108,9554574.237,1746720.8129999998
2024-10-23 16:17:34,52.0,37.34959297,-121.93639820000001,1692.488,5.622999999999999,0.625,0.0,201.193,32.082,2.2399999999999998,9554575.026,1746725.736
2024-10-23 16:17:35,52.0,37.349544789999996,-121.93636931,1698.4330000000002,6.003,0.376,0.0,201.784,29.561,2.472,9554576.192,1746731.114
2024-10-23 16:17:36,52.0,37.34949459,-121.93634139999999,1704.562,6.154999999999999,0.157,0.0,202.49099999999999,28.567,3.307,9554577.581,1746736.723
2024-10-23 16:17:37,52.0,37.34945419,-121.93632594,1709.3490000000002,4.83,-1.1460000000000001,0.0,203.398,25.177,3.072,9554579.249,1746741.2440000002
2024-10-23 16:17:38,52.0,37.34945204,-121.93632067000001,1710.6830000000002,0.825,-4.237,0.0,203.82999999999998,5.747999999999999,0.9789999999999999,9554578.988,1746741.4789999998
2024-10-23 16:17:39,52.0,37.34946317,-121.93631654,1712.3709999999999,1.2710000000000001,0.33199999999999996,0.0,204.078,23.118000000000002,1.3,9554577.867999999,1746740.2219999998
2024-10-23 16:17:40,52.0,37.34949628,-121.93631358,1716.119,3.8520000000000003,2.839,0.0,204.51600000000002,33.305,2.128,9554575.27,1746736.493
2024-10-23 16:17:41,52.0,37.34952425,-121.93632745,1719.578,3.446,-0.433,0.0,205.086,8.503,2.228,9554574.361,1746733.367
2024-10-23 16:17:42,52.0,37.34953587,-121.93634589999999,1721.741,2.145,-1.375,0.0,205.58200000000002,4.699,1.391,9554574.986,1746732.086
2024-10-23 16:17:43,52.0,37.349539070000006,-121.93635859000001,1722.941,1.19,-0.998,0.0,205.74499999999998,4.056,0.273,9554575.756000001,1746731.743
2024-10-23 16:17:44,52.0,37.3495404,-121.93636953000001,1723.943,1.027,-0.137,0.0,205.79899999999998,4.279999999999999,0.182,9554576.523,1746731.6079999998
2024-10-23 16:17:45,52.0,37.34954093,-121.93637844,1724.765,0.817,-0.2,0.0,205.84,3.218,0.16599999999999998,9554577.187,1746731.56
2024-10-23 16:17:46,52.0,37.34954377,-121.93638633,1725.574,0.8299999999999998,0.018000000000000002,0.0,205.88400000000001,3.5730000000000004,0.185,9554577.604,1746731.254
2024-10-23 16:17:47,52.0,37.349545039999995,-121.93639217,1726.1979999999999,0.615,-0.193,0.0,205.92600000000002,2.192,0.101,9554577.974,1746731.118
2024-10-23 16:17:48,52.0,37.34954627,-121.93639352,1726.4,0.173,-0.466,0.0,205.942,0.659,0.05900000000000001,9554577.992999999,1746730.982
2024-10-23 16:17:49,52.0,37.349545,-121.93639508999999,1726.4,0.01,-0.168,0.0,205.95299999999997,0.049,0.046,9554578.209,1746731.1259999997
2024-10-23 16:17:50,52.0,37.349545160000005,-121.93639452,1726.4,0.0,0.0,0.0,205.967,0.002,0.05600000000000001,9554578.151999999,1746731.107
2024-10-23 16:17:51,52.0,37.34954662,-121.93639470000001,1726.491,0.10400000000000001,0.076,0.0,205.983,0.588,0.065,9554578.06,1746730.9439999997
2024-10-23 16:17:52,52.0,37.34954742,-121.93639677000002,1726.7830000000001,0.308,0.24300000000000002,0.0,205.99899999999997,1.294,0.08,9554578.165000001,1746730.856
2024-10-23 16:17:53,52.0,37.34954808,-121.93639554,1727.006,0.209,-0.10500000000000001,0.0,206.017,0.889,0.075,9554578.024,1746730.7820000001
2024-10-23 16:17:54,52.0,37.349547380000004,-121.93639762000001,1727.0099999999998,0.012,-0.20600000000000002,0.0,206.035,0.068,0.05,9554578.236,1746730.8620000002
2024-10-23 16:17:55,52.0,37.3495475,-121.9363973,1727.0610000000001,0.043000000000000003,0.015,0.0,206.048,0.23199999999999998,0.077,9554578.202,1746730.848
2024-10-23 16:17:56,52.0,37.34955172,-121.93639925,1727.598,0.5660000000000001,0.538,0.0,206.08,3.21,0.22800000000000004,9554578.056,1746730.3769999999
2024-10-23 16:17:57,52.0,37.34955593,-121.93640047,1728.187,0.564,0.039,0.0,206.147,1.985,0.282,9554577.849000001,1746729.9039999999
2024-10-23 16:17:58,52.0,37.34955324,-121.93639429,1728.887,0.591,-0.08499999999999999,0.0,206.252,5.045,0.579,9554577.558,1746730.2
2024-10-23 16:17:59,52.0,37.34953761,-121.93637673,1731.25,2.303,1.741,0.0,206.45700000000002,28.329,1.2890000000000001,9554577.290000001,1746731.9309999999
2024-10-23 16:18:00,52.0,37.34950816,-121.93634394,1735.6509999999998,4.468999999999999,2.237,0.0,206.881,48.973,1.9149999999999998,9554576.812,1746735.2
2024-10-23 16:18:01,52.0,37.3494735,-121.93629777000001,1741.282,5.723000000000001,1.286,0.0,207.429,37.105000000000004,2.68,9554575.651999999,1746739.0329999998
2024-10-23 16:18:02,52.0,37.349449549999996,-121.93625770999999,1745.869,4.578,-0.9800000000000001,0.0,208.224,25.052999999999997,2.873,9554574.206999999,1746741.671
2024-10-23 16:18:03,52.0,37.34945358,-121.936271,1748.265,1.9460000000000002,-3.034,0.0,208.715,39.534,1.641,9554574.966,1746741.238
2024-10-23 16:18:04,52.0,37.34946497,-121.93631631000001,1752.5010000000002,4.407,2.694,0.0,209.179,36.543,2.055,9554577.721,1746740.018
2024-10-23 16:18:05,52.0,37.34946741,-121.936362,1756.648,4.21,-0.06700000000000002,0.0,209.80300000000003,17.387,2.689,9554581.146,1746739.807
2024-10-23 16:18:06,52.0,37.34946319,-121.93636756000001,1758.1950000000002,1.1,-3.321,0.0,210.256,5.4479999999999995,1.066,9554581.883,1746740.289
2024-10-23 16:18:07,52.0,37.34947449,-121.93635300999999,1760.2310000000002,1.966,0.7849999999999999,0.0,210.527,24.148,1.3519999999999999,9554579.932,1746738.9980000001
2024-10-23 16:18:08,52.0,37.34948767,-121.9363175,1763.7240000000002,3.5980000000000003,1.829,0.0,210.945,24.447,1.8359999999999999,9554576.193,1746737.4679999999
2024-10-23 16:18:09,52.0,37.34950481,-121.93629315999999,1766.6919999999998,2.966,-0.64,0.0,211.404,6.792,1.778,9554573.051,1746735.5050000001
2024-10-23 16:18:10,52.0,37.349518190000005,-121.93629158000002,1768.369,1.58,-1.508,0.0,211.724,4.399,0.575,9554571.97,1746734.0
2024-10-23 16:18:11,52.0,37.34952588,-121.93630361000001,1769.7930000000001,1.401,-0.161,0.0,211.80100000000002,6.343,0.256,9554572.368999999,1746733.151
2024-10-23 16:18:12,52.0,37.349530720000004,-121.93631821,1771.2069999999999,1.391,0.020999999999999998,0.0,211.859,6.037,0.238,9554573.172,1746732.628
2024-10-23 16:18:13,52.0,37.349536560000004,-121.93633208000001,1772.6150000000002,1.388,-0.012,0.0,211.92199999999997,6.046,0.275,9554573.847,1746731.989
2024-10-23 16:18:14,52.0,37.34954229,-121.93634581,1774.0080000000003,1.358,-0.021,0.0,211.99699999999999,5.566000000000001,0.28900000000000003,9554574.52,1746731.363
2024-10-23 16:18:15,52.0,37.34954451,-121.93635839999999,1775.175,1.1480000000000001,-0.21400000000000002,0.0,212.064,4.296,0.231,9554575.352,1746731.134
2024-10-23 16:18:16,52.0,37.34954542,-121.93636861,1776.105,0.907,-0.252,0.0,212.10999999999999,3.588,0.16499999999999998,9554576.091999998,1746731.0420000001
2024-10-23 16:18:17,52.0,37.3495468,-121.93637616999999,1776.8509999999999,0.688,-0.21400000000000002,0.0,212.144,2.561,0.10800000000000001,9554576.587000001,1746730.898
2024-10-23 16:18:18,52.0,37.34954773,-121.93638185,1777.389,0.508,-0.16099999999999998,0.0,212.164,2.019,0.067,9554576.97,1746730.8010000002
2024-10-23 16:18:19,52.0,37.349549589999995,-121.93638100999999,1777.45,0.05500000000000001,-0.476,0.0,212.18099999999998,0.229,0.082,9554576.771,1746730.5899999999
2024-10-23 16:18:20,52.0,37.34955625,-121.93638347999999,1778.014,0.587,0.506,0.0,212.21599999999998,4.479,0.209,9554576.489,1746729.8460000001
2024-10-23 16:18:21,52.0,37.34956838,-121.93639258,1779.6080000000002,1.6420000000000001,1.116,0.0,212.315,10.878,0.6990000000000001,9554576.34,1746728.493
2024-10-23 16:18:22,52.0,37.34958232,-121.93640696,1781.643,2.029,0.382,0.0,212.55100000000002,9.555,1.001,9554576.475,1746726.946
2024-10-23 16:18:23,52.0,37.34959615,-121.93642287,1783.748,2.072,0.026000000000000002,0.0,212.796,8.626999999999999,1.038,9554576.74,1746725.413
2024-10-23 16:18:24,52.0,37.34960934,-121.93643519,1785.5970000000002,1.78,-0.29300000000000004,0.0,213.01500000000001,6.174,0.55,9554576.767,1746723.9449999998
2024-10-23 16:18:25,52.0,37.34961929,-121.93644597,1787.071,1.403,-0.39299999999999996,0.0,213.109,5.112,0.306,9554576.905,1746722.8420000002
2024-10-23 16:18:26,52.0,37.34962762,-121.93645411,1788.273,1.157,-0.257,0.0,213.186,4.751,0.404,9554576.952,1746721.918
2024-10-23 16:18:27,52.0,37.349637630000004,-121.93645756999999,1789.462,1.162,0.030000000000000006,0.0,213.30300000000003,5.007,0.37,9554576.509,1746720.796
2024-10-23 16:18:28,52.0,37.34964688,-121.93646005000001,1790.539,1.06,-0.097,0.0,213.36599999999999,4.191,0.184,9554576.044,1746719.757
2024-10-23 16:18:29,52.0,37.34965399,-121.93646237,1791.3799999999999,0.85,-0.219,0.0,213.40499999999997,3.332,0.156,9554575.719,1746718.961
2024-10-23 16:18:30,52.0,37.349660130000004,-121.93646233,1792.11,0.704,-0.154,0.0,213.44099999999997,2.9,0.122,9554575.278,1746718.2719999999
2024-10-23 16:18:31,52.0,37.34966537,-121.93646037,1792.818,0.654,-0.05600000000000001,0.0,213.475,2.8739999999999997,0.152,9554574.747,1746717.6800000002
2024-10-23 16:18:32,52.0,37.34967004,-121.93645638000001,1793.491,0.6220000000000001,-0.027000000000000003,0.0,213.50900000000001,2.739,0.136,9554574.098000001,1746717.148
2024-10-23 16:18:33,52.0,37.34967413,-121.93644975,1794.2959999999998,0.751,0.15,0.0,213.545,3.357,0.144,9554573.286,1746716.6800000002
2024-10-23 16:18:34,52.0,37.34967897,-121.93644546,1795.0369999999998,0.671,-0.074,0.0,213.589,2.7190000000000003,0.193,9554572.601,1746716.1300000001
2024-10-23 16:18:35,52.0,37.34968103,-121.93644710000001,1795.628,0.48,-0.22800000000000004,0.0,213.63299999999998,2.061,0.162,9554572.583,1746715.9
2024-10-23 16:18:36,52.0,37.3496751,-121.93645151999999,1796.4450000000002,0.761,0.278,0.0,213.667,4.061,0.13,9554573.356,1746716.575
2024-10-23 16:18:37,52.0,37.34966825,-121.93645839999999,1797.466,0.985,0.254,0.0,213.706,4.557,0.16599999999999998,9554574.387,1746717.3539999998
2024-10-23 16:18:38,52.0,37.34966091,-121.93646514,1798.506,1.027,0.038,0.0,213.74499999999998,4.407,0.154,9554575.441,1746718.1870000002
2024-10-23 16:18:39,52.0,37.34965355,-121.93647231,1799.577,1.0150000000000001,-0.047,0.0,213.78699999999998,5.281000000000001,0.209,9554576.533,1746719.026
2024-10-23 16:18:40,52.0,37.34964787,-121.93647920000001,1800.5790000000002,0.9709999999999999,0.038000000000000034,0.0,213.83499999999998,3.84,0.131,9554577.482,1746719.6739999999
2024-10-23 16:18:41,52.0,37.349652559999996,-121.93647863999999,1801.19,0.552,-0.504,0.0,213.873,3.232,0.21400000000000002,9554577.101,1746719.145
2024-10-23 16:18:42,52.0,37.34965971,-121.9364824,1802.093,0.884,0.374,0.0,213.93199999999996,4.33,0.217,9554576.889,1746718.345
2024-10-23 16:18:43,52.0,37.34966861,-121.93648705000001,1803.1830000000002,1.101,0.213,0.0,213.983,5.1,0.19,9554576.618999999,1746717.352
2024-10-23 16:18:44,52.0,37.34967741,-121.93649305,1804.3110000000001,1.12,0.012,0.0,214.026,4.945,0.171,9554576.459999999,1746716.371
2024-10-23 16:18:45,52.0,37.34968612,-121.93649925,1805.438,1.117,-0.003999999999999999,0.0,214.071,4.776999999999999,0.16999999999999998,9554576.328,1746715.3989999997
2024-10-23 16:18:46,52.0,37.34969434,-121.93650511999999,1806.5080000000003,1.049,-0.069,0.0,214.109,4.3420000000000005,0.164,9554576.201000001,1746714.4829999998
2024-10-23 16:18:47,52.0,37.34970405,-121.93651193000001,1807.7689999999998,1.259,0.193,0.0,214.158,7.177,0.22000000000000003,9554576.044,1746713.4
2024-10-23 16:18:48,52.0,37.34971041,-121.93651641,1808.5919999999999,0.735,-0.485,0.0,214.211,1.9440000000000002,0.244,9554575.941,1746712.6920000003
2024-10-23 16:18:49,52.0,37.34971769,-121.93652248000001,1809.5849999999998,0.9640000000000001,0.16899999999999998,0.0,214.286,6.132,0.278,9554575.901999999,1746711.8809999998
2024-10-23 16:18:50,52.0,37.34972759,-121.93652927000001,1810.852,1.247,0.349,0.0,214.346,5.475,0.221,9554575.729,1746710.7780000002
2024-10-23 16:18:51,52.0,37.349737829999995,-121.93653463000001,1812.102,1.224,-0.05,0.0,214.39299999999997,5.233,0.181,9554575.417,1746709.633
2024-10-23 16:18:52,52.0,37.34974769,-121.93653975,1813.298,1.1809999999999998,-0.048,0.0,214.44099999999997,5.109,0.187,9554575.116,1746708.5320000001
2024-10-23 16:18:53,52.0,37.34975833,-121.93654429,1814.5700000000002,1.2349999999999999,0.02,0.0,214.49099999999999,6.915000000000001,0.24100000000000002,9554574.715,1746707.341
2024-10-23 16:18:54,52.0,37.34976821,-121.93654296,1815.812,1.209,0.046,0.0,214.56199999999998,4.378,0.329,9554573.904000001,1746706.2280000001
2024-10-23 16:18:55,52.0,37.34977214,-121.93653268999999,1816.842,1.0310000000000001,-0.251,0.0,214.65,6.165,0.32,9554572.814,1746705.7719999999
2024-10-23 16:18:56,52.0,37.34977648,-121.93651875999998,1818.181,1.3530000000000002,0.386,0.0,214.719,5.994,0.24,9554571.406,1746705.2629999998
2024-10-23 16:18:57,52.0,37.34978099,-121.93650538,1819.4779999999998,1.293,-0.082,0.0,214.773,5.558,0.20400000000000001,9554570.031,1746704.7399999998
2024-10-23 16:18:58,52.0,37.349786210000005,-121.9364917,1820.8290000000002,1.326,0.032,0.0,214.82800000000003,5.892,0.21600000000000003,9554568.58,1746704.132
2024-10-23 16:18:59,52.0,37.349791749999994,-121.93647512,1822.435,1.589,0.317,0.0,214.894,8.336,0.323,9554566.876,1746703.4870000002
2024-10-23 16:19:00,52.0,37.34979508,-121.93646662,1823.298,0.8039999999999999,-0.8560000000000001,0.0,214.97600000000003,3.2649999999999997,0.33399999999999996,9554565.972,1746703.102
2024-10-23 16:19:01,52.0,37.349801279999994,-121.93645448,1824.5919999999999,1.268,0.457,0.0,215.04899999999998,7.005,0.238,9554564.573,1746702.3879999998
2024-10-23 16:19:02,52.0,37.3498096,-121.93644384,1825.926,1.314,0.087,0.0,215.10399999999998,5.4030000000000005,0.23500000000000001,9554563.14,1746701.4370000002
2024-10-23 16:19:03,52.0,37.349818119999995,-121.93643485,1827.179,1.226,-0.10900000000000001,0.0,215.16199999999998,5.08,0.22400000000000003,9554561.822,1746700.4649999999
2024-10-23 16:19:04,52.0,37.349826039999996,-121.93642674,1828.3290000000002,1.131,-0.099,0.0,215.214,4.782,0.196,9554560.618,1746699.565
2024-10-23 16:19:05,52.0,37.34983442,-121.93642116999999,1829.4209999999998,1.073,-0.059,0.0,215.26,4.465999999999999,0.16499999999999998,9554559.579,1746698.614
2024-10-23 16:19:06,52.0,37.34984342,-121.93641939,1830.4669999999999,1.011,-0.05500000000000001,0.0,215.305,4.169,0.175,9554558.797,1746697.6030000001
2024-10-23 16:19:07,52.0,37.34985228,-121.93642032,1831.4720000000002,0.977,-0.037,0.0,215.342,4.419,0.146,9554558.238,1746696.607
2024-10-23 16:19:08,52.0,37.34986162,-121.93642218,1832.539,1.054,0.08299999999999999,0.0,215.37800000000001,4.8759999999999994,0.142,9554557.716,1746695.557
2024-10-23 16:19:09,52.0,37.34987112,-121.93642471000001,1833.6349999999998,1.096,0.047,0.0,215.41500000000002,4.698,0.151,9554557.236,1746694.493
2024-10-23 16:19:10,52.0,37.34987983,-121.93642843,1834.672,1.032,-0.06999999999999999,0.0,215.45300000000003,4.325,0.145,9554556.907,1746693.5170000002
2024-10-23 16:19:11,52.0,37.34988749,-121.93643202000001,1835.614,0.9380000000000001,-0.096,0.0,215.48899999999998,3.775,0.151,9554556.642,1746692.662
2024-10-23 16:19:12,52.0,37.34989391,-121.93643257,1836.3619999999999,0.727,-0.2,0.0,215.531,2.7359999999999998,0.15,9554556.228,1746691.94
2024-10-23 16:19:13,52.0,37.3499008,-121.93643268999999,1837.1619999999998,0.764,-0.0020000000000000018,0.0,215.564,4.289,0.145,9554555.743999999,1746691.1649999998
2024-10-23 16:19:14,52.0,37.34991069,-121.9364338,1838.2939999999999,1.142,0.41100000000000003,0.0,215.60999999999999,5.638,0.263,9554555.126,1746690.0550000002
2024-10-23 16:19:15,52.0,37.34992124,-121.93643353,1839.4919999999997,1.193,0.037,0.0,215.69099999999997,5.246,0.308,9554554.35,1746688.868
2024-10-23 16:19:16,52.0,37.349926700000005,-121.93643091999999,1840.3650000000002,0.736,-0.421,0.0,215.746,2.442,0.152,9554553.754999999,1746688.2509999997
2024-10-23 16:19:17,52.0,37.349920659999995,-121.93643601,1841.2720000000002,0.906,0.129,0.0,215.78400000000002,5.432,0.184,9554554.587000001,1746688.935
2024-10-23 16:19:18,52.0,37.34991335,-121.93643563999998,1842.164,0.8879999999999999,0.0069999999999999975,0.0,215.831,4.0520000000000005,0.185,9554555.078,1746689.759
2024-10-23 16:19:19,52.0,37.34990382,-121.93643424,1843.253,1.138,0.23900000000000002,0.0,215.882,5.667,0.197,9554555.651,1746690.829
2024-10-23 16:19:20,52.0,37.34989272,-121.93643265,1844.5049999999999,1.32,0.192,0.0,215.929,6.167,0.219,9554556.318,1746692.0739999998
2024-10-23 16:19:21,52.0,37.34988098,-121.93643273,1845.8229999999999,1.365,0.045,0.0,215.99,5.768,0.254,9554557.162999999,1746693.395
2024-10-23 16:19:22,52.0,37.34986925,-121.93643831,1847.238,1.4289999999999998,0.05,0.0,216.05300000000003,7.093000000000001,0.258,9554558.443,1746694.7210000001
2024-10-23 16:19:23,52.0,37.34985835,-121.93644962,1848.846,1.616,0.201,0.0,216.125,7.4030000000000005,0.28900000000000003,9554560.111,1746695.963
2024-10-23 16:19:24,52.0,37.34984834,-121.93646209,1850.425,1.585,-0.031,0.0,216.198,6.481999999999999,0.27599999999999997,9554561.808,1746697.106
2024-10-23 16:19:25,52.0,37.34983751,-121.93647225,1851.935,1.51,-0.08499999999999999,0.0,216.25799999999998,6.412000000000001,0.23000000000000004,9554563.384,1746698.336
2024-10-23 16:19:26,52.0,37.34982653,-121.9364808,1853.381,1.452,-0.05600000000000001,0.0,216.314,6.085,0.21800000000000003,9554564.841,1746699.5829999999
2024-10-23 16:19:27,52.0,37.349815910000004,-121.93648848000001,1854.756,1.378,-0.078,0.0,216.36399999999998,5.779999999999999,0.172,9554566.204,1746700.787
2024-10-23 16:19:28,52.0,37.34980712,-121.93649664,1855.988,1.237,-0.127,0.0,216.40900000000002,4.627,0.2,9554567.476,1746701.789
2024-10-23 16:19:29,52.0,37.34980498,-121.93650439000001,1856.8139999999999,0.8150000000000001,-0.434,0.0,216.45700000000002,2.847,0.19,9554568.238,1746702.039
2024-10-23 16:19:30,52.0,37.3498119,-121.93650812000001,1857.7279999999998,0.9550000000000001,0.11600000000000002,0.0,216.512,5.454,0.24900000000000003,9554568.037999999,1746701.2670000002
2024-10-23 16:19:31,52.0,37.34981909,-121.93651098000001,1858.6170000000002,0.922,0.047,0.0,216.589,2.9989999999999997,0.384,9554567.749,1746700.463
2024-10-23 16:19:32,52.0,37.3498229,-121.93651093999999,1859.244,0.438,-0.5770000000000001,0.0,216.704,2.1310000000000002,0.45899999999999996,9554567.475,1746700.0320000001
2024-10-23 16:19:33,52.0,37.349831699999996,-121.93650906,1860.275,0.994,0.591,0.0,216.80300000000003,5.781000000000001,0.434,9554566.697,1746699.0399999998
2024-10-23 16:19:34,52.0,37.34984151,-121.93651273,1861.467,1.238,0.27,0.0,216.90500000000003,5.455,0.29100000000000004,9554566.285,1746697.9440000001
2024-10-23 16:19:35,52.0,37.34984957,-121.93652071,1862.6299999999999,1.192,-0.065,0.0,216.968,5.08,0.256,9554566.338,1746697.048
2024-10-23 16:19:36,52.0,37.34985795,-121.936529,1863.83,1.224,0.026000000000000002,0.0,217.03699999999998,5.563,0.279,9554566.39,1746696.1199999999
2024-10-23 16:19:37,52.0,37.34986684,-121.93653666,1865.0369999999998,1.217,0.000999999999999998,0.0,217.10399999999998,5.103,0.253,9554566.36,1746695.128
2024-10-23 16:19:38,52.0,37.34987555,-121.93654384999999,1866.203,1.178,-0.034999999999999996,0.0,217.161,4.953,0.246,9554566.303,1746694.1579999998
2024-10-23 16:19:39,52.0,37.3498846,-121.93654916999999,1867.3290000000002,1.1320000000000001,-0.057999999999999996,0.0,217.223,5.054,0.23700000000000002,9554566.076,1746693.1489999997
2024-10-23 16:19:40,52.0,37.34989334,-121.93655412999999,1868.404,1.108,-0.011,0.0,217.288,4.42,0.47400000000000003,9554565.842,1746692.173
2024-10-23 16:19:41,52.0,37.34989943,-121.93655675,1869.265,0.787,-0.327,0.0,217.52800000000002,2.817,0.9710000000000001,9554565.613,1746691.4899999998
2024-10-23 16:19:42,52.0,37.34990171,-121.93655257999998,1869.9189999999999,0.612,-0.198,0.0,217.65099999999998,2.673,0.246,9554565.123,1746691.2280000001
2024-10-23 16:19:43,52.0,37.34990195,-121.93654756999999,1870.551,0.612,0.032999999999999995,0.0,217.704,2.4859999999999998,0.184,9554564.712000001,1746691.193
2024-10-23 16:19:44,52.0,37.34989673,-121.93654617,1871.1689999999999,0.581,-0.053000000000000005,0.0,217.748,2.864,0.21400000000000002,9554564.972,1746691.7789999999
2024-10-23 16:19:45,52.0,37.34989124,-121.93654394999999,1871.9180000000001,0.6839999999999999,0.098,0.0,217.811,3.4410000000000003,0.23900000000000002,9554565.190000001,1746692.393
2024-10-23 16:19:46,52.0,37.34988335,-121.93653715999999,1873.02,1.069,0.403,0.0,217.85999999999999,5.4079999999999995,0.188,9554565.217999998,1746693.273
2024-10-23 16:19:47,52.0,37.34987392,-121.93652911,1874.307,1.2049999999999998,0.13899999999999998,0.0,217.908,5.431,0.189,9554565.258,1746694.318
2024-10-23 16:19:48,52.0,37.349864710000006,-121.93652134999999,1875.5529999999999,1.168,-0.045,0.0,217.955,4.83,0.192,9554565.307,1746695.344
2024-10-23 16:19:49,52.0,37.34985621,-121.93651433,1876.6970000000001,1.107,-0.061,0.0,218.002,4.611,0.183,9554565.361,1746696.293
2024-10-23 16:19:50,52.0,37.34984754,-121.93650532,1877.975,1.239,0.125,0.0,218.048,6.391,0.197,9554565.27,1746697.2550000001
2024-10-23 16:19:51,52.0,37.349837980000004,-121.93649443,1879.4180000000001,1.408,0.191,0.0,218.09900000000002,6.246,0.211,9554565.095999999,1746698.315
2024-10-23 16:19:52,52.0,37.34982857,-121.93648433000001,1880.816,1.35,-0.07,0.0,218.154,5.652,0.219,9554564.972,1746699.36
2024-10-23 16:19:53,52.0,37.349818909999996,-121.93647472,1882.2060000000001,1.351,-0.005000000000000001,0.0,218.20299999999997,6.011,0.194,9554564.907000002,1746700.4309999999
2024-10-23 16:19:54,52.0,37.34980958,-121.93646491,1883.5700000000002,1.339,-0.011,0.0,218.257,5.828,0.221,9554564.8,1746701.4670000002
2024-10-23 16:19:55,52.0,37.34980024,-121.93645529999999,1884.9209999999998,1.34,0.0030000000000000005,0.0,218.31,5.705,0.191,9554564.712000001,1746702.5050000001
2024-10-23 16:19:56,52.0,37.34979098,-121.936446,1886.247,1.316,-0.025,0.0,218.35399999999998,5.737,0.186,9554564.640999999,1746703.534
2024-10-23 16:19:57,52.0,37.34978207,-121.93643645,1887.5610000000001,1.306,-0.009,0.0,218.404,5.625,0.194,9554564.524,1746704.523
2024-10-23 16:19:58,52.0,37.349773479999996,-121.93642723,1888.83,1.251,-0.054000000000000006,0.0,218.448,5.207,0.179,9554564.412999999,1746705.477
2024-10-23 16:19:59,52.0,37.34976547,-121.93641848,1890.021,1.18,-0.076,0.0,218.49099999999999,4.964,0.174,9554564.294,1746706.3649999998
2024-10-23 16:20:00,52.0,37.34975705,-121.93640998999999,1891.2400000000002,1.199,0.022,0.0,218.53699999999998,5.281000000000001,0.184,9554564.228,1746707.3
2024-10-23 16:20:01,52.0,37.349748840000004,-121.93640119,1892.461,1.2209999999999999,0.025,0.0,218.583,5.378,0.187,9554564.121,1746708.213
2024-10-23 16:20:02,52.0,37.34974076,-121.93639283,1893.6419999999998,1.186,-0.033,0.0,218.629,4.9799999999999995,0.17200000000000001,9554564.040000001,1746709.1079999998
2024-10-23 16:20:03,52.0,37.34973301,-121.93638479,1894.7810000000002,1.1320000000000001,-0.059,0.0,218.671,4.8,0.17400000000000002,9554563.961,1746709.969
2024-10-23 16:20:04,52.0,37.349725410000005,-121.93637701,1895.893,1.0930000000000002,-0.039,0.0,218.719,4.704,0.20099999999999998,9554563.893000001,1746710.814
2024-10-23 16:20:05,52.0,37.34971796,-121.93636968999999,1896.9669999999999,1.06,-0.031,0.0,218.767,4.5,0.16899999999999998,9554563.847,1746711.64
2024-10-23 16:20:06,52.0,37.34971057,-121.93636296,1898.014,1.0210000000000001,-0.047,0.0,218.80700000000002,4.4350000000000005,0.166,9554563.844,1746712.4640000002
2024-10-23 16:20:07,52.0,37.349703219999995,-121.93635718,1899.014,0.976,-0.04,0.0,218.85700000000003,4.149,0.24300000000000002,9554563.915000001,1746713.2829999998
2024-10-23 16:20:08,52.0,37.34969511999999,-121.93635117000001,1900.1060000000002,1.076,0.1,0.0,218.91500000000002,4.942,0.191,9554564.023,1746714.185
2024-10-23 16:20:09,52.0,37.34968646,-121.93634658,1901.1799999999998,1.072,-1.3877787807814458e-18,0.0,218.959,4.581,0.173,9554564.278,1746715.15
2024-10-23 16:20:10,52.0,37.34967812,-121.93634262999998,1902.2040000000002,0.998,-0.078,0.0,218.99899999999997,4.1659999999999995,0.16499999999999998,9554564.563,1746716.084
2024-10-23 16:20:11,52.0,37.34967059,-121.93633981,1903.125,0.905,-0.089,0.0,219.04000000000002,3.597,0.14300000000000002,9554564.879,1746716.927
2024-10-23 16:20:12,52.0,37.34966526,-121.93633695999999,1903.8760000000002,0.7110000000000001,-0.19,0.0,219.07399999999998,2.792,0.125,9554565.036,1746717.5219999999
2024-10-23 16:20:13,52.0,37.34966335,-121.93633119,1904.5130000000001,0.594,-0.13799999999999998,0.0,219.10399999999998,2.66,0.135,9554564.717999998,1746717.7289999998
2024-10-23 16:20:14,52.0,37.3496646,-121.93632718,1905.0459999999998,0.475,-0.097,0.0,219.13600000000002,1.798,0.11299999999999999,9554564.313,1746717.582
2024-10-23 16:20:15,52.0,37.349664059999995,-121.93632633,1905.292,0.196,-0.296,0.0,219.17199999999997,0.8009999999999999,0.156,9554564.285,1746717.643
2024-10-23 16:20:16,52.0,37.34966552,-121.93632511999999,1905.587,0.193,0.011999999999999997,0.0,219.196,0.8629999999999999,0.05500000000000001,9554564.084999999,1746717.477
2024-10-23 16:20:17,52.0,37.34966675,-121.9363239,1905.6600000000003,0.047,-0.145,0.0,219.208,0.205,0.025,9554563.9,1746717.3350000002
2024-10-23 16:20:18,52.0,37.34966514,-121.93632433,1905.6600000000003,0.003,-0.053000000000000005,0.0,219.21599999999998,0.018,0.05700000000000001,9554564.048999999,1746717.518
2024-10-23 16:20:19,52.0,37.34966153,-121.93632628,1905.9650000000001,0.317,0.298,0.0,219.237,2.1450000000000005,0.17099999999999999,9554564.463,1746717.927
2024-10-23 16:20:20,52.0,37.34965661,-121.93633441,1906.9239999999998,0.9949999999999999,0.791,0.0,219.296,5.157,0.162,9554565.452,1746718.4899999998
2024-10-23 16:20:21,52.0,37.34965898,-121.93633063,1907.56,0.553,-0.54,0.0,219.324,3.588,0.126,9554564.987,1746718.22
2024-10-23 16:20:22,52.0,37.34966233,-121.93632708,1908.104,0.48900000000000005,-0.03200000000000001,0.0,219.34699999999998,1.474,0.065,9554564.466,1746717.838
2024-10-23 16:20:23,52.0,37.34966243,-121.93632891,1908.1600000000003,0.054000000000000006,-0.483,0.0,219.365,0.22799999999999998,0.068,9554564.603,1746717.829
2024-10-23 16:20:24,52.0,37.34966304,-121.93633245999999,1908.402,0.325,0.29000000000000004,0.0,219.388,1.6920000000000002,0.10600000000000001,9554564.838,1746717.765
2024-10-23 16:20:25,52.0,37.34966242,-121.93633643000001,1908.857,0.453,0.15,0.0,219.41500000000002,1.991,0.11200000000000002,9554565.198,1746717.8420000002
2024-10-23 16:20:26,52.0,37.34966347,-121.93634148999999,1909.381,0.536,0.081,0.0,219.44400000000002,2.33,0.10400000000000001,9554565.521000002,1746717.7289999998
2024-10-23 16:20:27,52.0,37.34966123,-121.9363439,1909.836,0.403,-0.14100000000000001,0.0,219.469,1.736,0.10900000000000001,9554565.870000001,1746717.986
2024-10-23 16:20:28,52.0,37.34966048,-121.93634836999999,1910.3,0.462,0.064,0.0,219.504,2.064,0.22200000000000003,9554566.276,1746718.0760000001
2024-10-23 16:20:29,52.0,37.34965795,-121.93635231,1910.8029999999999,0.48200000000000004,0.016,0.0,219.56199999999998,2.1390000000000002,0.147,9554566.767,1746718.364
2024-10-23 16:20:30,52.0,37.34965707,-121.93635777,1911.345,0.533,0.045,0.0,219.59,2.43,0.11100000000000002,9554567.259,1746718.473
2024-10-23 16:20:31,52.0,37.34965458,-121.9363621,1911.896,0.518,-0.028000000000000004,0.0,219.61400000000003,2.283,0.086,9554567.78,1746718.759
2024-10-23 16:20:32,52.0,37.349653239999995,-121.93636627999999,1912.3990000000001,0.449,-0.078,0.0,219.63299999999998,1.8530000000000002,0.05900000000000001,9554568.203,1746718.914
2024-10-23 16:20:33,52.0,37.34965055,-121.93636848999999,1912.777,0.372,-0.079,0.0,219.64600000000002,1.593,0.063,9554568.57,1746719.22
2024-10-23 16:20:34,52.0,37.349647420000004,-121.93637106000001,1913.268,0.476,0.118,0.0,219.66500000000002,2.1759999999999997,0.083,9554568.995000001,1746719.575
2024-10-23 16:20:35,52.0,37.3496438,-121.93636855,1913.7830000000001,0.531,0.044,0.0,219.685,2.488,0.08,9554569.057,1746719.9780000001
2024-10-23 16:20:36,52.0,37.34964147,-121.93636454,1914.3319999999999,0.518,-0.006,0.0,219.708,2.1100000000000003,0.08499999999999999,9554568.907,1746720.235
2024-10-23 16:20:37,52.0,37.34963879,-121.93636040999999,1914.8669999999997,0.507,-0.004999999999999999,0.0,219.727,2.199,0.065,9554568.773,1746720.5320000001
2024-10-23 16:20:38,52.0,37.34963932,-121.93635642,1915.316,0.406,-0.11500000000000002,0.0,219.744,1.8800000000000001,0.065,9554568.422,1746720.4669999997
2024-10-23 16:20:39,52.0,37.34963929,-121.93635001,1915.931,0.604,0.209,0.0,219.76,2.863,0.093,9554567.918,1746720.461
2024-10-23 16:20:40,52.0,37.349641610000006,-121.93634202000001,1916.735,0.74,0.14100000000000001,0.0,219.786,3.429,0.10600000000000001,9554567.123,1746720.189
2024-10-23 16:20:41,52.0,37.34964532,-121.93633537999999,1917.5400000000002,0.8109999999999999,0.059,0.0,219.817,3.6950000000000003,0.161,9554566.334999999,1746719.7629999998
2024-10-23 16:20:42,52.0,37.349652000000006,-121.9363313,1918.512,0.899,0.155,0.0,219.875,3.864,0.248,9554565.537999999,1746719.0050000001
2024-10-23 16:20:43,52.0,37.34964823,-121.93633545,1919.3080000000002,0.6849999999999999,-0.262,0.0,219.92399999999998,4.069999999999999,0.186,9554566.133,1746719.435
2024-10-23 16:20:44,52.0,37.349645620000004,-121.93634495,1920.2310000000002,0.9359999999999999,0.262,0.0,219.98000000000002,4.3469999999999995,0.233,9554567.068,1746719.742
2024-10-23 16:20:45,52.0,37.3496428,-121.93635691,1921.351,1.062,0.11000000000000001,0.0,220.032,4.922,0.198,9554568.212000001,1746720.0739999998
2024-10-23 16:20:46,52.0,37.34963994,-121.93636853999999,1922.4779999999998,1.06,-0.008000000000000002,0.0,220.08,4.458,0.18,9554569.332,1746720.413
2024-10-23 16:20:47,52.0,37.34963752,-121.93638083,1923.6290000000001,1.063,-0.011,0.0,220.12600000000003,4.968999999999999,0.185,9554570.472,1746720.7030000002
2024-10-23 16:20:48,52.0,37.34963352,-121.93639227000001,1924.77,1.127,0.075,0.0,220.17199999999997,4.86,0.205,9554571.659,1746721.168
2024-10-23 16:20:49,52.0,37.349629449999995,-121.93640042,1925.672,0.893,-0.227,0.0,220.22599999999997,3.023,0.154,9554572.592,1746721.636
2024-10-23 16:20:50,52.0,37.34963087,-121.93640212,1926.261,0.396,-0.545,0.0,220.25,1.5939999999999999,0.096,9554572.625,1746721.4780000001
2024-10-23 16:20:51,52.0,37.349631959999996,-121.93639608999999,1926.881,0.557,0.189,0.0,220.276,2.774,0.11299999999999999,9554572.070999999,1746721.3490000002
2024-10-23 16:20:52,52.0,37.34963355,-121.93638811000001,1927.654,0.774,0.23199999999999998,0.0,220.30900000000003,3.6270000000000002,0.13699999999999998,9554571.33,1746721.1570000001
2024-10-23 16:20:53,52.0,37.34963449,-121.93637912,1928.4919999999997,0.819,0.042,0.0,220.34099999999998,3.563,0.126,9554570.555,1746721.041
2024-10-23 16:20:54,52.0,37.349635490000004,-121.93636942999998,1929.4029999999998,0.892,0.076,0.0,220.373,3.9589999999999996,0.13,9554569.72,1746720.914
2024-10-23 16:20:55,52.0,37.34963656,-121.93635991000001,1930.3049999999998,0.845,-0.053000000000000005,0.0,220.407,3.6350000000000002,0.135,9554568.893000001,1746720.781
2024-10-23 16:20:56,52.0,37.34963563,-121.93635234999999,1931.098,0.749,-0.095,0.0,220.44,2.9739999999999998,0.125,9554568.365,1746720.8769999999
2024-10-23 16:20:57,52.0,37.349633669999996,-121.93634492000001,1931.8509999999999,0.7,-0.05500000000000001,0.0,220.471,3.166,0.13,9554567.921,1746721.086
2024-10-23 16:20:58,52.0,37.3496329,-121.93633727,1932.699,0.749,0.035,0.0,220.50300000000001,3.629,0.129,9554567.371000001,1746721.164
2024-10-23 16:20:59,52.0,37.34963808,-121.93632627,1933.8529999999998,1.127,0.40499999999999997,0.0,220.539,5.686999999999999,0.175,9554566.136,1746720.565
2024-10-23 16:21:00,52.0,37.34964611,-121.93631631000001,1935.134,1.239,0.121,0.0,220.59099999999998,5.5969999999999995,0.205,9554564.777,1746719.6489999997
2024-10-23 16:21:01,52.0,37.34965497,-121.93630775,1936.386,1.25,0.0009999999999999998,0.0,220.638,5.470000000000001,0.183,9554563.47,1746718.639
2024-10-23 16:21:02,52.0,37.349663559999996,-121.93629902,1937.627,1.21,-0.04,0.0,220.686,5.08,0.188,9554562.168000001,1746717.6609999998
2024-10-23 16:21:03,52.0,37.34967056,-121.93628960999999,1938.792,1.114,-0.10200000000000001,0.0,220.731,4.586,0.173,9554560.927,1746716.8620000002
2024-10-23 16:21:04,52.0,37.349675919999996,-121.93627991999999,1939.855,1.024,-0.086,0.0,220.775,4.093999999999999,0.198,9554559.779,1746716.2449999999
2024-10-23 16:21:05,52.0,37.34967888,-121.93626968000001,1940.8700000000001,0.945,-0.094,0.0,220.824,4.526999999999999,0.192,9554558.762,1746715.898
2024-10-23 16:21:06,52.0,37.34968361999999,-121.93626001,1941.961,1.0310000000000001,0.10500000000000001,0.0,220.871,4.426,0.194,9554557.662999999,1746715.3510000003
2024-10-23 16:21:07,52.0,37.34968874,-121.9362592,1942.828,0.768,-0.215,0.0,220.917,2.7510000000000003,0.154,9554557.234000001,1746714.775
2024-10-23 16:21:08,52.0,37.34968533,-121.9362581,1943.2490000000003,0.362,-0.454,0.0,220.94699999999997,1.6509999999999998,0.063,9554557.389,1746715.156
2024-10-23 16:21:09,52.0,37.34968467,-121.93625783,1943.2599999999998,0.035,-0.331,0.0,220.95700000000002,0.163,0.031,9554557.415000001,1746715.2329999998
2024-10-23 16:21:10,52.0,37.34968458,-121.93625784999999,1943.2599999999998,0.001,-0.034999999999999996,0.0,220.964,0.016,0.039,9554557.422999999,1746715.242
2024-10-23 16:21:11,52.0,37.34968488,-121.93625585,1943.2599999999998,0.0,0.0,0.0,220.97199999999998,0.0,0.026000000000000002,9554557.243,1746715.2030000002
2024-10-23 16:21:12,52.0,37.34968395,-121.93625586,1943.2599999999998,0.0,0.0,0.0,220.98199999999997,0.0,0.039,9554557.312,1746715.31
2024-10-23 16:21:13,52.0,37.349683119999995,-121.93625726,1943.2599999999998,0.0,0.0,0.0,220.99499999999998,0.0,0.07,9554557.481,1746715.4029999997
2024-10-23 16:21:14,52.0,37.34968351,-121.93625992,1943.3380000000002,0.10500000000000001,0.086,0.0,221.01500000000001,0.524,0.097,9554557.662999999,1746715.364
2024-10-23 16:21:15,52.0,37.34968143,-121.93625985999999,1943.7310000000002,0.265,0.162,0.0,221.036,1.295,0.068,9554557.809,1746715.598
2024-10-23 16:21:16,52.0,37.349676349999996,-121.93626305000001,1944.42,0.55,0.308,0.0,221.05599999999998,2.706,0.087,9554558.423,1746716.1739999999
2024-10-23 16:21:17,52.0,37.349669649999996,-121.93626554,1945.239,0.71,0.16199999999999998,0.0,221.079,3.239,0.097,9554559.095999999,1746716.9309999999
2024-10-23 16:21:18,52.0,37.34966278,-121.93626867999998,1946.087,0.743,0.024,0.0,221.102,3.316,0.10200000000000001,9554559.834,1746717.707
2024-10-23 16:21:19,52.0,37.34965492,-121.93627158,1947.041,0.8470000000000001,0.10800000000000001,0.0,221.13000000000002,3.787,0.10700000000000001,9554560.624000002,1746718.5929999999
2024-10-23 16:21:20,52.0,37.34964736,-121.93627311,1947.9389999999999,0.842,-0.003,0.0,221.158,3.653,0.129,9554561.285,1746719.447
2024-10-23 16:21:21,52.0,37.34964075,-121.93627360999999,1948.727,0.747,-0.10300000000000001,0.0,221.195,3.073,0.179,9554561.797,1746720.191
2024-10-23 16:21:22,52.0,37.349634120000005,-121.93627443,1949.5130000000001,0.726,-0.011,0.0,221.23499999999999,3.071,0.119,9554562.336,1746720.9370000002
2024-10-23 16:21:23,52.0,37.34962838,-121.93627701999999,1950.273,0.682,-0.048,0.0,221.262,2.903,0.10700000000000001,9554562.949,1746721.587
2024-10-23 16:21:24,52.0,37.34962696,-121.93627744,1950.5849999999998,0.20700000000000002,-0.48,0.0,221.28400000000002,0.652,0.065,9554563.084,1746721.7480000001
2024-10-23 16:21:25,52.0,37.34962704,-121.93627712,1950.625,0.031,-0.193,0.0,221.302,0.143,0.099,9554563.053,1746721.738
2024-10-23 16:21:26,52.0,37.34962476,-121.93627626,1950.9270000000001,0.199,0.21200000000000002,0.0,221.324,0.8880000000000001,0.065,9554563.148,1746721.992
2024-10-23 16:21:27,52.0,37.34962401,-121.93627665,1950.97,0.076,-0.14,0.0,221.337,0.32799999999999996,0.068,9554563.231999999,1746722.079
2024-10-23 16:21:28,52.0,37.34962248,-121.93627708000001,1950.97,0.009,-0.08,0.0,221.359,0.043,0.091,9554563.375999998,1746722.2519999999
2024-10-23 16:21:29,52.0,37.34962271,-121.93627718,1950.97,0.068,0.066,0.0,221.378,0.286,0.062,9554563.364999998,1746722.2289999998
2024-10-23 16:21:30,52.0,37.34962223,-121.9362773,1950.97,0.028999999999999998,-0.039,0.0,221.39899999999997,0.131,0.11100000000000002,9554563.41,1746722.2780000002
2024-10-23 16:21:31,52.0,37.349621660000004,-121.93627746,1950.97,0.04,0.011,0.0,221.42799999999997,0.18,0.11800000000000002,9554563.463,1746722.345
2024-10-23 16:21:32,52.0,37.34962106,-121.93627762000001,1950.97,0.061,0.022,0.0,221.455,0.261,0.09,9554563.519,1746722.414
2024-10-23 16:21:33,52.0,37.349620529999996,-121.9362778,1950.97,0.05,-0.01,0.0,221.48200000000003,0.223,0.128,9554563.57,1746722.469
2024-10-23 16:21:34,52.0,37.34962015,-121.93627795,1951.0430000000001,0.042,-0.007000000000000001,0.0,221.51,0.205,0.119,9554563.61,1746722.515
2024-10-23 16:21:35,52.0,37.34961578,-121.93627719999999,1951.773,0.49800000000000005,0.46299999999999997,0.0,221.541,2.65,0.11300000000000002,9554563.865,1746723.0059999998
2024-10-23 16:21:36,52.0,37.34960907,-121.93627710000001,1952.5459999999998,0.782,0.3,0.0,221.58200000000002,3.842,0.27,9554564.334999999,1746723.757
2024-10-23 16:21:37,52.0,37.34960213,-121.93627633000001,1953.346,0.78,-0.013000000000000001,0.0,221.67,3.21,0.323,9554564.771000002,1746724.538
2024-10-23 16:21:38,52.0,37.34959504,-121.93627698,1954.1680000000001,0.8140000000000001,0.014000000000000004,0.0,221.73899999999998,3.9210000000000003,0.29300000000000004,9554565.331,1746725.336
2024-10-23 16:21:39,52.0,37.34958716,-121.93627864,1955.111,0.9279999999999999,0.124,0.0,221.80300000000003,4.3020000000000005,0.191,9554566.023,1746726.227
2024-10-23 16:21:40,52.0,37.349578359999995,-121.93627647999999,1956.139,1.07,0.148,0.0,221.84700000000004,4.774,0.199,9554566.481999999,1746727.212
2024-10-23 16:21:41,52.0,37.349571149999996,-121.93626987,1957.166,1.0310000000000001,-0.006,0.0,221.901,4.072,0.203,9554566.476,1746728.0129999998
2024-10-23 16:21:42,52.0,37.349569280000004,-121.93626911999999,1957.5,0.225,-0.8709999999999999,0.0,221.93400000000003,0.701,0.06899999999999999,9554566.552,1746728.223
2024-10-23 16:21:43,52.0,37.34957048,-121.93626936000001,1957.61,0.079,-0.145,0.0,221.94899999999998,0.343,0.056999999999999995,9554566.483,1746728.087
2024-10-23 16:21:44,52.0,37.34956976,-121.93627224,1957.61,0.004,-0.054000000000000006,0.0,221.961,0.019,0.044,9554566.762,1746728.1739999999
2024-10-23 16:21:45,52.0,37.349569200000005,-121.93627226000001,1957.61,0.0,-0.002,0.0,221.974,0.002,0.075,9554566.804000001,1746728.2370000002
2024-10-23 16:21:46,52.0,37.349568569999995,-121.93626961,1957.703,0.133,0.148,0.0,222.0,0.583,0.11400000000000002,9554566.64,1746728.303
2024-10-23 16:21:47,52.0,37.34957154,-121.9362705,1958.1009999999999,0.324,0.156,0.0,222.038,1.8960000000000001,0.195,9554566.498,1746727.9710000001
2024-10-23 16:21:48,52.0,37.34957354,-121.93627137000001,1958.5260000000003,0.364,0.06700000000000002,0.0,222.077,1.3900000000000001,0.10200000000000001,9554566.423999999,1746727.747
2024-10-23 16:21:49,52.0,37.34957111,-121.93626901,1958.896,0.388,0.024,0.0,222.093,1.7399999999999998,0.046,9554566.412,1746728.018
2024-10-23 16:21:50,52.0,37.34957171,-121.93627082,1958.9100000000003,0.021,-0.376,0.0,222.10700000000003,0.10700000000000001,0.049,9554566.51,1746727.9489999998
2024-10-23 16:21:51,52.0,37.34957128,-121.93626950000001,1958.9100000000003,0.001,-0.019,0.0,222.11599999999999,0.008,0.038,9554566.436,1746727.9980000001
2024-10-23 16:21:52,52.0,37.349570719999996,-121.93626828,1958.934,0.026000000000000002,0.016999999999999998,0.0,222.13000000000002,0.129,0.064,9554566.382,1746728.0580000002
2024-10-23 16:21:53,52.0,37.34957151,-121.93627031999999,1959.118,0.262,0.269,0.0,222.14299999999997,1.154,0.037,9554566.486,1746727.973
2024-10-23 16:21:54,52.0,37.34957158,-121.93626997999999,1959.1300000000003,0.028000000000000004,-0.253,0.0,222.15,0.137,0.016,9554566.454,1746727.962
2024-10-23 16:21:55,52.0,37.34957146000001,-121.93626925000001,1959.1300000000003,0.002,-0.032,0.0,222.151,0.011,0.004,9554566.407000002,1746727.9759999998
2024-10-23 16:21:56,52.0,37.3495715,-121.93626875999999,1959.1300000000003,0.0,0.003,0.0,222.16,0.0,0.0,9554566.366,1746727.97
2024-10-23 16:21:57,52.0,37.34957146000001,-121.93626835,1959.1300000000003,0.0,0.0,0.0,222.16,0.0,0.008,9554566.333,1746727.974
2024-10-23 16:21:58,52.0,37.34957129,-121.93626792,1959.1300000000003,0.0,0.0,0.0,222.16,0.0,0.002,9554566.313000001,1746727.992
2024-10-23 16:21:59,52.0,37.349571250000004,-121.93626758,1959.1300000000003,0.0,0.0,0.0,222.16500000000002,0.0,0.007000000000000001,9554566.289,1746727.997
2024-10-23 16:22:00,52.0,37.34957126,-121.93626724999999,1959.1300000000003,0.0,0.0,0.0,222.17,0.0,0.011,9554566.259,1746727.9940000002
2024-10-23 16:22:01,52.0,37.34957152,-121.93626676,1959.1300000000003,0.0,0.0,0.0,222.17600000000002,0.0,0.033,9554566.205,1746727.9679999999
2024-10-23 16:22:02,52.0,37.349572009999996,-121.93626624000001,1959.1300000000003,0.0,0.0,0.0,222.186,0.0,0.033999999999999996,9554566.129,1746727.9119999998
2024-10-23 16:22:03,52.0,37.34957242,-121.93626585,1959.1300000000003,0.0,0.0,0.0,222.19,0.0,0.015,9554566.069,1746727.868
2024-10-23 16:22:04,52.0,37.3495725,-121.93626520000001,1959.1300000000003,0.0,0.0,0.0,222.198,0.0,0.01,9554566.014,1746727.859
2024-10-23 16:22:05,52.0,37.34957252,-121.93626449000001,1959.1300000000003,0.0,0.0,0.0,222.2,0.0,0.01,9554565.953,1746727.848
2024-10-23 16:22:06,52.0,37.34957256,-121.93626376,1959.1300000000003,0.0,0.0,0.0,222.202,0.0,0.012,9554565.892,1746727.844
2024-10-23 16:22:07,52.0,37.349572710000004,-121.93626308999998,1959.1300000000003,0.0,0.0,0.0,222.20999999999998,0.0,0.007000000000000001,9554565.83,1746727.829
2024-10-23 16:22:08,52.0,37.34957302,-121.93626239,1959.1300000000003,0.0,0.0,0.0,222.20999999999998,0.0,0.005,9554565.753999999,1746727.7940000002
2024-10-23 16:22:09,52.0,37.34957362,-121.93626218,1959.1300000000003,0.0,0.0,0.0,222.21599999999998,0.0,0.027000000000000003,9554565.693,1746727.727
2024-10-23 16:22:10,52.0,37.34957411,-121.93626167,1959.1300000000003,0.0,0.0,0.0,222.21999999999997,0.0,0.02,9554565.618999999,1746727.6689999998
2024-10-23 16:22:11,52.0,37.349574440000005,-121.93626117000001,1959.1300000000003,0.0,0.0,0.0,222.22999999999996,0.0,0.011,9554565.556,1746727.6300000001
2024-10-23 16:22:12,52.0,37.34957471,-121.93626061,1959.1300000000003,0.0,0.0,0.0,222.22999999999996,0.0,0.003,9554565.492,1746727.5990000002
2024-10-23 16:22:13,52.0,37.34957488,-121.93626025,1959.1300000000003,0.0,0.0,0.0,222.23499999999999,0.0,0.017,9554565.451000001,1746727.582
2024-10-23 16:22:14,52.0,37.3495749,-121.93625979000001,1959.1300000000003,0.0,0.0,0.0,222.24,0.0,0.013000000000000001,9554565.412,1746727.58
2024-10-23 16:22:15,52.0,37.34957476,-121.93625904999999,1959.1300000000003,0.0,0.0,0.0,222.24099999999999,0.0,0.016999999999999998,9554565.364,1746727.594
2024-10-23 16:22:16,52.0,37.34957395,-121.93625496,1959.1300000000003,0.0,0.0,0.0,222.253,0.0,0.063,9554565.101,1746727.675
2024-10-23 16:22:17,52.0,37.34957126,-121.93625538,1959.2939999999999,0.15899999999999997,0.15,0.0,222.277,0.819,0.11299999999999999,9554565.326,1746727.9830000002
2024-10-23 16:22:18,52.0,37.349568700000006,-121.93626021,1959.859,0.506,0.383,0.0,222.30100000000002,2.383,0.091,9554565.890999999,1746728.2759999998
2024-10-23 16:22:19,52.0,37.34956432,-121.93626104,1960.4330000000002,0.542,0.043,0.0,222.325,2.274,0.08499999999999999,9554566.268000001,1746728.7710000002
2024-10-23 16:22:20,52.0,37.3495616,-121.93626279999998,1960.818,0.42699999999999994,-0.145,0.0,222.344,1.98,0.061,9554566.602,1746729.079
2024-10-23 16:22:21,52.0,37.349561,-121.93626302,1960.92,0.121,-0.30700000000000005,0.0,222.35399999999998,0.413,0.03,9554566.662,1746729.1469999999
2024-10-23 16:22:22,52.0,37.34956133,-121.93626333,1960.92,0.008,-0.126,0.0,222.36100000000002,0.043,0.033999999999999996,9554566.662,1746729.107
2024-10-23 16:22:23,52.0,37.34956057,-121.93626597,1960.92,0.0,0.006,0.0,222.37399999999997,0.0,0.06000000000000001,9554566.925,1746729.1990000003
2024-10-23 16:22:24,52.0,37.34955627,-121.93626606000001,1960.92,0.0,0.0,0.0,222.38899999999998,0.0,0.061,9554567.239,1746729.6829999997
2024-10-23 16:22:25,52.0,37.34955579,-121.93626653999999,1960.92,0.0,0.0,0.0,222.40300000000002,0.001,0.06,9554567.309,1746729.739
2024-10-23 16:22:26,52.0,37.34955651,-121.93626606000001,1960.934,0.05600000000000001,0.05500000000000001,0.0,222.42199999999997,0.23700000000000002,0.085,9554567.222,1746729.655
2024-10-23 16:22:27,52.0,37.34955712,-121.93626545,1961.098,0.034999999999999996,-0.015000000000000003,0.0,222.445,0.165,0.10800000000000001,9554567.132000001,1746729.5880000002
2024-10-23 16:22:28,52.0,37.34955917,-121.93626538000001,1961.39,0.21400000000000002,0.142,0.0,222.47199999999998,1.334,0.096,9554566.98,1746729.355
2024-10-23 16:22:29,52.0,37.34956762,-121.93626866,1962.4279999999999,1.0050000000000001,0.819,0.0,222.50500000000002,6.759,0.24100000000000002,9554566.633,1746728.409
2024-10-23 16:22:30,52.0,37.3495833,-121.93627742000001,1964.346,1.911,0.9279999999999999,0.0,222.648,12.795,1.036,9554566.202000001,1746726.6579999998
2024-10-23 16:22:31,52.0,37.349602270000005,-121.93628699000001,1966.6329999999998,2.276,0.393,0.0,222.94099999999997,9.815999999999999,0.9869999999999999,9554565.6,1746724.537
2024-10-23 16:22:32,52.0,37.34961797,-121.93629435,1968.5040000000001,1.812,-0.502,0.0,223.137,5.779999999999999,0.625,9554565.057,1746722.7829999998
2024-10-23 16:22:33,52.0,37.34963175,-121.93630279999999,1970.227,1.671,-0.175,0.0,223.25300000000001,8.036,0.374,9554564.74,1746721.2440000002
2024-10-23 16:22:34,52.0,37.349648079999994,-121.93630839,1972.123,1.874,0.225,0.0,223.344,9.154,0.41,9554564.011999998,1746719.416
2024-10-23 16:22:35,52.0,37.349667239999995,-121.93631263,1974.2959999999998,2.177,0.308,0.0,223.52100000000002,11.137,1.097,9554562.978999998,1746717.266
2024-10-23 16:22:36,52.0,37.349687239999994,-121.93631757,1976.5759999999998,2.274,0.11300000000000002,0.0,223.823,9.32,1.234,9554561.938,1746715.0239999997
2024-10-23 16:22:37,52.0,37.34970265,-121.93632084999999,1978.336,1.741,-0.524,0.0,224.102,4.736,0.713,9554561.095,1746713.2969999998
2024-10-23 16:22:38,52.0,37.34970893,-121.93632065,1979.11,0.6950000000000001,-1.09,0.0,224.18200000000002,1.8240000000000003,0.127,9554560.629999999,1746712.5890000002
2024-10-23 16:22:39,52.0,37.34971016,-121.93631974,1979.2400000000002,0.149,-0.557,0.0,224.204,0.5700000000000001,0.088,9554560.472,1746712.448
2024-10-23 16:22:40,52.0,37.349710630000004,-121.93631992,1979.261,0.05,-0.079,0.0,224.22599999999997,0.22200000000000003,0.095,9554560.453,1746712.3969999999
2024-10-23 16:22:41,52.0,37.34970849,-121.93631934,1979.574,0.252,0.194,0.0,224.25300000000001,1.358,0.11100000000000002,9554560.558,1746712.637
2024-10-23 16:22:42,52.0,37.34970407,-121.93631803000001,1980.107,0.522,0.296,0.0,224.279,2.322,0.10600000000000001,9554560.771,1746713.133
2024-10-23 16:22:43,52.0,37.34969927,-121.93631765,1980.687,0.558,0.036,0.0,224.30599999999998,2.408,0.10500000000000001,9554561.084999999,1746713.671
2024-10-23 16:22:44,52.0,37.34969529,-121.93631640000001,1981.084,0.374,-0.16899999999999998,0.0,224.329,1.421,0.078,9554561.27,1746714.116
2024-10-23 16:22:45,52.0,37.349691,-121.93631667,1981.11,0.024,-0.386,0.0,224.34699999999998,0.12,0.076,9554561.597,1746714.6010000003
2024-10-23 16:22:46,52.0,37.34968677,-121.93631666000002,1981.3169999999998,0.185,0.14500000000000002,0.0,224.375,1.0699999999999998,0.17099999999999999,9554561.9,1746715.076
2024-10-23 16:22:47,52.0,37.349682869999995,-121.93631427999999,1981.881,0.472,0.354,0.0,224.413,1.991,0.081,9554561.99,1746715.511
2024-10-23 16:22:48,52.0,37.349683909999996,-121.93631273999999,1981.9900000000002,0.089,-0.43200000000000005,0.0,224.42600000000002,0.381,0.05800000000000001,9554561.794,1746715.391
2024-10-23 16:22:49,52.0,37.34968448,-121.93631046,1981.9900000000002,0.006,-0.08399999999999999,0.0,224.445,0.027000000000000003,0.071,9554561.575,1746715.3239999998
2024-10-23 16:22:50,52.0,37.34968875,-121.9363106,1982.15,0.166,0.129,0.0,224.46599999999998,1.091,0.125,9554561.281,1746714.845
2024-10-23 16:22:51,52.0,37.3496941,-121.93631076000001,1982.7489999999998,0.624,0.537,0.0,224.503,2.67,0.125,9554560.912,1746714.243
2024-10-23 16:22:52,52.0,37.34969544,-121.93631076000001,1982.85,0.10700000000000001,-0.557,0.0,224.52200000000002,0.379,0.072,9554560.816,1746714.094
2024-10-23 16:22:53,52.0,37.349695589999996,-121.9363107,1982.868,0.033,-0.089,0.0,224.54699999999997,0.139,0.127,9554560.799,1746714.0740000003
2024-10-23 16:22:54,52.0,37.3496931,-121.93630708999999,1983.366,0.434,0.40800000000000003,0.0,224.58800000000002,2.718,0.173,9554560.694,1746714.35
2024-10-23 16:22:55,52.0,37.34968555,-121.93630553,1984.273,0.967,0.573,0.0,224.63600000000002,4.705,0.23900000000000002,9554561.109000001,1746715.2
2024-10-23 16:22:56,52.0,37.349676620000004,-121.93630426,1985.3200000000002,1.019,0.03,0.0,224.702,4.5200000000000005,0.259,9554561.649,1746716.2
2024-10-23 16:22:57,52.0,37.34966738,-121.93629845999999,1986.484,1.106,0.075,0.0,224.75799999999998,5.282,0.192,9554561.853,1746717.232
2024-10-23 16:22:58,52.0,37.34965767,-121.93629215000001,1987.717,1.225,0.127,0.0,224.80100000000002,5.473,0.16499999999999998,9554562.048,1746718.3129999998
2024-10-23 16:22:59,52.0,37.34964779,-121.93628621,1988.9450000000002,1.2349999999999999,0.012,0.0,224.844,5.281000000000001,0.174,9554562.285,1746719.418
2024-10-23 16:23:00,52.0,37.349638600000006,-121.93628113,1990.086,1.156,-0.08399999999999999,0.0,224.89299999999997,4.818,0.20600000000000002,9554562.543000001,1746720.443
2024-10-23 16:23:01,52.0,37.34963161,-121.93627676000001,1991.003,0.9019999999999999,-0.266,0.0,224.942,3.6020000000000003,0.182,9554562.698,1746721.224
2024-10-23 16:23:02,52.0,37.34962335,-121.93627271,1992.0310000000002,1.041,0.15,0.0,224.983,4.755,0.155,9554562.97,1746722.1460000002
2024-10-23 16:23:03,52.0,37.349615719999996,-121.93626782999999,1993.0099999999998,1.0,-0.032,0.0,225.02100000000002,4.146,0.132,9554563.129999999,1746722.9989999998
2024-10-23 16:23:04,52.0,37.34960883,-121.9362623,1993.944,0.9570000000000001,-0.048,0.0,225.055,4.2170000000000005,0.136,9554563.187,1746723.766
2024-10-23 16:23:05,52.0,37.34960262,-121.9362564,1994.8310000000001,0.909,-0.049,0.0,225.087,3.94,0.137,9554563.166,1746724.457
2024-10-23 16:23:06,52.0,37.34959685,-121.93625004999998,1995.718,0.8859999999999999,-0.028999999999999998,0.0,225.121,3.8609999999999998,0.128,9554563.077,1746725.0969999998
2024-10-23 16:23:07,52.0,37.34959111,-121.9362443,1996.571,0.845,-0.04,0.0,225.15299999999996,3.5060000000000002,0.135,9554563.035,1746725.7329999998
2024-10-23 16:23:08,52.0,37.34958415,-121.93624150000001,1997.417,0.858,0.017,0.0,225.18800000000002,3.725,0.135,9554563.314,1746726.5129999998
2024-10-23 16:23:09,52.0,37.34957758,-121.93624193000001,1998.1979999999999,0.744,-0.126,0.0,225.215,3.191,0.08,9554563.815000001,1746727.25
2024-10-23 16:23:10,52.0,37.34957218,-121.93624057,1998.5700000000002,0.339,-0.393,0.0,225.23600000000002,1.0550000000000002,0.081,9554564.094,1746727.8579999998
2024-10-23 16:23:11,52.0,37.34956831,-121.93623769999999,1998.6299999999999,0.064,-0.32599999999999996,0.0,225.257,0.337,0.092,9554564.144,1746728.288
2024-10-23 16:23:12,52.0,37.34956292,-121.93623626000002,1999.15,0.513,0.511,0.0,225.282,2.5100000000000002,0.11699999999999999,9554564.417,1746728.893
2024-10-23 16:23:13,52.0,37.34955876,-121.93623702,1999.6509999999998,0.462,-0.04,0.0,225.311,1.871,0.088,9554564.776,1746729.3620000002
2024-10-23 16:23:14,52.0,37.34955597,-121.93623623,2000.0369999999998,0.344,-0.148,0.0,225.32600000000002,1.4789999999999999,0.05,9554564.912,1746729.6739999999
2024-10-23 16:23:15,52.0,37.34955479,-121.93623638,2000.17,0.10600000000000001,-0.22999999999999998,0.0,225.337,0.404,0.04,9554565.007,1746729.809
2024-10-23 16:23:16,52.0,37.34955448,-121.93623795,2000.17,0.007000000000000001,-0.10800000000000001,0.0,225.348,0.039,0.023,9554565.154000001,1746729.845
2024-10-23 16:23:17,52.0,37.349553760000006,-121.93623783000001,2000.2010000000002,0.042,0.033999999999999996,0.0,225.35500000000002,0.19,0.066,9554565.193,1746729.9239999999
2024-10-23 16:23:18,52.0,37.34955258,-121.93624089,2000.619,0.308,0.27799999999999997,0.0,225.37600000000003,1.6199999999999999,0.082,9554565.521,1746730.06
2024-10-23 16:23:19,52.0,37.34955316,-121.93624707,2001.2060000000001,0.552,0.263,0.0,225.397,2.473,0.094,9554565.965,1746730.008
2024-10-23 16:23:20,52.0,37.34955203,-121.93625333,2001.816,0.5650000000000001,-0.007000000000000001,0.0,225.421,2.5149999999999997,0.085,9554566.537999999,1746730.1420000002
2024-10-23 16:23:21,52.0,37.349551229999996,-121.9362595,2002.4479999999999,0.617,0.05,0.0,225.44400000000002,2.697,0.10800000000000001,9554567.083,1746730.239
2024-10-23 16:23:22,52.0,37.34954875,-121.93626519,2003.0489999999998,0.596,-0.017,0.0,225.469,2.641,0.094,9554567.708,1746730.5259999998
2024-10-23 16:23:23,52.0,37.349545160000005,-121.93626589,2003.602,0.479,-0.123,0.0,225.49099999999999,2.016,0.075,9554568.02,1746730.9309999999
2024-10-23 16:23:24,52.0,37.349541040000005,-121.93626495000001,2004.1619999999998,0.567,0.11000000000000001,0.0,225.51,2.395,0.075,9554568.239,1746731.393
2024-10-23 16:23:25,52.0,37.34954103,-121.93626025,2004.377,0.146,-0.446,0.0,225.526,0.5509999999999999,0.06799999999999999,9554567.870000001,1746731.389
2024-10-23 16:23:26,52.0,37.34953994,-121.93625504000002,2004.752,0.358,0.219,0.0,225.54299999999998,1.6640000000000001,0.05800000000000001,9554567.540000001,1746731.5019999999
2024-10-23 16:23:27,52.0,37.34954078,-121.93625090999998,2005.159,0.347,-0.017,0.0,225.558,1.6239999999999999,0.067,9554567.151999999,1746731.4039999999
2024-10-23 16:23:28,52.0,37.34953929,-121.93624711,2005.3800000000003,0.192,-0.147,0.0,225.57600000000002,0.716,0.05800000000000001,9554566.961,1746731.566
2024-10-23 16:23:29,52.0,37.34953962,-121.93624804999999,2005.3800000000003,0.011,-0.195,0.0,225.587,0.05500000000000001,0.044,9554567.009,1746731.531
2024-10-23 16:23:30,52.0,37.34954071,-121.93625003,2005.3800000000003,0.0,0.004,0.0,225.59699999999998,0.0,0.03,9554567.092,1746731.409
2024-10-23 16:23:31,52.0,37.349540669999996,-121.93624944000001,2005.3800000000003,0.0,0.0,0.0,225.60399999999998,0.0,0.039,9554567.047,1746731.413
2024-10-23 16:23:32,52.0,37.34953984,-121.93624709000001,2005.3800000000003,0.0,0.0,0.0,225.61000000000004,0.0,0.016999999999999998,9554566.919,1746731.5050000001
2024-10-23 16:23:33,52.0,37.34954046,-121.93624884,2005.3800000000003,0.0,0.0,0.0,225.619,0.0,0.02,9554567.013,1746731.434
2024-10-23 16:23:34,52.0,37.34953979,-121.93624795999999,2005.3800000000003,0.0,0.0,0.0,225.621,0.0,0.019,9554566.991,1746731.509
2024-10-23 16:23:35,52.0,37.349539400000005,-121.93624704000001,2005.3800000000003,0.0,0.0,0.0,225.63000000000002,0.0,0.016,9554566.945,1746731.55
2024-10-23 16:23:36,52.0,37.3495398,-121.93624831,2005.3800000000003,0.0,0.0,0.0,225.635,0.0,0.033,9554567.018,1746731.5100000002
2024-10-23 16:23:37,52.0,37.34953924,-121.93624685,2005.3800000000003,0.0,0.0,0.0,225.642,0.0,0.036,9554566.943,1746731.5690000001
2024-10-23 16:23:38,52.0,37.34953873,-121.93624541,2005.3940000000002,0.043,0.039,0.0,225.656,0.193,0.05,9554566.867,1746731.6269999999
2024-10-23 16:23:39,52.0,37.34953961,-121.93624775,2005.5369999999998,0.154,0.13,0.0,225.66,0.6679999999999999,0.022,9554566.989,1746731.5289999999
2024-10-23 16:23:40,52.0,37.349539220000004,-121.93624722,2005.5400000000002,0.01,-0.161,0.0,225.67,0.046,0.017,9554566.974,1746731.573
2024-10-23 16:23:41,52.0,37.349538259999996,-121.93624568,2005.5400000000002,0.0,-0.01,0.0,225.673,0.002,0.028999999999999998,9554566.922,1746731.6800000002
2024-10-23 16:23:42,52.0,37.3495386,-121.93624616,2005.5400000000002,0.0,0.0,0.0,225.68,0.0,0.027000000000000003,9554566.934,1746731.6420000002
2024-10-23 16:23:43,52.0,37.34953873,-121.93624588,2005.5400000000002,0.0,0.0,0.0,225.689,0.0,0.034,9554566.903,1746731.6269999999
2024-10-23 16:23:44,52.0,37.34953772,-121.9362424,2005.5400000000002,0.0,0.0,0.0,225.70099999999996,0.0,0.056999999999999995,9554566.701000001,1746731.736
2024-10-23 16:23:45,52.0,37.349536549999996,-121.93624460999999,2005.5400000000002,0.0,0.0,0.0,225.712,0.0,0.033,9554566.959,1746731.871
2024-10-23 16:23:46,52.0,37.34953547,-121.9362454,2005.5400000000002,0.0,0.0,0.0,225.71999999999997,0.0,0.020999999999999998,9554567.098,1746731.993
2024-10-23 16:23:47,52.0,37.349535200000005,-121.93624408999999,2005.5400000000002,0.0,0.0,0.0,225.72599999999997,0.0,0.02,9554567.013,1746732.02
2024-10-23 16:23:48,52.0,37.34953475,-121.93624608999998,2005.5400000000002,0.0,0.0,0.0,225.72999999999996,0.0,0.014000000000000002,9554567.203,1746732.075
2024-10-23 16:23:49,52.0,37.34953464,-121.93624577,2005.5400000000002,0.0,0.0,0.0,225.734,0.0,0.015,9554567.187,1746732.086
2024-10-23 16:23:50,52.0,37.34953469,-121.93624445,2005.5400000000002,0.0,0.0,0.0,225.74,0.0,0.014000000000000002,9554567.081,1746732.0810000002
2024-10-23 16:23:51,52.0,37.34953426,-121.93624629000001,2005.5400000000002,0.0,0.0,0.0,225.74,0.0,0.01,9554567.254,1746732.1309999998
2024-10-23 16:23:52,52.0,37.34953388,-121.93624528000001,2005.5400000000002,0.0,0.0,0.0,225.75,0.0,0.019,9554567.202,1746732.1719999998
2024-10-23 16:23:53,52.0,37.34953372,-121.93624469000001,2005.5400000000002,0.0,0.0,0.0,225.752,0.0,0.020999999999999998,9554567.167,1746732.1879999998
2024-10-23 16:23:54,52.0,37.34953314,-121.93624742,2005.5400000000002,0.0,0.0,0.0,225.76,0.0,0.024,9554567.425,1746732.2559999998
2024-10-23 16:23:55,52.0,37.34953308,-121.93624751,2005.563,0.01,0.003,0.0,225.77100000000002,0.06,0.089,9554567.437,1746732.262
2024-10-23 16:23:56,52.0,37.349533730000005,-121.93624261,2005.9650000000001,0.433,0.44000000000000006,0.0,225.8,2.116,0.129,9554567.004,1746732.184
2024-10-23 16:23:57,52.0,37.34953564999999,-121.93623823,2006.441,0.483,0.071,0.0,225.837,2.0349999999999997,0.145,9554566.521000002,1746731.9649999999
2024-10-23 16:23:58,52.0,37.3495324,-121.93623807000002,2006.875,0.409,-0.11300000000000002,0.0,225.871,2.15,0.138,9554566.741,1746732.3280000002
2024-10-23 16:23:59,52.0,37.349529610000005,-121.93623792000001,2007.239,0.298,-0.12200000000000003,0.0,225.907,1.2449999999999999,0.164,9554566.927,1746732.641
2024-10-23 16:24:00,52.0,37.34952827,-121.93623210000001,2007.834,0.593,0.30500000000000005,0.0,225.942,2.8449999999999998,0.12,9554566.567,1746732.784
2024-10-23 16:24:01,52.0,37.34952492,-121.93622453,2008.67,0.818,0.27199999999999996,0.0,225.975,3.8909999999999996,0.131,9554566.209,1746733.151
2024-10-23 16:24:02,52.0,37.34951987,-121.93622063000001,2009.375,0.6399999999999999,-0.21000000000000002,0.0,226.00100000000003,2.825,0.096,9554566.262,1746733.712
2024-10-23 16:24:03,52.0,37.349514479999996,-121.93621702,2010.078,0.6679999999999999,0.026000000000000002,0.0,226.027,2.814,0.12,9554566.363,1746734.315
2024-10-23 16:24:04,52.0,37.34951015,-121.93621474,2010.632,0.511,-0.151,0.0,226.05700000000002,1.943,0.088,9554566.492999999,1746734.798
2024-10-23 16:24:05,52.0,37.34950757,-121.93621415,2010.7900000000002,0.11400000000000002,-0.41100000000000003,0.0,226.073,0.4149999999999999,0.051000000000000004,9554566.631000001,1746735.088
2024-10-23 16:24:06,52.0,37.34950636,-121.93621163,2010.7900000000002,0.008,-0.10600000000000001,0.0,226.084,0.038,0.036,9554566.517,1746735.22
2024-10-23 16:24:07,52.0,37.34950572,-121.93621379000001,2010.7900000000002,0.0,0.005,0.0,226.09,0.0,0.015,9554566.735,1746735.296
2024-10-23 16:24:08,52.0,37.34950526,-121.93621247000002,2010.7900000000002,0.0,0.0,0.0,226.096,0.0,0.016,9554566.664,1746735.344
2024-10-23 16:24:09,52.0,37.34950463,-121.93621163,2010.7900000000002,0.0,0.0,0.0,226.1,0.0,0.016,9554566.642,1746735.414
2024-10-23 16:24:10,52.0,37.34950402,-121.93621341000001,2010.7900000000002,0.0,0.0,0.0,226.10700000000003,0.0,0.027999999999999997,9554566.824,1746735.484
2024-10-23 16:24:11,52.0,37.34950272,-121.93621393999999,2010.7900000000002,0.0,0.0,0.0,226.115,0.0,0.039,9554566.961,1746735.633
2024-10-23 16:24:12,52.0,37.34950002,-121.93621235999998,2010.7900000000002,0.0,0.0,0.0,226.127,0.0,0.061,9554567.029000001,1746735.935
2024-10-23 16:24:13,52.0,37.34949694,-121.93621347999999,2010.7900000000002,0.0,0.0,0.0,226.144,0.0,0.065,9554567.337000001,1746736.2820000001
2024-10-23 16:24:14,52.0,37.34949582,-121.93621128,2010.7900000000002,0.0,0.0,0.0,226.161,0.0,0.076,9554567.245000001,1746736.405
2024-10-23 16:24:15,52.0,37.34949322,-121.93621355999998,2010.998,0.183,0.144,0.0,226.19899999999998,1.404,0.382,9554567.608,1746736.7
2024-10-23 16:24:16,52.0,37.34948354,-121.93621573,2012.382,1.291,1.151,0.0,226.38000000000002,9.244,1.034,9554568.473000001,1746737.7920000001
2024-10-23 16:24:17,52.0,37.3494753,-121.93618407,2015.548,3.1350000000000002,1.8350000000000002,0.0,226.68800000000002,40.894,1.534,9554566.567,1746738.675
2024-10-23 16:24:18,52.0,37.349471199999996,-121.93614464,2019.0919999999999,3.628,0.625,0.0,227.14600000000002,10.421000000000001,1.845,9554563.754999999,1746739.082
2024-10-23 16:24:19,52.0,37.34946720000001,-121.93612805999999,2020.797,1.527,-2.184,0.0,227.516,4.3839999999999995,1.0470000000000002,9554562.733,1746739.5080000001
2024-10-23 16:24:20,52.0,37.34947133,-121.93613149000001,2021.574,0.6759999999999999,-0.9730000000000001,0.0,227.67199999999997,4.095000000000001,0.244,9554562.709999999,1746739.0489999999
2024-10-23 16:24:21,52.0,37.34947869,-121.93613399,2022.4540000000002,0.906,0.335,0.0,227.709,3.6670000000000003,0.142,9554562.381000001,1746738.225
2024-10-23 16:24:22,52.0,37.349484000000004,-121.93613525999999,2023.127,0.625,-0.309,0.0,227.738,2.372,0.08399999999999999,9554562.101,1746737.629
2024-10-23 16:24:23,52.0,37.34948895,-121.93614110000001,2023.896,0.731,0.094,0.0,227.762,3.7960000000000003,0.12,9554562.208,1746737.0809999998
2024-10-23 16:24:24,52.0,37.34949275,-121.93615063,2024.866,0.9259999999999999,0.213,0.0,227.795,4.3420000000000005,0.128,9554562.686,1746736.666
2024-10-23 16:24:25,52.0,37.34949553,-121.93616162000001,2025.904,1.027,0.098,0.0,227.82799999999997,4.559,0.159,9554563.355,1746736.3699999999
2024-10-23 16:24:26,52.0,37.3494983,-121.93617223999999,2026.9150000000002,1.0310000000000001,0.005,0.0,227.86599999999999,4.3839999999999995,0.132,9554563.992,1746736.072
2024-10-23 16:24:27,52.0,37.34950069,-121.93618248,2027.878,0.986,-0.049,0.0,227.89899999999997,4.211,0.128,9554564.627,1746735.818
2024-10-23 16:24:28,52.0,37.34950245,-121.93619226000001,2028.7869999999998,0.938,-0.046,0.0,227.929,3.965,0.127,9554565.273,1746735.633
2024-10-23 16:24:29,52.0,37.3495037,-121.93620132000001,2029.6290000000001,0.852,-0.088,0.0,227.961,3.557,0.121,9554565.896,1746735.5050000001
2024-10-23 16:24:30,52.0,37.349504339999996,-121.93620940000001,2030.3790000000001,0.753,-0.098,0.0,227.98899999999998,3.054,0.10400000000000001,9554566.487,1746735.4420000003
2024-10-23 16:24:31,52.0,37.34950427,-121.93621628999999,2031.0430000000001,0.653,-0.099,0.0,228.01799999999997,2.657,0.11300000000000002,9554567.035,1746735.461
2024-10-23 16:24:32,52.0,37.34950482,-121.93622153000001,2031.6,0.508,-0.16,0.0,228.041,2.25,0.07300000000000001,9554567.409,1746735.4070000001
2024-10-23 16:24:33,52.0,37.34950268,-121.93622444,2032.071,0.44400000000000006,-0.052000000000000005,0.0,228.05700000000002,1.722,0.066,9554567.791,1746735.65
2024-10-23 16:24:34,52.0,37.34949992,-121.93622367,2032.364,0.24300000000000002,-0.23199999999999998,0.0,228.077,1.101,0.095,9554567.928,1746735.961
2024-10-23 16:24:35,52.0,37.34949584,-121.93622414,2032.834,0.45899999999999996,0.231,0.0,228.10100000000003,2.2489999999999997,0.08299999999999999,9554568.253999999,1746736.42
2024-10-23 16:24:36,52.0,37.349491130000004,-121.93622273000001,2033.384,0.5479999999999999,0.13,0.0,228.122,2.218,0.086,9554568.481999999,1746736.946
2024-10-23 16:24:37,52.0,37.34948746,-121.93622065,2033.72,0.264,-0.319,0.0,228.147,1.216,0.10900000000000001,9554568.579,1746737.3579999998
2024-10-23 16:24:38,52.0,37.349485879999996,-121.93621385000002,2034.235,0.369,0.124,0.0,228.17199999999997,1.6280000000000001,0.10200000000000001,9554568.156,1746737.527
2024-10-23 16:24:39,52.0,37.34948365,-121.93620677999999,2034.8329999999999,0.632,0.24500000000000002,0.0,228.198,3.2410000000000005,0.10200000000000001,9554567.76,1746737.768
2024-10-23 16:24:40,52.0,37.34948161,-121.93620034,2035.5040000000001,0.717,0.10800000000000001,0.0,228.223,3.103,0.10700000000000001,9554567.397,1746737.989
2024-10-23 16:24:41,52.0,37.34948035,-121.93619295,2036.2279999999998,0.725,-0.028000000000000004,0.0,228.248,3.622,0.082,9554566.905,1746738.1190000002
2024-10-23 16:24:42,52.0,37.3494776,-121.93618966,2036.765,0.534,-0.15299999999999997,0.0,228.26799999999997,1.682,0.075,9554566.844,1746738.424
2024-10-23 16:24:43,52.0,37.349474459999996,-121.93619054999999,2036.83,0.054000000000000006,-0.521,0.0,228.28400000000002,0.23500000000000001,0.05900000000000001,9554567.137,1746738.7789999999
2024-10-23 16:24:44,52.0,37.34947221,-121.9361898,2036.83,0.003,-0.033,0.0,228.29700000000003,0.019,0.052000000000000005,9554567.237,1746739.0289999999
2024-10-23 16:24:45,52.0,37.34947045,-121.93619332,2036.83,0.0,0.003,0.0,228.30900000000003,0.0,0.033,9554567.642,1746739.232
2024-10-23 16:24:46,52.0,37.349470409999995,-121.93619204,2036.83,0.0,0.0,0.0,228.317,0.0,0.051000000000000004,9554567.546,1746739.235
2024-10-23 16:24:47,52.0,37.34947025,-121.9361941,2036.9689999999998,0.133,0.092,0.0,228.33800000000002,0.9259999999999999,0.10200000000000001,9554567.717,1746739.2559999998
2024-10-23 16:24:48,52.0,37.349469570000004,-121.93620272999999,2037.739,0.746,0.662,0.0,228.369,3.8289999999999997,0.164,9554568.447,1746739.3460000001
2024-10-23 16:24:49,52.0,37.34946411,-121.93620752,2038.5729999999999,0.758,-0.019000000000000003,0.0,228.417,3.825,0.33999999999999997,9554569.214,1746739.966
2024-10-23 16:24:50,52.0,37.34944916,-121.93621788,2040.498,1.989,1.174,0.0,228.592,23.580000000000002,1.15,9554571.098000001,1746741.6609999998
2024-10-23 16:24:51,52.0,37.34942219,-121.93623518,2043.8759999999997,3.4810000000000003,1.659,0.0,228.958,20.665,1.591,9554574.387,1746744.7179999999
2024-10-23 16:24:52,52.0,37.34940032,-121.93625059000001,2046.712,2.836,-0.6449999999999999,0.0,229.38600000000002,7.052,1.544,9554577.165000001,1746747.1990000003
2024-10-23 16:24:53,52.0,37.34938138,-121.93624941,2049.011,2.302,-0.6990000000000001,0.0,229.683,15.690000000000001,1.347,9554578.426,1746749.327
2024-10-23 16:24:54,52.0,37.34936379,-121.93624763,2051.199,2.186,0.04400000000000002,0.0,230.12400000000002,6.536,1.7690000000000001,9554579.542,1746751.304
2024-10-23 16:24:55,52.0,37.34934999,-121.93625560000001,2053.043,1.813,-0.521,0.0,230.64700000000002,14.115,2.627,9554581.154,1746752.866
2024-10-23 16:24:56,52.0,37.349338769999996,-121.93624329,2055.2329999999997,2.09,0.32999999999999996,0.0,231.14600000000002,11.227,1.244,9554580.987,1746754.11
2024-10-23 16:24:57,52.0,37.34935082,-121.93620888999999,2058.691,3.5620000000000003,1.444,0.0,231.465,42.245999999999995,1.54,9554577.417,1746752.709
2024-10-23 16:24:58,52.0,37.34937486,-121.93616893000001,2063.144,4.556,1.141,0.0,231.94,18.716,2.117,9554572.550999999,1746749.948
2024-10-23 16:24:59,52.0,37.34939997,-121.93613961999999,2066.9739999999997,3.751,-0.9179999999999999,0.0,232.41,11.987,1.47,9554568.451,1746747.0850000002
2024-10-23 16:25:00,52.0,37.349425860000004,-121.93610926000001,2070.921,3.9299999999999997,0.151,0.0,232.757,23.731,1.55,9554564.208,1746744.1309999998
2024-10-23 16:25:01,52.0,37.3494556,-121.93607320000001,2075.531,4.627000000000001,0.747,0.0,233.183,28.913,1.943,9554559.242,1746740.738
2024-10-23 16:25:02,52.0,37.34948767,-121.93603793,2080.282,4.736,0.142,0.0,233.725,16.963,2.193,9554554.172,1746737.082
2024-10-23 16:25:03,52.0,37.34951891,-121.93601256,2084.43,4.101999999999999,-0.6639999999999999,0.0,234.215,12.029,1.798,9554549.942,1746733.5350000001
2024-10-23 16:25:04,52.0,37.34954273,-121.93599703,2087.43,2.911,-1.178,0.0,234.654,6.7620000000000005,1.341,9554547.017,1746730.834
2024-10-23 16:25:05,52.0,37.34955675,-121.93599012,2089.1220000000003,1.6039999999999999,-1.3820000000000001,0.0,234.82800000000003,4.482,0.367,9554545.472,1746729.2480000001
2024-10-23 16:25:06,52.0,37.3495623,-121.93598842000002,2090.004,0.7070000000000001,-0.853,0.0,234.923,1.9329999999999998,0.329,9554544.942,1746728.621
2024-10-23 16:25:07,52.0,37.34955536,-121.93598773,2090.8450000000003,0.844,0.09300000000000001,0.0,234.98499999999999,5.397,0.351,9554545.382,1746729.4009999998
2024-10-23 16:25:08,52.0,37.34953999,-121.93598942999999,2092.585,1.752,0.933,0.0,235.16199999999998,15.303999999999998,0.9960000000000001,9554546.614,1746731.1309999998
2024-10-23 16:25:09,52.0,37.34951545,-121.93600088999999,2095.519,3.027,1.326,0.0,235.446,20.624000000000002,1.365,9554549.27,1746733.909
2024-10-23 16:25:10,52.0,37.34949212,-121.93601754,2098.514,3.043,0.045,0.0,235.83200000000002,9.765,1.55,9554552.249000002,1746736.5550000002
2024-10-23 16:25:11,52.0,37.349481420000004,-121.93603490999999,2100.552,1.998,-1.173,0.0,236.142,8.61,0.9179999999999999,9554554.384,1746737.781
2024-10-23 16:25:12,52.0,37.34947911,-121.93606397,2103.177,2.716,0.735,0.0,236.398,20.958,1.288,9554556.834999999,1746738.0810000002
2024-10-23 16:25:13,52.0,37.34947488,-121.93610071,2106.525,3.407,0.8029999999999999,0.0,236.80100000000002,15.817000000000002,2.143,9554560.031,1746738.6079999998
2024-10-23 16:25:14,52.0,37.349463650000004,-121.9361122,2108.8540000000003,2.052,-1.423,0.0,237.414,6.634,2.369,9554561.74,1746739.887
2024-10-23 16:25:15,52.0,37.34946163,-121.93608151999999,2111.718,2.929,0.766,0.0,237.933,40.282,1.796,9554559.467,1746740.072
2024-10-23 16:25:16,52.0,37.349465450000004,-121.93603564,2115.846,4.135,1.424,0.0,238.35700000000003,18.416,1.781,9554555.579,1746739.579
2024-10-23 16:25:17,52.0,37.34947795,-121.93600454,2119.0209999999997,3.133,-1.044,0.0,238.81799999999998,7.0969999999999995,1.6760000000000002,9554552.237,1746738.1300000001
2024-10-23 16:25:18,52.0,37.34949061,-121.93599644999999,2120.668,1.53,-1.7129999999999999,0.0,239.09699999999998,4.083,0.545,9554550.696,1746736.696
2024-10-23 16:25:19,52.0,37.3494999,-121.9359991,2121.798,1.092,-0.421,0.0,239.179,4.173,0.21200000000000002,9554550.242,1746735.6530000002
2024-10-23 16:25:20,52.0,37.349507290000005,-121.93600681999999,2122.882,1.074,0.003999999999999995,0.0,239.224,5.035,0.163,9554550.323,1746734.834
2024-10-23 16:25:21,52.0,37.34951272,-121.93601692,2123.998,1.0879999999999999,0.04,0.0,239.26500000000001,4.329,0.164,9554550.73,1746734.236
2024-10-23 16:25:22,52.0,37.34951611,-121.93602673000001,2124.964,0.909,-0.199,0.0,239.30299999999997,3.7410000000000005,0.147,9554551.26,1746733.8690000002
2024-10-23 16:25:23,52.0,37.34951859,-121.93603487,2125.759,0.756,-0.153,0.0,239.33800000000002,3.048,0.142,9554551.721,1746733.602
2024-10-23 16:25:24,52.0,37.34952086,-121.93604239000001,2126.5029999999997,0.714,-0.048,0.0,239.372,3.141,0.128,9554552.151999999,1746733.3579999998
2024-10-23 16:25:25,52.0,37.34952356,-121.93604932999999,2127.2349999999997,0.688,-0.019,0.0,239.40499999999997,2.88,0.133,9554552.507,1746733.0629999998
2024-10-23 16:25:26,52.0,37.34952632,-121.93605559,2127.906,0.644,-0.041,0.0,239.436,2.7,0.10800000000000001,9554552.802,1746732.761
2024-10-23 16:25:27,52.0,37.34952803,-121.93606198,2128.546,0.617,-0.028000000000000004,0.0,239.465,2.7169999999999996,0.11399999999999999,9554553.184,1746732.5780000002
2024-10-23 16:25:28,52.0,37.3495291,-121.93606758000001,2129.114,0.53,-0.084,0.0,239.48899999999998,2.16,0.091,9554553.548999999,1746732.466
2024-10-23 16:25:29,52.0,37.34952903,-121.93607323,2129.671,0.507,-0.012,0.0,239.51399999999998,2.17,0.094,9554553.997,1746732.481
2024-10-23 16:25:30,52.0,37.34953049,-121.93607797,2130.167,0.42000000000000004,-0.095,0.0,239.53400000000002,1.859,0.076,9554554.267,1746732.3240000003
2024-10-23 16:25:31,52.0,37.34953082,-121.93608380999999,2130.743,0.5509999999999999,0.133,0.0,239.554,2.5149999999999997,0.089,9554554.703,1746732.293
2024-10-23 16:25:32,52.0,37.34953324,-121.93608814,2131.309,0.47800000000000004,-0.077,0.0,239.57600000000002,1.956,0.082,9554554.871,1746732.027
2024-10-23 16:25:33,52.0,37.3495322,-121.93609192,2131.697,0.388,-0.087,0.0,239.592,1.6009999999999998,0.046,9554555.243999999,1746732.148
2024-10-23 16:25:34,52.0,37.349532569999994,-121.93609590000001,2131.77,0.051000000000000004,-0.351,0.0,239.60399999999998,0.22000000000000003,0.056999999999999995,9554555.53,1746732.114
2024-10-23 16:25:35,52.0,37.34952984,-121.93609953999999,2131.77,0.003,-0.047,0.0,239.621,0.019,0.064,9554556.011,1746732.425
2024-10-23 16:25:36,52.0,37.34952946,-121.93609823,2131.77,0.0,0.003,0.0,239.63599999999997,0.0,0.051000000000000004,9554555.937,1746732.4640000002
2024-10-23 16:25:37,52.0,37.34952971,-121.93609948999999,2131.77,0.0,0.0,0.0,239.64600000000002,0.0,0.03,9554556.017,1746732.439
2024-10-23 16:25:38,52.0,37.34952963,-121.93610019,2131.77,0.0,0.0,0.0,239.652,0.0,0.031,9554556.076,1746732.447
2024-10-23 16:25:39,52.0,37.34952921,-121.93609862999999,2131.77,0.001,0.0,0.0,239.663,0.003,0.05800000000000001,9554555.983,1746732.492
2024-10-23 16:25:40,52.0,37.34952767,-121.9361006,2132.046,0.23700000000000002,0.225,0.0,239.683,1.299,0.10500000000000001,9554556.250999998,1746732.671
2024-10-23 16:25:41,52.0,37.34952456,-121.93610491,2132.591,0.515,0.314,0.0,239.714,2.262,0.131,9554556.814,1746733.027
2024-10-23 16:25:42,52.0,37.34952197,-121.9361089,2133.0860000000002,0.429,-0.10400000000000001,0.0,239.746,1.7710000000000001,0.11200000000000002,9554557.311,1746733.3239999998
2024-10-23 16:25:43,52.0,37.34951831,-121.93610969000001,2133.5860000000002,0.457,0.024,0.0,239.76999999999998,2.043,0.094,9554557.635,1746733.736
2024-10-23 16:25:44,52.0,37.34951891,-121.93611412,2134.1279999999997,0.481,0.018,0.0,239.796,2.178,0.134,9554557.940000001,1746733.675
2024-10-23 16:25:45,52.0,37.349520999999996,-121.93611694,2134.714,0.47000000000000003,0.027000000000000003,0.0,239.836,2.0300000000000002,0.29100000000000004,9554558.015999999,1746733.4420000003
2024-10-23 16:25:46,52.0,37.34950985,-121.93610478000001,2136.428,1.7429999999999999,1.183,0.0,239.988,20.833000000000002,0.893,9554557.852,1746734.6809999999
2024-10-23 16:25:47,52.0,37.34948662,-121.93608400000001,2139.611,3.2939999999999996,1.654,0.0,240.267,25.094,1.45,9554557.877,1746737.265
2024-10-23 16:25:48,52.0,37.3494627,-121.93605356999998,2143.45,3.8549999999999995,0.522,0.0,240.64600000000002,21.380000000000003,1.6300000000000001,9554557.187,1746739.913
2024-10-23 16:25:49,52.0,37.34945293,-121.93600635,2147.954,4.461,0.6519999999999999,0.0,241.20999999999998,23.452,2.7369999999999997,9554554.168000001,1746740.947
2024-10-23 16:25:50,52.0,37.349445700000004,-121.93598698999999,2150.8,2.378,-2.162,0.0,241.785,13.203999999999999,1.738,9554553.159,1746741.732
2024-10-23 16:25:51,52.0,37.34943235,-121.93602386,2154.5919999999996,3.7840000000000003,1.269,0.0,242.272,65.223,2.2670000000000003,9554557.017,1746743.284
2024-10-23 16:25:52,52.0,37.34942216,-121.93607368,2159.173,4.706,1.31,0.0,242.91,20.305,2.5260000000000002,9554561.668000001,1746744.4989999998
2024-10-23 16:25:53,52.0,37.34941722,-121.93607864,2160.908,1.34,-3.719,0.0,243.317,13.511000000000001,0.915,9554562.412,1746745.0620000002
2024-10-23 16:25:54,52.0,37.34942266,-121.93605812999999,2162.897,2.05,0.732,0.0,243.538,16.227,1.189,9554560.412,1746744.4219999998
2024-10-23 16:25:55,52.0,37.34942511,-121.93603942,2164.739,1.8649999999999998,0.046,0.0,243.86599999999999,6.345,0.71,9554558.76,1746744.121
2024-10-23 16:25:56,52.0,37.34942314,-121.93604012,2165.2110000000002,0.41,-1.637,0.0,243.917,1.564,0.11600000000000002,9554558.956,1746744.3420000002
2024-10-23 16:25:57,52.0,37.34942359,-121.93604576,2165.77,0.602,0.22600000000000003,0.0,243.94699999999997,3.0469999999999997,0.125,9554559.368999999,1746744.3
2024-10-23 16:25:58,52.0,37.349423380000005,-121.93604943999999,2166.208,0.393,-0.176,0.0,243.974,1.35,0.091,9554559.673,1746744.3280000002
2024-10-23 16:25:59,52.0,37.34942386,-121.93605023,2166.3779999999997,0.202,-0.213,0.0,243.994,0.8560000000000001,0.052000000000000005,9554559.701000001,1746744.2740000002
2024-10-23 16:26:00,52.0,37.34942266,-121.93605307,2166.41,0.017,-0.179,0.0,244.00100000000003,0.08499999999999999,0.033,9554560.012,1746744.4149999998
2024-10-23 16:26:01,52.0,37.3494222,-121.93605385000001,2166.41,0.0,-0.012,0.0,244.01,0.006,0.033999999999999996,9554560.105,1746744.47
2024-10-23 16:26:02,52.0,37.34942327,-121.93605485,2166.498,0.08,0.053000000000000005,0.0,244.026,0.47000000000000003,0.10300000000000001,9554560.106999999,1746744.349
2024-10-23 16:26:03,52.0,37.3494261,-121.93606125000001,2167.145,0.675,0.636,0.0,244.05700000000002,3.593,0.11699999999999999,9554560.407,1746744.0399999998
2024-10-23 16:26:04,52.0,37.34943329,-121.93606639,2168.1240000000003,0.921,0.21800000000000003,0.0,244.08800000000002,5.675,0.205,9554560.3,1746743.238
2024-10-23 16:26:05,52.0,37.3494483,-121.93607205,2169.879,1.8039999999999998,0.889,0.0,244.20700000000002,12.334999999999999,0.843,9554559.673,1746741.557
2024-10-23 16:26:06,52.0,37.34946854,-121.93607789,2172.195,2.332,0.564,0.0,244.465,11.545,1.1119999999999999,9554558.689,1746739.289
2024-10-23 16:26:07,52.0,37.34948998,-121.93608404,2174.65,2.428,0.076,0.0,244.75900000000001,10.989,1.205,9554557.64,1746736.886
2024-10-23 16:26:08,52.0,37.34951189,-121.93608861,2177.1310000000003,2.439,0.011,0.0,245.054,10.219,1.259,9554556.434,1746734.429
2024-10-23 16:26:09,52.0,37.34953191,-121.93609685999999,2179.486,2.304,-0.138,0.0,245.388,9.042,1.1960000000000002,9554555.653,1746732.189
2024-10-23 16:26:10,52.0,37.349548850000005,-121.93610957000001,2181.7200000000003,2.1710000000000003,-0.145,0.0,245.65300000000002,9.314,1.0859999999999999,9554555.443,1746730.3010000002
2024-10-23 16:26:11,52.0,37.34955986,-121.93612917,2183.899,2.121,-0.051000000000000004,0.0,245.939,9.011,1.101,9554556.202,1746729.0899999999
2024-10-23 16:26:12,52.0,37.34956277,-121.93615278,2186.079,2.153,0.037,0.0,246.21300000000002,9.461,1.204,9554557.852,1746728.795
2024-10-23 16:26:13,52.0,37.349563169999996,-121.93617064,2187.779,1.638,-0.45099999999999996,0.0,246.531,4.507,0.9949999999999999,9554559.23,1746728.7739999997
2024-10-23 16:26:14,52.0,37.34957088,-121.93617348000001,2188.794,0.9349999999999999,-0.817,0.0,246.65900000000002,4.8020000000000005,0.262,9554558.901,1746727.9109999998
2024-10-23 16:26:15,52.0,37.34958125,-121.93617265,2189.983,1.206,0.319,0.0,246.711,5.739,0.188,9554558.097,1746726.7440000002
2024-10-23 16:26:16,52.0,37.34959233,-121.93616244,2191.566,1.5939999999999999,0.384,0.0,246.79000000000002,9.132,0.645,9554556.501,1746725.482
2024-10-23 16:26:17,52.0,37.34959997,-121.93614404,2193.458,1.919,0.348,0.0,247.027,9.129999999999999,1.0290000000000001,9554554.506000001,1746724.6
2024-10-23 16:26:18,52.0,37.34960153,-121.93612315,2195.344,1.887,-0.048,0.0,247.262,7.9,0.853,9554552.748,1746724.395
2024-10-23 16:26:19,52.0,37.34960091,-121.93610220000001,2197.209,1.8850000000000002,-0.006000000000000001,0.0,247.46300000000002,8.103,0.7809999999999999,9554551.143,1746724.4349999998
2024-10-23 16:26:20,52.0,37.34960328,-121.93608008999999,2199.223,1.9969999999999999,0.09,0.0,247.663,11.101,0.827,9554549.232,1746724.139
2024-10-23 16:26:21,52.0,37.34961362,-121.93605787999999,2201.5299999999997,2.355,0.40099999999999997,0.0,247.91500000000002,10.589,1.261,9554546.743999999,1746722.946
2024-10-23 16:26:22,52.0,37.34962136,-121.93604029999999,2203.367,1.784,-0.5640000000000001,0.0,248.21599999999998,4.788,0.8099999999999999,9554544.806,1746722.05
2024-10-23 16:26:23,52.0,37.34961639,-121.936027,2204.862,1.439,-0.42699999999999994,0.0,248.33499999999998,7.49,0.536,9554544.112,1746722.5929999999
2024-10-23 16:26:24,52.0,37.34959861,-121.93601925,2207.013,2.207,0.807,0.0,248.54900000000004,16.264,1.067,9554544.775,1746724.58
2024-10-23 16:26:25,52.0,37.34957299,-121.93601795,2209.875,2.8880000000000003,0.728,0.0,248.831,15.509,1.162,9554546.502,1746727.4600000002
2024-10-23 16:26:26,52.0,37.3495441,-121.93602246999998,2213.118,3.251,0.323,0.0,249.099,19.032,1.108,9554548.922,1746730.716
2024-10-23 16:26:27,52.0,37.34951109,-121.9360318,2216.888,3.8019999999999996,0.583,0.0,249.448,19.591,1.611,9554552.017,1746734.44
2024-10-23 16:26:28,52.0,37.34948194,-121.93604047,2220.2349999999997,3.3880000000000003,-0.392,0.0,249.892,9.109,1.8439999999999999,9554554.782,1746737.73
2024-10-23 16:26:29,52.0,37.349464160000004,-121.93603699,2222.333,2.0789999999999997,-1.359,0.0,250.24899999999997,4.673,1.0779999999999998,9554555.779000001,1746739.725
2024-10-23 16:26:30,52.0,37.3494619,-121.93602816,2223.568,1.082,-1.0710000000000002,0.0,250.494,4.198,0.7969999999999999,9554555.245000001,1746739.969
2024-10-23 16:26:31,52.0,37.349483140000004,-121.93602508,2226.076,2.5170000000000003,1.4289999999999998,0.0,250.74200000000002,36.278999999999996,1.583,9554553.483,1746737.573
2024-10-23 16:26:32,52.0,37.34951228,-121.93600121,2230.182,4.13,1.8050000000000002,0.0,251.231,22.603,2.074,9554549.522,1746734.265
2024-10-23 16:26:33,52.0,37.34952066,-121.93596864999999,2233.3540000000003,3.098,-1.095,0.0,251.712,6.709999999999999,1.693,9554546.359000001,1746733.2789999999
2024-10-23 16:26:34,52.0,37.34951384,-121.93594822,2235.561,2.04,-1.186,0.0,252.18800000000002,8.657,2.089,9554545.236,1746734.018
2024-10-23 16:26:35,52.0,37.34949181,-121.93594828,2238.2699999999995,2.6740000000000004,0.674,0.0,252.608,19.982,1.295,9554546.815000001,1746736.4949999999
2024-10-23 16:26:36,52.0,37.34946472,-121.93596419,2241.621,3.467,0.8869999999999999,0.0,252.948,17.988,1.467,9554550.004999999,1746739.564
2024-10-23 16:26:37,52.0,37.349446009999994,-121.93598482,2244.451,2.8280000000000003,-0.646,0.0,253.343,6.65,1.7120000000000002,9554552.967,1746741.6940000001
2024-10-23 16:26:38,52.0,37.34943843,-121.93600078,2246.1330000000003,1.612,-1.283,0.0,253.667,4.057,0.549,9554554.765,1746742.568
2024-10-23 16:26:39,52.0,37.34943403,-121.93601263999999,2247.312,1.1320000000000001,-0.488,0.0,253.73000000000002,4.447,0.217,9554556.015,1746743.0809999998
2024-10-23 16:26:40,52.0,37.34942936,-121.93601983,2248.161,0.807,-0.286,0.0,253.779,2.69,0.187,9554556.915000001,1746743.617
2024-10-23 16:26:41,52.0,37.34942782,-121.9360228,2248.62,0.305,-0.505,0.0,253.85100000000003,1.077,0.5700000000000001,9554557.259,1746743.793
2024-10-23 16:26:42,52.0,37.349423630000004,-121.93602455,2249.3630000000003,0.5189999999999999,0.18,0.0,254.14299999999997,3.8840000000000003,1.825,9554557.694,1746744.266
2024-10-23 16:26:43,52.0,37.34941229,-121.93603895999999,2251.4669999999996,1.986,1.4929999999999999,0.0,254.654,19.386000000000003,2.251,9554559.64,1746745.561
2024-10-23 16:26:44,52.0,37.34939903,-121.93605714999998,2253.7709999999997,2.289,0.399,0.0,255.17,6.731,1.238,9554562.02,1746747.077
2024-10-23 16:26:45,52.0,37.34939129,-121.93606417000001,2254.88,1.044,-1.362,0.0,255.30599999999998,2.7190000000000003,0.21400000000000002,9554563.126,1746747.959
2024-10-23 16:26:46,52.0,37.34939067,-121.93606872000001,2255.495,0.553,-0.506,0.0,255.344,2.129,0.15,9554563.529000001,1746748.0350000001
2024-10-23 16:26:47,52.0,37.349393570000004,-121.93607261,2256.027,0.549,0.020999999999999998,0.0,255.461,2.6079999999999997,0.6980000000000001,9554563.628,1746747.7140000002
2024-10-23 16:26:48,52.0,37.34939599,-121.93607606999998,2256.6279999999997,0.487,-0.044000000000000004,0.0,255.561,1.969,0.162,9554563.728,1746747.446
2024-10-23 16:26:49,52.0,37.34939522,-121.93608406000001,2257.416,0.784,0.28900000000000003,0.0,255.59700000000004,4.187,0.141,9554564.412999999,1746747.543
2024-10-23 16:26:50,52.0,37.349394860000004,-121.93609693,2258.623,1.161,0.373,0.0,255.671,7.2780000000000005,0.756,9554565.452,1746747.6030000001
2024-10-23 16:26:51,52.0,37.34941134,-121.9361101,2261.0989999999997,2.45,1.2799999999999998,0.0,255.988,22.595,1.5859999999999999,9554565.311,1746745.765
2024-10-23 16:26:52,52.0,37.34943317,-121.93610008,2263.886,2.806,0.41800000000000004,0.0,256.366,10.095,1.248,9554562.962000001,1746743.2969999998
2024-10-23 16:26:53,52.0,37.34945099,-121.93608187,2266.473,2.593,-0.265,0.0,256.685,10.42,1.315,9554560.254999999,1746741.269
2024-10-23 16:26:54,52.0,37.3494724,-121.93606552000001,2269.278,2.815,0.20800000000000002,0.0,256.98400000000004,16.497,1.296,9554557.438,1746738.837
2024-10-23 16:26:55,52.0,37.34949805,-121.93605002,2272.454,3.186,0.417,0.0,257.354,14.834,1.5210000000000001,9554554.382000001,1746735.9329999997
2024-10-23 16:26:56,52.0,37.34952346,-121.93603476999999,2275.599,3.125,-0.077,0.0,257.736,12.816999999999998,1.552,9554551.368,1746733.053
2024-10-23 16:26:57,52.0,37.34954844,-121.93602381000001,2278.569,2.919,-0.2,0.0,258.13199999999995,10.398,1.6239999999999999,9554548.718,1746730.231
2024-10-23 16:26:58,52.0,37.349570820000004,-121.93602157999999,2281.0879999999997,2.472,-0.471,0.0,258.509,8.606,1.29,9554546.944,1746727.7100000002
2024-10-23 16:26:59,52.0,37.349591329999996,-121.93601902,2283.436,2.31,-0.164,0.0,258.801,9.844,1.254,9554545.275,1746725.398
2024-10-23 16:27:00,52.0,37.34960438,-121.93600854000002,2285.2709999999997,1.779,-0.4640000000000001,0.0,259.156,4.811999999999999,1.076,9554543.519,1746723.9170000001
2024-10-23 16:27:01,52.0,37.34960103,-121.93600619000001,2286.213,0.767,-1.116,0.0,259.29,3.2039999999999997,0.43099999999999994,9554543.572,1746724.291
2024-10-23 16:27:02,52.0,37.34959511,-121.93602218999999,2287.835,1.65,0.8720000000000001,0.0,259.437,15.172,0.9969999999999999,9554545.256000001,1746724.9780000001
2024-10-23 16:27:03,52.0,37.34959389,-121.93604516999999,2289.981,2.2039999999999997,0.728,0.0,259.806,8.356,1.3800000000000001,9554547.153,1746725.1490000002
2024-10-23 16:27:04,52.0,37.34958889,-121.93605818,2291.751,1.473,-0.969,0.0,260.082,16.163,1.442,9554548.536,1746725.727
2024-10-23 16:27:05,52.0,37.349558009999996,-121.93606183,2295.407,3.7729999999999997,2.4379999999999997,0.0,260.579,41.431,2.122,9554551.028,1746729.2059999998
2024-10-23 16:27:06,52.0,37.34952538,-121.93604214,2299.505,4.2170000000000005,0.528,0.0,261.129,14.104,2.347,9554551.81,1746732.848
2024-10-23 16:27:07,52.0,37.34950624,-121.93601645000001,2302.663,3.1719999999999997,-1.127,0.0,261.668,7.184,1.934,9554551.155,1746734.9640000002
2024-10-23 16:27:08,52.0,37.34949734,-121.93599454,2304.879,2.216,-0.9960000000000001,0.0,262.102,6.429,1.331,9554550.065000001,1746735.934
2024-10-23 16:27:09,52.0,37.34949372,-121.93597749999999,2306.464,1.589,-0.619,0.0,262.302,5.1049999999999995,0.41899999999999993,9554548.981999999,1746736.3199999998
2024-10-23 16:27:10,52.0,37.349486830000004,-121.93596784000002,2307.703,1.251,-0.33799999999999997,0.0,262.38,4.835,0.256,9554548.712000001,1746737.082
2024-10-23 16:27:11,52.0,37.34947555,-121.93597009,2309.069,1.402,0.133,0.0,262.45300000000003,8.302,0.44299999999999995,9554549.695,1746738.352
2024-10-23 16:27:12,52.0,37.3494636,-121.93598643,2311.079,2.05,0.692,0.0,262.661,11.661,1.2369999999999999,9554551.834999999,1746739.72
2024-10-23 16:27:13,52.0,37.34945265,-121.93600583,2313.21,2.107,0.08499999999999999,0.0,263.011,7.795999999999999,1.465,9554554.146000002,1746740.9759999998
2024-10-23 16:27:14,52.0,37.34944666,-121.93602249,2314.87,1.6260000000000001,-0.529,0.0,263.283,5.867,0.5509999999999999,9554555.886,1746741.6739999999
2024-10-23 16:27:15,52.0,37.34944359,-121.93603926,2316.415,1.474,-0.162,0.0,263.379,6.462000000000001,0.366,9554557.427,1746742.0420000001
2024-10-23 16:27:16,52.0,37.349435119999995,-121.93606078,2318.569,2.158,0.6759999999999999,0.0,263.526,17.195,1.042,9554559.728,1746743.0239999997
2024-10-23 16:27:17,52.0,37.349420980000005,-121.93608604,2321.3239999999996,2.804,0.764,0.0,263.897,12.042,1.609,9554562.727,1746744.65
2024-10-23 16:27:18,52.0,37.34941493,-121.93610358999999,2323.1220000000003,1.685,-1.248,0.0,264.232,6.4879999999999995,1.018,9554564.543000001,1746745.3539999998
2024-10-23 16:27:19,52.0,37.34942102,-121.93612102,2324.927,1.765,0.091,0.0,264.44,8.084999999999999,0.789,9554565.479,1746744.693
2024-10-23 16:27:20,52.0,37.34943599,-121.93612435,2326.782,1.793,0.055999999999999994,0.0,264.673,7.936,1.037,9554564.673,1746743.0129999998
2024-10-23 16:27:21,52.0,37.34945274,-121.9361177,2328.766,1.9949999999999999,0.211,0.0,264.946,9.793,1.155,9554562.952,1746741.1199999999
2024-10-23 16:27:22,52.0,37.34946787,-121.93610751000001,2330.7,1.873,-0.11699999999999999,0.0,265.191,7.063,0.819,9554561.07,1746739.406
2024-10-23 16:27:23,52.0,37.34948331,-121.93610272999999,2332.4849999999997,1.737,-0.144,0.0,265.424,6.869,0.9380000000000001,9554559.588,1746737.663
2024-10-23 16:27:24,52.0,37.34949735,-121.93610229000001,2334.061,1.54,-0.211,0.0,265.571,6.74,0.298,9554558.55,1746736.082
2024-10-23 16:27:25,52.0,37.34951315,-121.93610412999999,2335.835,1.777,0.25,0.0,265.66700000000003,8.999,0.771,9554557.565000001,1746734.3059999999
2024-10-23 16:27:26,52.0,37.349527699999996,-121.93610802999999,2337.516,1.685,-0.06799999999999999,0.0,265.935,6.019,0.9560000000000001,9554556.834,1746732.679
2024-10-23 16:27:27,52.0,37.34953718,-121.93611539999999,2338.8540000000003,1.27,-0.43200000000000005,0.0,266.137,4.564,1.017,9554556.736,1746731.621
2024-10-23 16:27:28,52.0,37.3495304,-121.93612069999999,2340.268,1.2029999999999998,-0.15899999999999997,0.0,266.402,9.904,0.944,9554557.639,1746732.391
2024-10-23 16:27:29,52.0,37.34951054,-121.93611006,2342.821,2.621,1.52,0.0,266.694,19.813,1.73,9554558.22,1746734.609
2024-10-23 16:27:30,52.0,37.34948861,-121.93610647999999,2345.8630000000003,2.771,0.136,0.0,267.21,13.003,1.9100000000000001,9554559.504999999,1746737.072
2024-10-23 16:27:31,52.0,37.34947053,-121.93613115000001,2348.953,3.072,0.305,0.0,267.663,14.816999999999998,2.016,9554562.741,1746739.137
2024-10-23 16:27:32,52.0,37.34945776,-121.93616466,2352.34,3.3299999999999996,0.24500000000000002,0.0,268.281,23.614,3.254,9554566.291,1746740.6199999999
2024-10-23 16:27:33,52.0,37.34943572,-121.93620016,2356.426,4.021,0.713,0.0,269.31,22.73,4.274,9554570.662,1746743.148
2024-10-23 16:27:34,52.0,37.34941991,-121.93622769999999,2359.4700000000003,3.053,-0.876,0.0,270.098,9.678,1.706,9554573.963,1746744.9640000002
2024-10-23 16:27:35,52.0,37.34942386,-121.93622716,2360.728,0.977,-2.318,0.0,270.325,8.526,0.603,9554573.637,1746744.519
2024-10-23 16:27:36,52.0,37.34943245,-121.93620624,2362.893,2.191,1.3219999999999998,0.0,270.51300000000003,17.767000000000003,1.052,9554571.377,1746743.5240000002
2024-10-23 16:27:37,52.0,37.34944498,-121.93617076000001,2366.3810000000003,3.468,1.302,0.0,270.849,31.556,1.7399999999999998,9554567.686,1746742.068
2024-10-23 16:27:38,52.0,37.349468009999995,-121.93613568999999,2370.43,4.076,0.679,0.0,271.445,15.366999999999999,2.9370000000000003,9554563.276999999,1746739.4300000002
2024-10-23 16:27:39,52.0,37.34949056000001,-121.93610698,2374.0299999999997,3.557,-0.549,0.0,272.28200000000004,12.177,3.2369999999999997,9554559.406,1746736.852
2024-10-23 16:27:40,52.0,37.34950394,-121.93608614,2376.4809999999998,2.366,-1.233,0.0,272.771,6.059,0.9720000000000001,9554556.806,1746735.318
2024-10-23 16:27:41,52.0,37.34949693,-121.93606369,2378.927,2.35,-0.09800000000000002,0.0,272.988,17.985,1.0370000000000001,9554555.540000001,1746736.077
2024-10-23 16:27:42,52.0,37.34946915,-121.93604766000001,2382.393,3.5509999999999997,1.33,0.0,273.339,23.015,1.7149999999999999,9554556.263,1746739.179
2024-10-23 16:27:43,52.0,37.349443980000004,-121.93603507,2385.451,3.096,-0.41,0.0,273.806,8.047,1.736,9554557.069,1746741.992
2024-10-23 16:27:44,52.0,37.34943634,-121.93601916,2387.2239999999997,1.677,-1.557,0.0,274.08000000000004,5.833,0.48,9554556.362,1746742.829
2024-10-23 16:27:45,52.0,37.34943816,-121.93600021,2388.948,1.7,0.054000000000000006,0.0,274.168,7.961,0.375,9554554.741,1746742.5990000002
2024-10-23 16:27:46,52.0,37.34944357,-121.93598213,2390.667,1.7,0.041999999999999996,0.0,274.26599999999996,6.718000000000001,0.40499999999999997,9554552.929000001,1746741.9649999999
2024-10-23 16:27:47,52.0,37.34944976,-121.93597347,2391.95,1.166,-0.529,0.0,274.43899999999996,3.599,0.942,9554551.804000001,1746741.257
2024-10-23 16:27:48,52.0,37.34945346,-121.93598254999999,2393.018,1.048,-0.148,0.0,274.62399999999997,5.2780000000000005,0.485,9554552.256000001,1746740.8530000001
2024-10-23 16:27:49,52.0,37.34946147,-121.9359853,2394.062,0.99,-0.054000000000000006,0.0,274.704,5.002000000000001,0.273,9554551.9,1746739.9559999998
2024-10-23 16:27:50,52.0,37.34946835,-121.93598615,2395.259,1.028,0.06300000000000001,0.0,274.868,4.339,1.041,9554551.476,1746739.184
2024-10-23 16:27:51,52.0,37.34945871,-121.93600317,2397.286,2.072,0.9570000000000001,0.0,275.12399999999997,21.929,0.9490000000000001,9554553.503,1746740.2920000001
2024-10-23 16:27:52,52.0,37.34944665,-121.9360363,2400.566,3.393,1.434,0.0,275.40299999999996,23.391,1.448,9554556.975,1746741.693
2024-10-23 16:27:53,52.0,37.34943189,-121.93606931,2403.938,3.434,0.053000000000000005,0.0,275.799,10.757,1.554,9554560.629999999,1746743.3969999999
2024-10-23 16:27:54,52.0,37.34942451,-121.93608207,2405.701,1.517,-1.94,0.0,276.119,4.99,0.794,9554562.162999999,1746744.2449999999
2024-10-23 16:27:55,52.0,37.34942831,-121.93606674,2407.225,1.548,-0.11399999999999996,0.0,276.27,13.681999999999999,0.8039999999999999,9554560.683,1746743.798
2024-10-23 16:27:56,52.0,37.34943619,-121.93604805,2409.154,1.957,0.619,0.0,276.533,7.074,1.121,9554558.648,1746742.8850000002
2024-10-23 16:27:57,52.0,37.3494397,-121.93605434000001,2410.626,1.1640000000000001,-0.9949999999999999,0.0,276.761,11.748,0.8460000000000001,9554558.893000001,1746742.4989999998
2024-10-23 16:27:58,52.0,37.34943714,-121.93607707000001,2412.722,2.145,1.129,0.0,277.06,9.672,1.385,9554560.866,1746742.8190000001
2024-10-23 16:27:59,52.0,37.3494324,-121.936094,2414.325,1.563,-0.608,0.0,277.322,4.496,0.6900000000000001,9554562.539,1746743.3739999998
2024-10-23 16:28:00,52.0,37.349432029999996,-121.93609624999999,2415.052,0.541,-1.129,0.0,277.43,2.343,0.24,9554562.743,1746743.421
2024-10-23 16:28:01,52.0,37.34943371,-121.93608552,2416.047,1.053,0.5690000000000001,0.0,277.496,5.871,0.227,9554561.776,1746743.216
2024-10-23 16:28:02,52.0,37.349436600000004,-121.9360727,2417.25,1.185,0.16799999999999998,0.0,277.546,5.372,0.20400000000000001,9554560.559999999,1746742.8739999998
2024-10-23 16:28:03,52.0,37.34944147,-121.93605950000001,2418.556,1.294,0.092,0.0,277.598,5.9159999999999995,0.209,9554559.173999999,1746742.3079999997
2024-10-23 16:28:04,52.0,37.34944584,-121.93604683999999,2419.802,1.252,-0.047,0.0,277.65299999999996,5.296,0.251,9554557.862,1746741.798
2024-10-23 16:28:05,52.0,37.34944848,-121.93603636,2420.805,1.016,-0.23500000000000001,0.0,277.719,3.628,0.262,9554556.849,1746741.4870000002
2024-10-23 16:28:06,52.0,37.34945229,-121.93603654,2421.626,0.679,-0.396,0.0,277.803,3.6989999999999994,0.542,9554556.592,1746741.059
2024-10-23 16:28:07,52.0,37.349455230000004,-121.93605657999998,2423.491,1.8519999999999999,1.207,0.0,278.003,16.78,1.143,9554557.959999999,1746740.757
2024-10-23 16:28:08,52.0,37.34944696,-121.93608444000002,2426.259,2.791,1.06,0.0,278.422,14.517,2.08,9554560.746000001,1746741.725
2024-10-23 16:28:09,52.0,37.34942724,-121.93608833,2429.025,2.649,-0.211,0.0,278.977,11.203,2.1260000000000003,9554562.459999999,1746743.946
2024-10-23 16:28:10,52.0,37.34941766,-121.93607220999999,2430.964,1.8490000000000002,-0.765,0.0,279.385,4.351,0.9410000000000001,9554561.876,1746745.0019999999
2024-10-23 16:28:11,52.0,37.34941556,-121.93606221,2432.059,0.9890000000000001,-0.968,0.0,279.491,4.007,0.255,9554561.237,1746745.225
2024-10-23 16:28:12,52.0,37.34941904,-121.93604943,2433.2830000000004,1.21,0.258,0.0,279.56100000000004,6.479000000000001,0.368,9554559.983,1746744.8170000003
2024-10-23 16:28:13,52.0,37.349426720000004,-121.93603556000001,2434.809,1.486,0.311,0.0,279.688,7.055,0.512,9554558.342,1746743.934
2024-10-23 16:28:14,52.0,37.34943698,-121.93602551,2436.297,1.3679999999999999,-0.11699999999999999,0.0,279.81399999999996,5.245,0.616,9554556.817,1746742.766
2024-10-23 16:28:15,52.0,37.34944876,-121.93602234999999,2437.8059999999996,1.464,0.099,0.0,280.041,6.851000000000001,1.402,9554555.727000002,1746741.4370000002
2024-10-23 16:28:16,52.0,37.34944941,-121.93603949999999,2439.8689999999997,1.888,0.517,0.0,280.504,13.334,1.98,9554557.03,1746741.387
2024-10-23 16:28:17,52.0,37.34944907,-121.93602602000001,2441.9,1.7289999999999999,-0.304,0.0,280.893,22.169,1.372,9554555.993999999,1746741.4079999998
2024-10-23 16:28:18,52.0,37.34945895,-121.93600154,2444.351,2.566,0.9730000000000001,0.0,281.337,8.363,1.7810000000000001,9554553.358,1746740.2629999998
2024-10-23 16:28:19,52.0,37.34946251,-121.93599512,2445.4260000000004,0.8240000000000001,-1.8829999999999998,0.0,281.58299999999997,2.387,0.288,9554552.6,1746739.8530000001
2024-10-23 16:28:20,52.0,37.34945873,-121.93600096,2446.148,0.774,-0.08099999999999999,0.0,281.627,4.191,0.186,9554553.329,1746740.2859999998
2024-10-23 16:28:21,52.0,37.34945508,-121.93601069000002,2447.121,0.9470000000000001,0.27,0.0,281.67400000000004,4.164,0.188,9554554.356,1746740.711
2024-10-23 16:28:22,52.0,37.34945211,-121.93602043000001,2448.061,0.89,-0.06899999999999999,0.0,281.724,3.678,0.188,9554555.336,1746741.0579999997
2024-10-23 16:28:23,52.0,37.349451650000006,-121.93602711000001,2448.733,0.616,-0.275,0.0,281.758,2.255,0.099,9554555.894,1746741.1189999997
2024-10-23 16:28:24,52.0,37.34945622,-121.93602756,2449.328,0.529,-0.10400000000000001,0.0,281.781,2.494,0.08499999999999999,9554555.605,1746740.605
2024-10-23 16:28:25,52.0,37.3494614,-121.93602953,2449.955,0.625,0.10700000000000001,0.0,281.804,2.7809999999999997,0.093,9554555.388,1746740.027
2024-10-23 16:28:26,52.0,37.34946705,-121.93602963000001,2450.398,0.429,-0.22000000000000003,0.0,281.828,1.763,0.10900000000000001,9554554.992,1746739.39
2024-10-23 16:28:27,52.0,37.34947162,-121.9360269,2450.972,0.5429999999999999,0.135,0.0,281.85900000000004,2.4219999999999997,0.139,9554554.452,1746738.872
2024-10-23 16:28:28,52.0,37.34947449,-121.93601937000001,2451.73,0.665,0.11499999999999999,0.0,281.893,3.412,0.13,9554553.653,1746738.5399999998
2024-10-23 16:28:29,52.0,37.349475440000006,-121.93601243999998,2452.448,0.625,-0.02899999999999999,0.0,281.92400000000004,2.4349999999999996,0.095,9554553.040000001,1746738.423
2024-10-23 16:28:30,52.0,37.34947811,-121.93600905999999,2452.956,0.422,-0.22400000000000003,0.0,281.943,1.684,0.07100000000000001,9554552.583,1746738.1190000002
2024-10-23 16:28:31,52.0,37.34948015,-121.93601100999999,2453.237,0.286,-0.11699999999999999,0.0,281.95899999999995,1.19,0.05600000000000001,9554552.59,1746737.895
2024-10-23 16:28:32,52.0,37.34947962,-121.93600891000001,2453.24,0.016,-0.282,0.0,281.97200000000004,0.073,0.047,9554552.462000001,1746737.948
2024-10-23 16:28:33,52.0,37.34948072,-121.93600946,2453.24,0.0,-0.007000000000000001,0.0,281.98400000000004,0.004,0.054000000000000006,9554552.426,1746737.825
2024-10-23 16:28:34,52.0,37.34948233,-121.93601175,2453.2439999999997,0.001,0.001,0.0,281.996,0.008,0.049,9554552.492,1746737.6489999997
2024-10-23 16:28:35,52.0,37.34948106,-121.93601430999999,2453.495,0.26399999999999996,0.26799999999999996,0.0,282.01099999999997,1.293,0.077,9554552.784,1746737.7920000001
2024-10-23 16:28:36,52.0,37.349482820000006,-121.93601853,2453.9849999999997,0.457,0.21400000000000002,0.0,282.034,2.0,0.083,9554552.992,1746737.6010000003
2024-10-23 16:28:37,52.0,37.34948085,-121.93602369999999,2454.535,0.44699999999999995,-0.040999999999999995,0.0,282.055,2.1399999999999997,0.087,9554553.540000001,1746737.83
2024-10-23 16:28:38,52.0,37.349478590000004,-121.93603118000001,2455.297,0.771,0.33199999999999996,0.0,282.082,3.933,0.137,9554554.290000001,1746738.0960000001
2024-10-23 16:28:39,52.0,37.349473599999996,-121.93603986000001,2456.264,0.9960000000000001,0.231,0.0,282.116,4.906000000000001,0.134,9554555.329,1746738.6690000002
2024-10-23 16:28:40,52.0,37.34946822,-121.93604979,2457.352,1.119,0.124,0.0,282.15700000000004,4.983,0.182,9554556.497,1746739.288
2024-10-23 16:28:41,52.0,37.349463,-121.93605939,2458.404,1.0630000000000002,-0.065,0.0,282.195,4.455,0.144,9554557.625,1746739.887
2024-10-23 16:28:42,52.0,37.34945809,-121.93606858999999,2459.407,1.016,-0.054000000000000006,0.0,282.232,4.3149999999999995,0.157,9554558.7,1746740.452
2024-10-23 16:28:43,52.0,37.34945312,-121.93607778,2460.421,0.951,-0.053000000000000005,0.0,282.275,3.846,0.187,9554559.78,1746741.023
2024-10-23 16:28:44,52.0,37.349449140000004,-121.93608505,2461.248,0.745,-0.21800000000000003,0.0,282.322,2.9490000000000003,0.16499999999999998,9554560.636,1746741.481
2024-10-23 16:28:45,52.0,37.34944497,-121.93608801,2461.864,0.612,-0.138,0.0,282.35900000000004,2.512,0.11200000000000002,9554561.168000001,1746741.954
2024-10-23 16:28:46,52.0,37.34943977,-121.93608932,2462.495,0.65,0.05,0.0,282.387,2.914,0.14,9554561.642,1746742.541
2024-10-23 16:28:47,52.0,37.34943494,-121.93609119,2463.139,0.634,-0.018,0.0,282.422,2.816,0.124,9554562.137,1746743.086
2024-10-23 16:28:48,52.0,37.34942957,-121.93609359,2463.834,0.669,0.038,0.0,282.44899999999996,2.9370000000000003,0.11400000000000002,9554562.709,1746743.693
2024-10-23 16:28:49,52.0,37.34942477,-121.93609633999999,2464.484,0.625,-0.044000000000000004,0.0,282.47700000000003,2.541,0.10800000000000001,9554563.268000001,1746744.2370000002
2024-10-23 16:28:50,52.0,37.34942137,-121.93610154000001,2465.159,0.639,0.011000000000000001,0.0,282.509,3.02,0.121,9554563.921,1746744.6269999999
2024-10-23 16:28:51,52.0,37.34941647,-121.93610745000001,2465.9919999999997,0.834,0.217,0.0,282.57599999999996,3.7079999999999997,0.624,9554564.736,1746745.186
2024-10-23 16:28:52,52.0,37.349419669999996,-121.93609885000001,2467.352,1.0150000000000001,0.119,0.0,282.76,10.958000000000002,0.773,9554563.83,1746744.8129999998
2024-10-23 16:28:53,52.0,37.34943449,-121.93608376,2469.543,2.302,1.391,0.0,283.033,12.573,1.293,9554561.581999999,1746743.1269999999
2024-10-23 16:28:54,52.0,37.34945402,-121.93607918000001,2471.787,2.277,-0.08199999999999999,0.0,283.288,10.757,0.808,9554559.827,1746740.924
2024-10-23 16:28:55,52.0,37.34947665,-121.93607678999999,2474.332,2.57,0.276,0.0,283.54200000000003,13.252,1.216,9554558.021000002,1746738.3760000002
2024-10-23 16:28:56,52.0,37.34950113,-121.9360807,2477.1169999999997,2.7849999999999997,0.23199999999999998,0.0,283.849,12.849,1.171,9554556.581999999,1746735.628
2024-10-23 16:28:57,52.0,37.34952213,-121.93609807,2479.986,2.895,0.097,0.0,284.133,14.727,1.221,9554556.447,1746733.2899999998
2024-10-23 16:28:58,52.0,37.349543080000004,-121.93611928,2483.046,3.0829999999999997,0.209,0.0,284.488,13.273,1.568,9554556.620000001,1746730.963
2024-10-23 16:28:59,52.0,37.34956916,-121.93611485,2486.304,3.196,0.088,0.0,284.89,16.833000000000002,1.53,9554554.408,1746728.0239999997
2024-10-23 16:29:00,52.0,37.34958847,-121.93608549000001,2489.741,3.45,0.286,0.0,285.24899999999997,15.290000000000001,1.6170000000000002,9554550.715,1746725.8129999998
2024-10-23 16:29:01,52.0,37.3495905,-121.93605552,2492.944,2.931,-0.607,0.0,285.69,16.015,1.8820000000000001,9554548.209999999,1746725.5440000002
2024-10-23 16:29:02,52.0,37.34956703,-121.93601247,2497.725,4.8149999999999995,1.904,0.0,286.356,64.44800000000001,3.476,9554546.496,1746728.1230000001
2024-10-23 16:29:03,52.0,37.349564720000004,-121.93594704,2503.712,6.044,1.419,0.0,287.283,34.083999999999996,3.7300000000000004,9554541.507,1746728.293
2024-10-23 16:29:04,52.0,37.34958645,-121.93592519,2507.856,3.874,-2.3609999999999998,0.0,288.08000000000004,19.744,2.628,9554538.235000001,1746725.8190000001
2024-10-23 16:29:05,52.0,37.34960264,-121.93595428,2511.486,3.6229999999999998,-0.28500000000000003,0.0,288.601,16.454,1.657,9554539.368999999,1746724.0399999998
2024-10-23 16:29:06,52.0,37.34958646,-121.93599446,2515.706,4.3,0.72,0.0,289.053,36.346000000000004,1.9920000000000002,9554543.690000001,1746725.913
2024-10-23 16:29:07,52.0,37.349548649999996,-121.93603168,2521.096,5.353,1.121,0.0,289.59000000000003,34.411,2.2359999999999998,9554549.324,1746730.216
2024-10-23 16:29:08,52.0,37.34950098,-121.93605654000001,2526.875,5.747999999999999,0.392,0.0,290.18899999999996,27.470999999999997,2.537,9554554.688,1746735.6120000002
2024-10-23 16:29:09,52.0,37.34945128,-121.9360667,2532.489,5.618,-0.132,0.0,290.865,19.697,3.132,9554559.039,1746741.2140000002
2024-10-23 16:29:10,52.0,37.34942902,-121.93608079,2536.08,3.2369999999999997,-2.335,0.0,291.575,16.791999999999998,1.7879999999999998,9554561.74,1746743.738
2024-10-23 16:29:11,52.0,37.3494455,-121.93608182,2538.2889999999998,2.2039999999999997,-1.1809999999999998,0.0,291.896,14.434000000000001,1.3530000000000002,9554560.643000001,1746741.887
2024-10-23 16:29:12,52.0,37.349454359999996,-121.93607476,2539.5080000000003,1.1720000000000002,-0.938,0.0,292.16700000000003,3.29,0.521,9554559.452,1746740.8800000001
2024-10-23 16:29:13,52.0,37.34945641,-121.93606663,2540.3599999999997,0.788,-0.449,0.0,292.23,3.536,0.16,9554558.667,1746740.6379999998
2024-10-23 16:29:14,52.0,37.34945222,-121.93605962,2541.185,0.77,0.041,0.0,292.268,3.049,0.161,9554558.414,1746741.1
2024-10-23 16:29:15,52.0,37.34944665,-121.93605485999998,2541.9849999999997,0.776,-0.007000000000000002,0.0,292.318,3.5170000000000003,0.21200000000000002,9554558.437,1746741.719
2024-10-23 16:29:16,52.0,37.34944296,-121.93604706,2542.839,0.817,0.044000000000000004,0.0,292.363,3.714,0.181,9554558.087000001,1746742.1239999998
2024-10-23 16:29:17,52.0,37.34944155,-121.93603713,2543.773,0.908,0.09,0.0,292.411,4.077,0.192,9554557.406,1746742.269
2024-10-23 16:29:18,52.0,37.349440980000004,-121.93602625999999,2544.767,0.9620000000000001,0.05600000000000001,0.0,292.45500000000004,4.346,0.16899999999999998,9554556.59,1746742.3170000003
2024-10-23 16:29:19,52.0,37.34944132,-121.93601553,2545.743,0.944,-0.015,0.0,292.503,3.903,0.20299999999999999,9554555.719,1746742.265
2024-10-23 16:29:20,52.0,37.349443990000005,-121.93600819000001,2546.552,0.751,-0.184,0.0,292.555,2.783,0.27,9554554.953,1746741.954
2024-10-23 16:29:21,52.0,37.349446969999995,-121.93601415999998,2547.477,0.857,0.012,0.0,292.685,7.346000000000001,0.915,9554555.209,1746741.628
2024-10-23 16:29:22,52.0,37.34944315,-121.936033,2549.2400000000002,1.861,1.1280000000000001,0.0,293.009,9.369,1.424,9554556.967,1746742.0829999999
2024-10-23 16:29:23,52.0,37.349438299999996,-121.93604416999999,2550.437,1.157,-0.71,0.0,293.25,2.959,0.384,9554558.190000001,1746742.643
2024-10-23 16:29:24,52.0,37.34943492,-121.93604427,2550.969,0.404,-0.819,0.0,293.293,1.4529999999999998,0.11200000000000002,9554558.441,1746743.023
2024-10-23 16:29:25,52.0,37.349435670000005,-121.93604161,2551.2560000000003,0.281,-0.10200000000000001,0.0,293.312,1.196,0.05800000000000001,9554558.177000001,1746742.9349999998
2024-10-23 16:29:26,52.0,37.34943533,-121.93604253000001,2551.443,0.153,-0.127,0.0,293.33399999999995,0.757,0.10900000000000001,9554558.275,1746742.977
2024-10-23 16:29:27,52.0,37.34944181,-121.93604121999999,2552.223,0.8029999999999999,0.6359999999999999,0.0,293.36800000000005,5.302,0.196,9554557.708,1746742.246
2024-10-23 16:29:28,52.0,37.3494565,-121.93603722,2553.916,1.7289999999999999,0.945,0.0,293.454,12.897,0.666,9554556.344,1746740.587
2024-10-23 16:29:29,52.0,37.349477029999996,-121.93602874000001,2556.334,2.452,0.748,0.0,293.721,13.275,1.302,9554554.209,1746738.2669999998
2024-10-23 16:29:30,52.0,37.34949945,-121.93601788000001,2559.019,2.681,0.22200000000000003,0.0,294.06100000000004,12.39,1.5070000000000001,9554551.752,1746735.7310000001
2024-10-23 16:29:31,52.0,37.34951939,-121.93600642000001,2561.472,2.42,-0.266,0.0,294.45099999999996,8.032,1.432,9554549.423999999,1746733.4719999998
2024-10-23 16:29:32,52.0,37.349537350000006,-121.93599801,2563.621,2.131,-0.315,0.0,294.756,8.690000000000001,1.121,9554547.478999998,1746731.441
2024-10-23 16:29:33,52.0,37.34955442,-121.93599018,2565.6580000000004,2.023,-0.089,0.0,295.055,8.017,1.24,9554545.640999999,1746729.511
2024-10-23 16:29:34,52.0,37.34956876,-121.93598528,2567.333,1.684,-0.321,0.0,295.365,5.348000000000001,1.097,9554544.231999999,1746727.891
2024-10-23 16:29:35,52.0,37.34957872,-121.93598999000001,2568.598,1.206,-0.519,0.0,295.524,5.056,0.258,9554543.890999999,1746726.7780000002
2024-10-23 16:29:36,52.0,37.349586599999995,-121.93599902999999,2569.81,1.204,0.021,0.0,295.577,4.93,0.201,9554544.040000001,1746725.9030000002
2024-10-23 16:29:37,52.0,37.34959437,-121.93600429,2570.847,1.012,-0.189,0.0,295.623,3.8689999999999998,0.16799999999999998,9554543.9,1746725.038
2024-10-23 16:29:38,52.0,37.3496008,-121.93600446999999,2571.623,0.745,-0.279,0.0,295.661,2.915,0.152,9554543.455,1746724.316
2024-10-23 16:29:39,52.0,37.34960659,-121.93600021,2572.425,0.787,0.049,0.0,295.7,3.5420000000000003,0.152,9554542.706,1746723.659
2024-10-23 16:29:40,52.0,37.34961155,-121.93599471,2573.213,0.751,-0.028000000000000004,0.0,295.738,3.221,0.138,9554541.917,1746723.091
2024-10-23 16:29:41,52.0,37.34961654,-121.93598954,2573.964,0.73,-0.028000000000000004,0.0,295.771,3.229,0.137,9554541.153,1746722.5239999997
2024-10-23 16:29:42,52.0,37.34962188,-121.93598652,2574.667,0.669,-0.064,0.0,295.805,2.839,0.13,9554540.532,1746721.92
2024-10-23 16:29:43,52.0,37.34962579,-121.93598483000001,2575.237,0.522,-0.13,0.0,295.83399999999995,1.8969999999999998,0.10300000000000001,9554540.120000001,1746721.477
2024-10-23 16:29:44,52.0,37.3496227,-121.93598440000001,2575.852,0.488,-0.1,0.0,295.874,3.399,0.364,9554540.308,1746721.8240000003
2024-10-23 16:29:45,52.0,37.34961446,-121.93599139,2576.998,1.155,0.746,0.0,296.02,5.68,0.646,9554541.449,1746722.761
2024-10-23 16:29:46,52.0,37.34961059,-121.93599985,2577.912,0.922,-0.22999999999999998,0.0,296.178,3.086,0.5439999999999999,9554542.390999999,1746723.2079999999
2024-10-23 16:29:47,52.0,37.349609720000004,-121.93600389999999,2578.409,0.381,-0.625,0.0,296.259,2.072,0.3,9554542.771,1746723.3120000002
2024-10-23 16:29:48,52.0,37.34960402,-121.93600852,2579.206,0.8320000000000001,0.53,0.0,296.361,3.857,0.316,9554543.543000001,1746723.9579999999
2024-10-23 16:29:49,52.0,37.349599819999995,-121.93601265,2579.8959999999997,0.653,-0.209,0.0,296.40999999999997,3.077,0.16699999999999998,9554544.168000001,1746724.434
2024-10-23 16:29:50,52.0,37.349598889999996,-121.93602385,2580.929,1.0290000000000001,0.387,0.0,296.462,5.12,0.24700000000000003,9554545.116,1746724.5550000002
2024-10-23 16:29:51,52.0,37.34960428,-121.93603174,2582.147,1.0390000000000001,-0.026000000000000002,0.0,296.558,6.396,0.788,9554545.353,1746723.959
2024-10-23 16:29:52,52.0,37.34963054,-121.93602352999999,2585.303,3.191,2.186,0.0,296.899,42.892,1.919,9554542.831999999,1746720.997
2024-10-23 16:29:53,52.0,37.34965235,-121.93602711999999,2588.001,2.527,-0.5279999999999999,0.0,297.341,7.481,1.1199999999999999,9554541.555,1746718.548
2024-10-23 16:29:54,52.0,37.3496527,-121.93601800000002,2589.648,1.294,-1.517,0.0,297.556,9.989,0.8620000000000001,9554540.809999999,1746718.496
2024-10-23 16:29:55,52.0,37.34963329,-121.93600942,2592.0389999999998,2.461,1.3439999999999999,0.0,297.787,15.161000000000001,0.985,9554541.521000002,1746720.6670000001
2024-10-23 16:29:56,52.0,37.34960495,-121.93601163999999,2595.2110000000002,3.196,0.6910000000000001,0.0,298.043,27.772000000000002,1.186,9554543.722,1746723.8579999998
2024-10-23 16:29:57,52.0,37.34956593,-121.93601764,2599.587,4.462000000000001,1.308,0.0,298.43199999999996,31.699,1.9579999999999997,9554546.984000001,1746728.254
2024-10-23 16:29:58,52.0,37.34952655,-121.93602192,2603.996,4.474,0.03700000000000001,0.0,298.96500000000003,13.896,2.028,9554550.133,1746732.689
2024-10-23 16:29:59,52.0,37.34949846,-121.9360194,2607.1400000000003,3.123,-1.387,0.0,299.421,6.816,1.796,9554551.942,1746735.845
2024-10-23 16:30:00,52.0,37.34948131,-121.9360142,2609.127,2.022,-1.136,0.0,299.886,5.582,1.473,9554552.76,1746737.765
2024-10-23 16:30:01,52.0,37.34947255,-121.93600919000001,2610.228,1.116,-0.909,0.0,300.058,3.3609999999999998,0.24300000000000002,9554552.991,1746738.7449999999
2024-10-23 16:30:02,52.0,37.3494666,-121.93600556999999,2611.0009999999997,0.764,-0.366,0.0,300.103,3.052,0.129,9554553.131000001,1746739.4079999998
2024-10-23 16:30:03,52.0,37.34946317,-121.93600142,2611.631,0.554,-0.178,0.0,300.13,2.024,0.098,9554553.048,1746739.788
2024-10-23 16:30:04,52.0,37.34946397,-121.93599782999999,2612.02,0.363,-0.194,0.0,300.152,1.506,0.072,9554552.708,1746739.693
2024-10-23 16:30:05,52.0,37.34946279,-121.93599551,2612.11,0.065,-0.296,0.0,300.165,0.271,0.043,9554552.61,1746739.821
2024-10-23 16:30:06,52.0,37.34946348,-121.93599678999999,2612.11,0.004,-0.063,0.0,300.177,0.023,0.059,9554552.661,1746739.746
2024-10-23 16:30:07,52.0,37.349464770000004,-121.93599827,2612.11,0.0,0.001,0.0,300.19,0.0,0.033999999999999996,9554552.686,1746739.6039999998
2024-10-23 16:30:08,52.0,37.34946348,-121.93599669,2612.11,0.0,0.0,0.0,300.198,0.0,0.044,9554552.653,1746739.746
2024-10-23 16:30:09,52.0,37.34946232,-121.93599772,2612.11,0.0,0.0,0.0,300.212,0.0,0.069,9554552.816,1746739.8769999999
2024-10-23 16:30:10,52.0,37.34945986,-121.93599976,2612.343,0.23900000000000002,0.21200000000000002,0.0,300.233,1.491,0.13999999999999999,9554553.153,1746740.1570000001
2024-10-23 16:30:11,52.0,37.34945435,-121.93600443,2613.1549999999997,0.7809999999999999,0.5740000000000001,0.0,300.289,4.258,0.273,9554553.915000001,1746740.7850000001
2024-10-23 16:30:12,52.0,37.349448159999994,-121.93602117999998,2614.8360000000002,1.6920000000000002,0.901,0.0,300.408,13.200999999999999,0.892,9554555.675999999,1746741.504
2024-10-23 16:30:13,52.0,37.34943958,-121.93604432,2617.1189999999997,2.272,0.633,0.0,300.723,10.234,1.449,9554558.112,1746742.5010000002
2024-10-23 16:30:14,52.0,37.34943182,-121.93606523000001,2619.176,1.9440000000000002,-0.36,0.0,301.076,6.336,1.174,9554560.313,1746743.4
2024-10-23 16:30:15,52.0,37.34942608,-121.93607958,2620.6099999999997,1.339,-0.62,0.0,301.26599999999996,4.0520000000000005,0.404,9554561.855,1746744.066
2024-10-23 16:30:16,52.0,37.3494222,-121.93608509,2621.364,0.673,-0.66,0.0,301.322,2.057,0.13999999999999999,9554562.566,1746744.511
2024-10-23 16:30:17,52.0,37.349423279999996,-121.93607732000001,2622.213,0.813,0.121,0.0,301.369,5.532,0.29900000000000004,9554561.877,1746744.3800000001
2024-10-23 16:30:18,52.0,37.34942718,-121.93606369,2623.525,1.353,0.562,0.0,301.494,7.595000000000001,0.694,9554560.524,1746743.921
2024-10-23 16:30:19,52.0,37.349435729999996,-121.93604653,2625.35,1.828,0.512,0.0,301.695,8.59,0.9480000000000001,9554558.562,1746742.935
2024-10-23 16:30:20,52.0,37.34944129,-121.93603731,2626.4190000000003,0.99,-0.875,0.0,301.88800000000003,2.73,0.368,9554557.439,1746742.298
2024-10-23 16:30:21,52.0,37.34944046,-121.93603196,2627.13,0.567,-0.422,0.0,301.969,2.1079999999999997,0.6799999999999999,9554557.076000001,1746742.384
2024-10-23 16:30:22,52.0,37.34944915,-121.93604884000001,2629.1150000000002,1.948,1.319,0.0,302.207,31.986,1.1099999999999999,9554557.784,1746741.429
2024-10-23 16:30:23,52.0,37.349463990000004,-121.93608839999999,2633.0260000000003,4.007,2.168,0.0,302.563,33.197,1.7429999999999999,9554559.84,1746739.815
2024-10-23 16:30:24,52.0,37.34946731,-121.93614381,2638.044,5.09,1.0950000000000002,0.0,303.09499999999997,32.309000000000005,2.732,9554563.966,1746739.519
2024-10-23 16:30:25,52.0,37.34946219,-121.93617672999999,2641.172,2.945,-2.127,0.0,303.736,14.350999999999999,1.7570000000000001,9554566.923999999,1746740.14
2024-10-23 16:30:26,52.0,37.34947426,-121.93617764999999,2643.149,1.624,-1.583,0.0,304.06,19.630000000000003,1.2029999999999998,9554566.137,1746738.784
2024-10-23 16:30:27,52.0,37.34949849,-121.93618439,2646.034,2.9539999999999997,1.6990000000000003,0.0,304.483,20.139000000000003,1.892,9554564.934,1746736.0670000003
2024-10-23 16:30:28,52.0,37.34950675,-121.93618939000001,2647.5389999999998,1.0710000000000002,-2.152,0.0,304.797,8.705,0.889,9554564.738,1746735.1460000002
2024-10-23 16:30:29,52.0,37.34951742,-121.93619744,2648.9900000000002,1.4300000000000002,0.445,0.0,305.01800000000003,5.0329999999999995,0.593,9554564.61,1746733.9579999999
2024-10-23 16:30:30,52.0,37.34952527,-121.93619959,2649.9139999999998,0.898,-0.5509999999999999,0.0,305.086,3.278,0.162,9554564.22,1746733.075
2024-10-23 16:30:31,52.0,37.34952454,-121.93620791000001,2650.892,0.885,-0.075,0.0,305.13800000000003,7.003,0.45999999999999996,9554564.925,1746733.17
2024-10-23 16:30:32,52.0,37.349510099999996,-121.93622653,2653.227,2.439,1.6239999999999999,0.0,305.355,21.093,1.2,9554567.423,1746734.8199999998
2024-10-23 16:30:33,52.0,37.34948982,-121.93625007,2656.314,3.149,0.743,0.0,305.694,17.075,1.3980000000000001,9554570.727,1746737.132
2024-10-23 16:30:34,52.0,37.349466480000004,-121.93627635,2659.8190000000004,3.5229999999999997,0.341,0.0,306.056,19.372999999999998,1.7469999999999999,9554574.466,1746739.793
2024-10-23 16:30:35,52.0,37.3494397,-121.9362926,2663.422,3.478,-0.031999999999999994,0.0,306.576,12.336,1.95,9554577.66,1746742.8280000002
2024-10-23 16:30:36,52.0,37.34941146,-121.936275,2667.068,3.655,0.13999999999999999,0.0,307.017,21.3,2.105,9554578.292,1746745.98
2024-10-23 16:30:37,52.0,37.349389359999996,-121.93626176000001,2669.9669999999996,2.8600000000000003,-0.646,0.0,307.586,9.584,1.834,9554578.827,1746748.446
2024-10-23 16:30:38,52.0,37.34938192,-121.93625919000002,2671.078,0.768,-2.369,0.0,307.907,5.534000000000001,1.121,9554579.158,1746749.28
2024-10-23 16:30:39,52.0,37.34936244,-121.93625473,2673.373,2.351,1.693,0.0,308.225,21.683,1.373,9554580.198,1746751.4640000002
2024-10-23 16:30:40,52.0,37.34933997,-121.93625847000001,2675.918,2.65,0.45,0.0,308.575,8.969,1.247,9554582.096,1746753.997
2024-10-23 16:30:41,52.0,37.3493331,-121.93625959,2677.0919999999996,0.9119999999999999,-1.906,0.0,308.802,3.089,0.71,9554582.677,1746754.77
2024-10-23 16:30:42,52.0,37.34934146,-121.93624707,2678.571,1.545,0.618,0.0,308.979,11.766,0.807,9554581.093,1746753.8129999998
2024-10-23 16:30:43,52.0,37.349348479999996,-121.93623295,2680.065,1.5070000000000001,0.119,0.0,309.213,4.418,1.069,9554579.478999998,1746753.0050000001
2024-10-23 16:30:44,52.0,37.34934725,-121.93623276000001,2680.79,0.561,-1.122,0.0,309.441,3.572,0.558,9554579.552,1746753.143
2024-10-23 16:30:45,52.0,37.34934002999999,-121.93625360000001,2682.8450000000003,2.126,1.621,0.0,309.606,22.461,0.998,9554581.708,1746753.981
2024-10-23 16:30:46,52.0,37.34932751,-121.93628295,2685.814,3.037,1.042,0.0,309.90999999999997,13.381,1.372,9554584.916,1746755.4300000002
2024-10-23 16:30:47,52.0,37.34932322,-121.93630558,2687.929,2.0260000000000002,-1.105,0.0,310.183,5.426,0.649,9554587.006000001,1746755.9439999997
2024-10-23 16:30:48,52.0,37.34932619,-121.93632222000001,2689.486,1.491,-0.5549999999999999,0.0,310.301,5.021,0.373,9554588.103999998,1746755.634
2024-10-23 16:30:49,52.0,37.349331899999996,-121.93632846999999,2690.498,0.9179999999999999,-0.558,0.0,310.377,2.943,0.20800000000000002,9554588.188,1746755.0009999997
2024-10-23 16:30:50,52.0,37.34933873,-121.93632194,2691.496,1.001,0.05,0.0,310.424,5.79,0.24,9554587.184,1746754.2219999998
2024-10-23 16:30:51,52.0,37.34934662,-121.93630678,2693.114,1.6149999999999998,0.626,0.0,310.504,11.477,0.549,9554585.428,1746753.314
2024-10-23 16:30:52,52.0,37.349358,-121.93627821,2695.962,2.915,1.319,0.0,310.745,25.019,1.3039999999999998,9554582.362,1746751.997
2024-10-23 16:30:53,52.0,37.34936973,-121.93623867,2699.7079999999996,3.7520000000000002,0.8699999999999999,0.0,311.093,21.47,1.4769999999999999,9554578.411,1746750.622
2024-10-23 16:30:54,52.0,37.34938382,-121.93620048,2703.453,3.6950000000000003,-0.06899999999999999,0.0,311.5,12.942000000000002,1.735,9554574.397,1746748.985
2024-10-23 16:30:55,52.0,37.34939834,-121.93616725,2706.823,3.345,-0.372,0.0,311.94,11.305,1.7149999999999999,9554570.741,1746747.3059999999
2024-10-23 16:30:56,52.0,37.34941071,-121.93614247000001,2709.428,2.63,-0.6849999999999999,0.0,312.312,6.754,1.167,9554567.906,1746745.8809999998
2024-10-23 16:30:57,52.0,37.34942267,-121.93613058000001,2711.182,1.6509999999999998,-1.042,0.0,312.524,5.107,0.533,9554566.113,1746744.519
2024-10-23 16:30:58,52.0,37.34943418,-121.93612571000001,2712.556,1.35,-0.29,0.0,312.615,5.172,0.273,9554564.91,1746743.219
2024-10-23 16:30:59,52.0,37.3494439,-121.93612455,2713.663,1.08,-0.259,0.0,312.671,4.14,0.193,9554564.123,1746742.1240000003
2024-10-23 16:31:00,52.0,37.34945364,-121.93612484,2714.757,1.035,-0.039,0.0,312.714,4.447,0.178,9554563.449,1746741.0289999999
2024-10-23 16:31:01,52.0,37.34946315,-121.93612504000001,2715.826,1.011,-0.02,0.0,312.76099999999997,4.433,0.16999999999999998,9554562.786,1746739.9600000002
2024-10-23 16:31:02,52.0,37.3494734,-121.93612476999999,2716.986,1.101,0.092,0.0,312.804,5.211,0.197,9554562.032000002,1746738.807
2024-10-23 16:31:03,52.0,37.34948437,-121.93612602,2718.261,1.19,0.089,0.0,312.85900000000004,5.636,0.33499999999999996,9554561.347,1746737.575
2024-10-23 16:31:04,52.0,37.349494390000004,-121.93614210000001,2720.171,1.9120000000000001,0.713,0.0,313.034,14.471,1.035,9554561.898,1746736.469
2024-10-23 16:31:05,52.0,37.34949968,-121.93617255,2722.976,2.8289999999999997,0.914,0.0,313.316,22.297,1.318,9554563.917,1746735.9170000001
2024-10-23 16:31:06,52.0,37.34950397,-121.93621128,2726.481,3.582,0.8320000000000001,0.0,313.75,15.882,2.254,9554566.66,1746735.488
2024-10-23 16:31:07,52.0,37.34951599,-121.93622069999999,2729.204,2.31,-1.371,0.0,314.286,8.861,1.592,9554566.544,1746734.15
2024-10-23 16:31:08,52.0,37.34952245,-121.93618288,2732.75,3.6310000000000002,1.294,0.0,314.665,42.763,1.7129999999999999,9554563.106,1746733.371
2024-10-23 16:31:09,52.0,37.349520209999994,-121.93614067000001,2736.511,3.7769999999999997,0.32299999999999995,0.0,315.095,9.976,1.411,9554559.940000001,1746733.5629999998
2024-10-23 16:31:10,52.0,37.34952072,-121.93611185,2739.134,2.524,-1.375,0.0,315.382,6.1659999999999995,1.021,9554557.632,1746733.4670000002
2024-10-23 16:31:11,52.0,37.34953094,-121.93610143999999,2740.817,1.5799999999999998,-0.984,0.0,315.573,4.911,0.5509999999999999,9554556.084,1746732.304
2024-10-23 16:31:12,52.0,37.34954108,-121.93610946999999,2742.279,1.438,-0.13,0.0,315.68899999999996,6.592999999999999,0.366,9554555.991,1746731.1760000002
2024-10-23 16:31:13,52.0,37.34954705,-121.93612786000001,2744.076,1.795,0.375,0.0,315.818,10.933,0.89,9554557.013,1746730.5280000002
2024-10-23 16:31:14,52.0,37.34954814,-121.9361539,2746.418,2.394,0.628,0.0,316.101,13.206999999999999,1.305,9554558.986,1746730.4420000003
2024-10-23 16:31:15,52.0,37.34954386,-121.9361809,2748.897,2.504,0.11500000000000002,0.0,316.463,10.202,1.4529999999999998,9554561.418,1746730.961
2024-10-23 16:31:16,52.0,37.34953402,-121.93620208,2751.1040000000003,2.206,-0.304,0.0,316.808,7.465999999999999,1.361,9554563.790000001,1746732.0969999998
2024-10-23 16:31:17,52.0,37.34952416,-121.93621657000001,2752.806,1.6800000000000002,-0.529,0.0,317.135,5.224,1.037,9554565.636,1746733.225
2024-10-23 16:31:18,52.0,37.349517129999995,-121.93622295,2753.823,0.9650000000000001,-0.73,0.0,317.28499999999997,2.913,0.332,9554566.64,1746734.025
2024-10-23 16:31:19,52.0,37.34951059,-121.9362163,2754.911,1.042,0.03600000000000001,0.0,317.412,6.688,0.778,9554566.584,1746734.75
2024-10-23 16:31:20,52.0,37.34950829,-121.93620200999999,2756.272,1.3379999999999999,0.376,0.0,317.62600000000003,5.109,0.8240000000000001,9554565.625,1746734.9899999998
2024-10-23 16:31:21,52.0,37.34950763,-121.93619595999999,2756.9970000000003,0.618,-0.763,0.0,317.756,1.764,0.172,9554565.195,1746735.0550000002
2024-10-23 16:31:22,52.0,37.349506489999996,-121.93620095000001,2757.52,0.533,-0.10400000000000001,0.0,317.789,2.614,0.161,9554565.669,1746735.189
2024-10-23 16:31:23,52.0,37.34950747,-121.93620175999999,2757.991,0.35300000000000004,-0.178,0.0,317.82599999999996,1.6219999999999999,0.16799999999999998,9554565.662999999,1746735.0809999998
2024-10-23 16:31:24,52.0,37.34950918,-121.93619136,2759.0029999999997,1.036,0.697,0.0,317.892,6.423,0.33199999999999996,9554564.72,1746734.8740000003
2024-10-23 16:31:25,52.0,37.349509420000004,-121.93617799,2760.207,1.262,0.252,0.0,317.976,5.567,0.426,9554563.65,1746734.829
2024-10-23 16:31:26,52.0,37.349510880000004,-121.93616784999999,2761.2670000000003,1.085,-0.139,0.0,318.156,3.7640000000000002,1.311,9554562.748,1746734.651
2024-10-23 16:31:27,52.0,37.34951956,-121.93615757,2763.2580000000003,1.2879999999999998,-0.022999999999999955,0.0,318.68,33.708,2.45,9554561.318,1746733.6600000001
2024-10-23 16:31:28,52.0,37.34953473,-121.93612204000001,2766.8599999999997,3.7990000000000004,2.8779999999999997,0.0,319.268,28.813,1.987,9554557.434,1746731.9070000001
2024-10-23 16:31:29,52.0,37.34953432,-121.93611338000001,2768.218,1.131,-2.926,0.0,319.543,6.993,0.43,9554556.781,1746731.939
2024-10-23 16:31:30,52.0,37.34952826,-121.93611482000001,2768.922,0.7310000000000001,-0.433,0.0,319.614,2.973,0.22000000000000003,9554557.329,1746732.6230000001
2024-10-23 16:31:31,52.0,37.34952099,-121.93612203,2769.9900000000002,1.059,0.414,0.0,319.669,5.93,0.221,9554558.416,1746733.45
2024-10-23 16:31:32,52.0,37.34951367,-121.936133,2771.267,1.272,0.23700000000000002,0.0,319.72200000000004,5.792,0.207,9554559.802,1746734.2899999998
2024-10-23 16:31:33,52.0,37.34950664,-121.9361451,2772.605,1.323,0.042,0.0,319.772,5.837,0.193,9554561.258,1746735.098
2024-10-23 16:31:34,52.0,37.34950097,-121.93615743999999,2773.8779999999997,1.25,-0.076,0.0,319.822,5.171,0.19,9554562.636,1746735.7510000002
2024-10-23 16:31:35,52.0,37.34949401,-121.93616945,2775.209,1.31,0.05500000000000001,0.0,319.87,6.194,0.236,9554564.077,1746736.55
2024-10-23 16:31:36,52.0,37.34948458,-121.93617924999998,2776.5919999999996,1.372,0.074,0.0,319.93600000000004,5.9030000000000005,0.272,9554565.525,1746737.6230000001
2024-10-23 16:31:37,52.0,37.3494759,-121.93618790999999,2777.851,1.233,-0.148,0.0,320.002,4.832,0.24300000000000002,9554566.826000001,1746738.614
2024-10-23 16:31:38,52.0,37.34946384,-121.93619762,2779.4900000000002,1.6169999999999998,0.34299999999999997,0.0,320.103,12.144,0.7929999999999999,9554568.453,1746739.984
2024-10-23 16:31:39,52.0,37.34944224,-121.93620041,2781.952,2.539,1.0070000000000001,0.0,320.4,14.384,1.381,9554570.216,1746742.416
2024-10-23 16:31:40,52.0,37.34942285,-121.93620211,2784.1490000000003,2.226,-0.319,0.0,320.739,6.473000000000001,1.362,9554571.736,1746744.598
2024-10-23 16:31:41,52.0,37.349411,-121.93620966,2785.656,1.501,-0.756,0.0,321.029,4.324,0.728,9554573.177,1746745.9420000003
2024-10-23 16:31:42,52.0,37.349407580000005,-121.93621019,2786.304,0.5469999999999999,-0.991,0.0,321.122,1.6199999999999999,0.177,9554573.464,1746746.3260000001
2024-10-23 16:31:43,52.0,37.349408870000005,-121.93620404999999,2786.937,0.62,0.074,0.0,321.161,3.2700000000000005,0.17099999999999999,9554572.887,1746746.173
2024-10-23 16:31:44,52.0,37.34941255,-121.93619447,2787.946,0.944,0.351,0.0,321.25,5.007,0.535,9554571.870000001,1746745.7449999999
2024-10-23 16:31:45,52.0,37.34942349000001,-121.93618882000001,2789.311,1.41,0.479,0.0,321.364,7.281000000000001,0.33399999999999996,9554570.645,1746744.508
2024-10-23 16:31:46,52.0,37.34943517000001,-121.93618346999999,2790.716,1.375,-0.042,0.0,321.429,6.121,0.227,9554569.387,1746743.1870000002
2024-10-23 16:31:47,52.0,37.34944749,-121.93617601000001,2792.248,1.579,0.21000000000000002,0.0,321.505,7.422,0.5269999999999999,9554567.92,1746741.791
2024-10-23 16:31:48,52.0,37.34945419,-121.93615993,2793.9880000000003,1.7079999999999997,0.11099999999999999,0.0,321.694,9.309999999999999,0.8720000000000001,9554566.173,1746741.016
2024-10-23 16:31:49,52.0,37.34945404,-121.93613766000001,2795.9809999999998,2.022,0.343,0.0,321.925,8.75,0.943,9554564.431,1746741.0010000002
2024-10-23 16:31:50,52.0,37.3494522,-121.93611877999999,2797.687,1.6800000000000002,-0.34299999999999997,0.0,322.10299999999995,5.4670000000000005,0.41900000000000004,9554563.075,1746741.1809999999
2024-10-23 16:31:51,52.0,37.34945001,-121.93611013,2798.755,0.885,-0.7779999999999999,0.0,322.223,2.528,0.8879999999999999,9554562.548999999,1746741.416
2024-10-23 16:31:52,52.0,37.34945076,-121.93613548,2801.227,2.614,1.624,0.0,322.611,45.678999999999995,2.348,9554564.493,1746741.368
2024-10-23 16:31:53,52.0,37.34945643,-121.93617028999999,2804.444,3.3200000000000003,0.95,0.0,323.235,8.609,1.8829999999999998,9554566.829,1746740.7780000002
2024-10-23 16:31:54,52.0,37.34944822,-121.93618427999999,2806.466,1.797,-1.779,0.0,323.52200000000005,8.823,0.869,9554568.519,1746741.7210000001
2024-10-23 16:31:55,52.0,37.3494321,-121.93618810000001,2808.3650000000002,1.923,0.195,0.0,323.78499999999997,7.434,1.026,9554569.972,1746743.538
2024-10-23 16:31:56,52.0,37.34942244,-121.93617509,2810.138,1.7100000000000002,-0.20800000000000002,0.0,324.026,7.824,1.07,9554569.638,1746744.607
2024-10-23 16:31:57,52.0,37.34941374,-121.93616692999998,2811.591,1.3679999999999999,-0.35500000000000004,0.0,324.35900000000004,4.8549999999999995,1.653,9554569.617,1746745.5739999998
2024-10-23 16:31:58,52.0,37.349405080000004,-121.93617595,2813.3419999999996,1.61,0.21100000000000002,0.0,324.868,10.149,2.419,9554570.945,1746746.5620000002
2024-10-23 16:31:59,52.0,37.34941499,-121.93618242,2815.7690000000002,2.02,0.44000000000000006,0.0,325.51599999999996,12.995,2.9699999999999998,9554570.748,1746745.454
2024-10-23 16:32:00,52.0,37.34941968,-121.93613407000001,2820.297,4.582,2.538,0.0,326.381,87.421,3.7079999999999997,9554566.603999998,1746744.863
2024-10-23 16:32:01,52.0,37.34941358,-121.93607956000001,2825.304,5.019,0.694,0.0,327.194,19.066,2.157,9554562.746000001,1746745.4719999998
2024-10-23 16:32:02,52.0,37.34939266,-121.93605367999999,2828.666,3.3310000000000004,-1.98,0.0,327.556,13.959999999999999,1.393,9554562.202,1746747.7859999998
2024-10-23 16:32:03,52.0,37.3493693,-121.93603659,2831.705,3.073,-0.129,0.0,327.95500000000004,9.265,1.5779999999999998,9554562.526999999,1746750.393
2024-10-23 16:32:04,52.0,37.34936841,-121.93603365999999,2833.148,0.942,-2.308,0.0,328.23699999999997,7.228,0.666,9554562.36,1746750.489
2024-10-23 16:32:05,52.0,37.34938108,-121.93603145,2834.668,1.567,0.761,0.0,328.372,8.613,0.5599999999999999,9554561.279,1746749.0620000002
2024-10-23 16:32:06,52.0,37.349391600000004,-121.93602963999999,2835.877,1.115,-0.445,0.0,328.53000000000003,4.7490000000000006,0.6559999999999999,9554560.385,1746747.8760000002
2024-10-23 16:32:07,52.0,37.349402149999996,-121.93602521,2837.138,1.2550000000000001,0.118,0.0,328.646,5.985,0.298,9554559.283,1746746.682
2024-10-23 16:32:08,52.0,37.34941257,-121.93601763,2838.487,1.356,0.125,0.0,328.716,5.758,0.263,9554557.940000001,1746745.5
2024-10-23 16:32:09,52.0,37.34942192,-121.93601166,2839.67,1.183,-0.178,0.0,328.773,4.5,0.196,9554556.801,1746744.441
2024-10-23 16:32:10,52.0,37.34943013,-121.93601083000001,2840.626,0.953,-0.23500000000000001,0.0,328.819,3.722,0.194,9554556.15,1746743.5170000002
2024-10-23 16:32:11,52.0,37.34943568,-121.93601497,2841.388,0.724,-0.24500000000000002,0.0,328.86199999999997,3.035,0.134,9554556.08,1746742.8969999999
2024-10-23 16:32:12,52.0,37.34943802,-121.93602337,2842.2509999999997,0.807,0.06799999999999999,0.0,328.9,4.24,0.263,9554556.574,1746742.648
2024-10-23 16:32:13,52.0,37.3494383,-121.93603605000001,2843.419,1.177,0.394,0.0,329.01,5.628,0.616,9554557.553,1746742.632
2024-10-23 16:32:14,52.0,37.34943608,-121.93604809000001,2844.565,1.151,-0.017999999999999995,0.0,329.174,4.629,0.422,9554558.658,1746742.898
2024-10-23 16:32:15,52.0,37.349437449999996,-121.93605996000001,2845.663,1.105,-0.067,0.0,329.227,5.285,0.213,9554559.495000001,1746742.761
2024-10-23 16:32:16,52.0,37.34944125,-121.93607254000001,2846.877,1.199,0.11000000000000001,0.0,329.28,5.176,0.211,9554560.217,1746742.3510000003
2024-10-23 16:32:17,52.0,37.34944163,-121.93608776,2848.2650000000003,1.3519999999999999,0.11699999999999999,0.0,329.361,8.061,0.536,9554561.388,1746742.3309999998
2024-10-23 16:32:18,52.0,37.34944521,-121.93611244000002,2850.558,2.2990000000000004,0.983,0.0,329.575,15.575999999999999,1.2550000000000001,9554563.076,1746741.959
2024-10-23 16:32:19,52.0,37.34945877,-121.93613378,2853.06,2.48,0.20400000000000001,0.0,329.935,10.1,1.389,9554563.786,1746740.463
2024-10-23 16:32:20,52.0,37.349477889999996,-121.93614528,2855.4489999999996,2.362,-0.154,0.0,330.252,9.983,1.218,9554563.327,1746738.33
2024-10-23 16:32:21,52.0,37.34949465,-121.93615867999999,2857.696,2.2190000000000003,-0.119,0.0,330.591,7.925999999999999,1.45,9554563.184,1746736.4640000002
2024-10-23 16:32:22,52.0,37.34950945,-121.93616334999999,2859.829,1.918,-0.43,0.0,330.937,17.726,1.535,9554562.496,1746734.8059999999
2024-10-23 16:32:23,52.0,37.34953359,-121.93613023,2863.919,4.235,2.446,0.0,331.39099999999996,48.178999999999995,2.0140000000000002,9554558.16,1746732.0469999998
2024-10-23 16:32:24,52.0,37.349556060000005,-121.93609308,2868.081,4.079,-0.119,0.0,331.883,14.080000000000002,2.261,9554553.629999999,1746729.466
2024-10-23 16:32:25,52.0,37.349591759999996,-121.93606248,2872.995,4.915,0.8049999999999999,0.0,332.755,39.821999999999996,3.9479999999999995,9554548.668000001,1746725.4100000001
2024-10-23 16:32:26,52.0,37.34960911,-121.93601794000001,2877.948,4.7,-0.28500000000000003,0.0,333.714,34.053000000000004,4.2,9554543.92,1746723.4
2024-10-23 16:32:27,52.0,37.34959202,-121.93594938999999,2884.402,6.583,1.925,0.0,334.725,70.505,4.1899999999999995,9554539.742,1746725.2259999998
2024-10-23 16:32:28,52.0,37.34957339,-121.93588169,2890.775,6.514,0.074,0.0,335.84499999999997,20.503999999999998,3.886,9554535.742,1746727.2280000001
2024-10-23 16:32:29,52.0,37.34956444,-121.9358349,2895.149,4.366,-2.226,0.0,336.68,12.447,3.194,9554532.696,1746728.171
2024-10-23 16:32:30,52.0,37.34957022,-121.93582242,2896.991,1.541,-2.9370000000000003,0.0,337.375,5.093,2.229,9554531.3,1746727.5019999999
2024-10-23 16:32:31,52.0,37.34957733,-121.93583354,2898.438,1.426,-0.15499999999999997,0.0,337.838,9.683,1.381,9554531.669,1746726.7179999999
2024-10-23 16:32:32,52.0,37.34957874,-121.93584785,2899.7889999999998,1.2630000000000001,-0.040999999999999995,0.0,338.044,3.778,0.45999999999999996,9554532.694,1746726.579
2024-10-23 16:32:33,52.0,37.34957639,-121.93585938999999,2900.875,1.043,-0.28700000000000003,0.0,338.123,4.914,0.20600000000000002,9554533.772,1746726.86
2024-10-23 16:32:34,52.0,37.34957452,-121.93587310000001,2902.1240000000003,1.2129999999999999,0.203,0.0,338.16999999999996,5.601999999999999,0.189,9554534.985,1746727.0899999999
2024-10-23 16:32:35,52.0,37.34956879,-121.93588605,2903.4700000000003,1.314,0.10200000000000001,0.0,338.219,6.111,0.20299999999999999,9554536.414,1746727.753
2024-10-23 16:32:36,52.0,37.349562119999995,-121.93590384,2905.2580000000003,1.783,0.454,0.0,338.309,11.863,0.7150000000000001,9554538.291,1746728.526
2024-10-23 16:32:37,52.0,37.34956187,-121.93592971999999,2907.591,2.3609999999999998,0.628,0.0,338.59499999999997,11.628,1.435,9554540.347,1746728.588
2024-10-23 16:32:38,52.0,37.34956531,-121.93595389,2909.781,2.1879999999999997,-0.188,0.0,338.981,7.787999999999999,1.501,9554542.007,1746728.236
2024-10-23 16:32:39,52.0,37.349569609999996,-121.93597245999999,2911.517,1.718,-0.48600000000000004,0.0,339.241,5.461,0.5660000000000001,9554543.161,1746727.7789999999
2024-10-23 16:32:40,52.0,37.349571530000006,-121.93598532000001,2912.724,1.176,-0.553,0.0,339.336,3.9799999999999995,0.269,9554544.037,1746727.579
2024-10-23 16:32:41,52.0,37.34957164,-121.93599655999999,2913.77,1.0230000000000001,-0.166,0.0,339.39,4.733,0.188,9554544.912999999,1746727.5829999999
2024-10-23 16:32:42,52.0,37.34956955,-121.93600867,2914.886,1.159,0.16299999999999998,0.0,339.438,5.164,0.22400000000000003,9554546.018000001,1746727.834
2024-10-23 16:32:43,52.0,37.34956845,-121.93601985000001,2915.913,1.044,-0.10900000000000001,0.0,339.494,4.025,0.20400000000000001,9554546.977,1746727.974
2024-10-23 16:32:44,52.0,37.349571229999995,-121.93602917999999,2916.851,0.925,-0.138,0.0,339.55,4.093,0.266,9554547.512,1746727.674
2024-10-23 16:32:45,52.0,37.34958054,-121.93603125,2918.0510000000004,1.176,0.248,0.0,339.62800000000004,6.475,0.47400000000000003,9554547.01,1746726.629
2024-10-23 16:32:46,52.0,37.34958993,-121.93602556,2919.322,1.218,0.131,0.0,339.819,4.412,0.8619999999999999,9554545.89,1746725.566
2024-10-23 16:32:47,52.0,37.34957999,-121.93602633,2920.785,1.351,0.007999999999999985,0.0,340.033,15.088999999999999,1.262,9554546.664,1746726.685
2024-10-23 16:32:48,52.0,37.34955704,-121.93602068,2923.618,2.98,1.719,0.0,340.432,22.247999999999998,1.698,9554547.858,1746729.258
2024-10-23 16:32:49,52.0,37.34953659,-121.93600183000001,2926.516,3.005,0.07699999999999999,0.0,340.86800000000005,9.015,1.541,9554547.834,1746731.5320000001
2024-10-23 16:32:50,52.0,37.34953546,-121.93598525,2928.2830000000004,1.6169999999999998,-1.518,0.0,341.18,4.632,0.893,9554546.609000001,1746731.636
2024-10-23 16:32:51,52.0,37.34954571,-121.93597884,2929.647,1.3530000000000002,-0.257,0.0,341.31,5.6259999999999994,0.302,9554545.372,1746730.475
2024-10-23 16:32:52,52.0,37.349556209999996,-121.93598176999998,2930.912,1.244,-0.091,0.0,341.371,5.582,0.24500000000000002,9554544.851,1746729.298
2024-10-23 16:32:53,52.0,37.3495643,-121.93599377999999,2932.358,1.432,0.192,0.0,341.44300000000004,6.839,0.301,9554545.222,1746728.4039999999
2024-10-23 16:32:54,52.0,37.34956934,-121.93601029999999,2933.938,1.5630000000000002,0.139,0.0,341.51599999999996,7.253,0.309,9554546.16,1746727.861
2024-10-23 16:32:55,52.0,37.349573480000004,-121.93603146000001,2935.8779999999997,1.936,0.35100000000000003,0.0,341.625,12.186,0.718,9554547.531,1746727.423
2024-10-23 16:32:56,52.0,37.34957652,-121.93606038,2938.4809999999998,2.619,0.712,0.0,341.887,15.872,1.282,9554549.592,1746727.122
2024-10-23 16:32:57,52.0,37.349577,-121.93609371,2941.4559999999997,2.9850000000000003,0.37,0.0,342.22799999999995,14.258000000000001,1.378,9554552.183,1746727.113
2024-10-23 16:32:58,52.0,37.34957644,-121.93612656,2944.382,2.929,-0.05500000000000001,0.0,342.58299999999997,10.995000000000001,1.525,9554554.809999999,1746727.2219999998
2024-10-23 16:32:59,52.0,37.34957908,-121.93615439,2946.906,2.4859999999999998,-0.453,0.0,342.973,8.011,1.457,9554556.816,1746726.9640000002
2024-10-23 16:33:00,52.0,37.34959247,-121.93617121,2949.259,2.289,-0.263,0.0,343.287,13.328,1.3699999999999999,9554557.182,1746725.48
2024-10-23 16:33:01,52.0,37.34962414,-121.93615849,2953.2169999999996,4.029,1.737,0.0,343.825,57.833000000000006,2.766,9554553.917,1746721.9
2024-10-23 16:33:02,52.0,37.34965646,-121.93611762999998,2958.442,5.318,1.519,0.0,344.605,25.829,3.3340000000000005,9554548.389,1746718.211
2024-10-23 16:33:03,52.0,37.349657029999996,-121.93607873,2962.225,3.5799999999999996,-1.9780000000000002,0.0,345.305,19.021,2.612,9554545.286,1746718.0929999999
2024-10-23 16:33:04,52.0,37.34964657,-121.93602508,2967.243,4.970000000000001,1.3880000000000001,0.0,346.22200000000004,54.685,4.721,9554541.806,1746719.196
2024-10-23 16:33:05,52.0,37.34964576,-121.93596539,2972.693,5.497,0.765,0.0,347.45300000000003,28.165999999999997,4.177,9554537.161,1746719.204
2024-10-23 16:33:06,52.0,37.34962405,-121.9359476,2976.183,3.344,-2.384,0.0,348.094,13.040000000000001,1.611,9554537.313,1746721.6230000001
2024-10-23 16:33:07,52.0,37.349596399999996,-121.93595878,2979.472,3.3480000000000003,0.05600000000000001,0.0,348.51,14.1,1.759,9554540.169,1746724.7449999999
2024-10-23 16:33:08,52.0,37.34957443,-121.93597270000001,2982.241,2.7310000000000003,-0.5860000000000001,0.0,348.886,7.555,1.228,9554542.834999999,1746727.238
2024-10-23 16:33:09,52.0,37.34956245,-121.93599046,2984.341,2.069,-0.6900000000000001,0.0,349.224,6.304,1.351,9554545.09,1746728.609
2024-10-23 16:33:10,52.0,37.349557829999995,-121.93600792,2986.0119999999997,1.596,-0.469,0.0,349.43600000000004,5.867,0.389,9554546.797,1746729.1509999998
2024-10-23 16:33:11,52.0,37.34955891,-121.9360247,2987.529,1.4929999999999999,-0.091,0.0,349.511,6.371,0.29900000000000004,9554548.040000001,1746729.054
2024-10-23 16:33:12,52.0,37.34956249,-121.93604095,2989.0299999999997,1.472,-0.027000000000000003,0.0,349.591,6.686,0.298,9554549.065000001,1746728.673
2024-10-23 16:33:13,52.0,37.349566550000006,-121.93605785,2990.601,1.541,0.071,0.0,349.65999999999997,6.789,0.274,9554550.106,1746728.2399999998
2024-10-23 16:33:14,52.0,37.34956889,-121.93607486,2992.144,1.527,-0.019,0.0,349.73,6.745,0.294,9554551.278,1746728.0
2024-10-23 16:33:15,52.0,37.34956745,-121.93609194999999,2993.693,1.524,-0.014000000000000002,0.0,349.806,7.0760000000000005,0.48900000000000005,9554552.727,1746728.1870000002
2024-10-23 16:33:16,52.0,37.34955653,-121.93611421,2996.06,2.4,0.873,0.0,350.053,19.736,1.405,9554555.26,1746729.443
2024-10-23 16:33:17,52.0,37.3495339,-121.93613582,2999.255,3.215,0.866,0.0,350.438,18.815,1.61,9554558.58,1746732.019
2024-10-23 16:33:18,52.0,37.34951221,-121.93616501,3002.875,3.595,0.361,0.0,350.864,18.199,1.8379999999999999,9554562.431,1746734.4990000003
2024-10-23 16:33:19,52.0,37.34950015,-121.93620193,3006.455,3.5740000000000003,-0.016999999999999998,0.0,351.326,13.450999999999999,1.812,9554566.199,1746735.905
2024-10-23 16:33:20,52.0,37.34949234,-121.93623631999999,3009.654,3.18,-0.392,0.0,351.775,9.977,1.823,9554569.466,1746736.829
2024-10-23 16:33:21,52.0,37.349485550000004,-121.93626064,3011.98,2.241,-0.9460000000000001,0.0,352.235,5.358,1.549,9554571.864,1746737.6269999999
2024-10-23 16:33:22,52.0,37.34947712,-121.93627337999999,3013.474,1.3900000000000001,-0.8859999999999999,0.0,352.447,4.407,0.333,9554573.471,1746738.5919999997
2024-10-23 16:33:23,52.0,37.349469570000004,-121.93628097999999,3014.573,1.03,-0.34500000000000003,0.0,352.519,3.9619999999999997,0.278,9554574.61,1746739.45
2024-10-23 16:33:24,52.0,37.34946198,-121.93627774,3015.764,1.108,0.045,0.0,352.614,6.545,0.735,9554574.897,1746740.302
2024-10-23 16:33:25,52.0,37.34946212,-121.93625118,3018.214,2.536,1.438,0.0,352.879,29.064,1.288,9554572.796,1746740.2480000001
2024-10-23 16:33:26,52.0,37.3494748,-121.93621160000001,3022.034,3.97,1.506,0.0,353.264,27.852999999999998,1.741,9554568.773,1746738.768
2024-10-23 16:33:27,52.0,37.34949672,-121.93617031000001,3026.453,4.43,0.445,0.0,353.739,20.688,2.084,9554563.955,1746736.246
2024-10-23 16:33:28,52.0,37.34952088,-121.93613295,3030.728,4.215,-0.21800000000000003,0.0,354.314,13.729,2.491,9554559.286,1746733.477
2024-10-23 16:33:29,52.0,37.34953734,-121.93610428,3033.921,3.143,-1.072,0.0,354.881,6.859999999999999,1.7730000000000001,9554555.849000001,1746731.5890000002
2024-10-23 16:33:30,52.0,37.349537680000005,-121.93608624999999,3035.7079999999996,1.6649999999999998,-1.5310000000000001,0.0,355.166,4.668,0.5389999999999999,9554554.406,1746731.526
2024-10-23 16:33:31,52.0,37.34953125,-121.93607397999999,3037.028,1.3,-0.35,0.0,355.255,4.9,0.273,9554553.898,1746732.232
2024-10-23 16:33:32,52.0,37.34952569,-121.93606716,3037.924,0.8380000000000001,-0.44699999999999995,0.0,355.307,2.8489999999999998,0.176,9554553.759,1746732.8460000001
2024-10-23 16:33:33,52.0,37.34952225,-121.93606746,3038.458,0.403,-0.465,0.0,355.347,1.4929999999999999,0.155,9554554.028,1746733.234
2024-10-23 16:33:34,52.0,37.34952337,-121.93607588,3039.257,0.805,0.376,0.0,355.396,5.784,0.354,9554554.612,1746733.1190000002
2024-10-23 16:33:35,52.0,37.349522709999995,-121.93608993000001,3040.516,1.3,0.584,0.0,355.519,5.511,0.41900000000000004,9554555.765,1746733.2140000002
2024-10-23 16:33:36,52.0,37.34952149,-121.93610278999999,3041.675,1.159,-0.177,0.0,355.59000000000003,4.779999999999999,0.23700000000000002,9554556.866,1746733.368
2024-10-23 16:33:37,52.0,37.349520410000004,-121.93611466,3042.75,1.056,-0.11000000000000001,0.0,355.645,4.357,0.22199999999999998,9554557.877,1746733.507
2024-10-23 16:33:38,52.0,37.3495203,-121.93612633999999,3043.816,1.0550000000000002,0.004000000000000002,0.0,355.701,4.582,0.227,9554558.806,1746733.537
2024-10-23 16:33:39,52.0,37.34951986,-121.93613685,3044.773,0.954,-0.098,0.0,355.754,3.8869999999999996,0.177,9554559.662999999,1746733.5990000002
2024-10-23 16:33:40,52.0,37.34951747,-121.93614725,3045.7619999999997,0.9790000000000001,0.008000000000000002,0.0,355.796,4.789,0.195,9554560.653,1746733.882
2024-10-23 16:33:41,52.0,37.34950979,-121.93615853000001,3047.117,1.3619999999999999,0.398,0.0,355.864,7.49,0.41600000000000004,9554562.092,1746734.7600000002
2024-10-23 16:33:42,52.0,37.34950009,-121.93616870000001,3048.535,1.392,0.044,0.0,355.971,5.383,0.301,9554563.587000001,1746735.866
2024-10-23 16:33:43,52.0,37.34948998,-121.93617752999998,3049.911,1.357,-0.05600000000000001,0.0,356.036,5.984,0.248,9554565.004,1746737.015
2024-10-23 16:33:44,52.0,37.34947819,-121.93618744999999,3051.509,1.582,0.199,0.0,356.101,9.858,0.46399999999999997,9554566.627,1746738.355
2024-10-23 16:33:45,52.0,37.34945945,-121.93619733,3053.79,2.311,0.768,0.0,356.318,13.353,1.119,9554568.743999999,1746740.475
2024-10-23 16:33:46,52.0,37.34943736,-121.93620805999998,3056.457,2.6310000000000002,0.3,0.0,356.608,15.366999999999999,1.161,9554571.168000001,1746742.975
2024-10-23 16:33:47,52.0,37.34940787,-121.93621929000001,3059.913,3.46,0.827,0.0,356.93,24.813,1.802,9554574.159,1746746.3059999999
2024-10-23 16:33:48,52.0,37.34938427,-121.93623293,3062.85,2.959,-0.378,0.0,357.491,9.711,1.732,9554576.921,1746748.98
2024-10-23 16:33:49,52.0,37.34937883,-121.9362272,3064.0350000000003,1.036,-2.1239999999999997,0.0,357.66999999999996,3.4810000000000003,0.258,9554576.858,1746749.584
2024-10-23 16:33:50,52.0,37.349381570000006,-121.93621594999999,3065.108,1.0130000000000001,0.039999999999999994,0.0,357.725,4.46,0.223,9554575.776,1746749.2600000002
2024-10-23 16:33:51,52.0,37.34938429,-121.93620518,3066.138,0.9189999999999999,-0.05900000000000001,0.0,357.78200000000004,3.6730000000000005,0.23199999999999998,9554574.733,1746748.939
2024-10-23 16:33:52,52.0,37.34938593,-121.93619739,3066.879,0.702,-0.24,0.0,357.832,2.831,0.137,9554574.003,1746748.743
2024-10-23 16:33:53,52.0,37.349385940000005,-121.9361938,3067.319,0.402,-0.301,0.0,357.86400000000003,1.41,0.17200000000000001,9554573.716,1746748.7370000002
2024-10-23 16:33:54,52.0,37.34938905,-121.93618738,3068.118,0.6639999999999999,0.21600000000000003,0.0,357.952,5.74,0.629,9554572.989999998,1746748.378
2024-10-23 16:33:55,52.0,37.349397929999995,-121.93616864,3070.076,2.041,1.4529999999999998,0.0,358.16700000000003,15.403,1.036,9554570.879999999,1746747.356
2024-10-23 16:33:56,52.0,37.34940656,-121.93614195,3072.648,2.5919999999999996,0.5780000000000001,0.0,358.477,12.636,1.3599999999999999,9554568.162,1746746.3469999998
2024-10-23 16:33:57,52.0,37.349416989999995,-121.93610956,3075.766,3.068,0.417,0.0,358.82,23.352,1.558,9554564.865,1746745.1300000001
2024-10-23 16:33:58,52.0,37.34942744,-121.93607198,3079.313,3.563,0.5660000000000001,0.0,359.261,13.753,1.762,9554561.159,1746743.9039999999
2024-10-23 16:33:59,52.0,37.34943781,-121.93604076,3082.343,2.997,-0.609,0.0,359.66700000000003,9.279,1.449,9554557.958,1746742.693
2024-10-23 16:34:00,52.0,37.349451900000005,-121.93602108,3084.772,2.4330000000000003,-0.556,0.0,359.985,7.212000000000001,1.074,9554555.400999999,1746741.082
2024-10-23 16:34:01,52.0,37.34946837,-121.93602492,3086.856,2.052,-0.42699999999999994,0.0,360.192,10.221,0.8240000000000001,9554554.526999999,1746739.236
2024-10-23 16:34:02,52.0,37.34948269,-121.93604396999999,3089.221,2.387,0.366,0.0,360.457,12.217,1.2349999999999999,9554555.003999999,1746737.652
2024-10-23 16:34:03,52.0,37.34949329,-121.93607051,3091.8779999999997,2.6,0.21800000000000003,0.0,360.79900000000004,12.472,1.403,9554556.336,1746736.4949999999
2024-10-23 16:34:04,52.0,37.34949863,-121.93610172000001,3094.742,2.7760000000000002,0.16999999999999998,0.0,361.136,13.528,1.407,9554558.414,1746735.9379999998
2024-10-23 16:34:05,52.0,37.34949855,-121.93613314,3097.555,2.784,0.025,0.0,361.508,10.507000000000001,1.452,9554560.895,1746735.9899999998
2024-10-23 16:34:06,52.0,37.34950345,-121.93615906,3099.969,2.415,-0.388,0.0,361.868,8.623000000000001,1.484,9554562.588,1746735.475
2024-10-23 16:34:07,52.0,37.34951638,-121.93617429999999,3102.028,2.065,-0.349,0.0,362.211,7.269,1.28,9554562.862,1746734.041
2024-10-23 16:34:08,52.0,37.34952997,-121.93618352000001,3103.778,1.7429999999999999,-0.32399999999999995,0.0,362.52799999999996,6.525,1.002,9554562.617,1746732.525
2024-10-23 16:34:09,52.0,37.34953959,-121.93619884,3105.553,1.786,0.020999999999999998,0.0,362.682,9.596,0.5650000000000001,9554563.136,1746731.463
2024-10-23 16:34:10,52.0,37.34954925,-121.93621621,3107.537,1.984,0.24300000000000002,0.0,362.938,8.225,1.334,9554563.814,1746730.4039999999
2024-10-23 16:34:11,52.0,37.34956555,-121.93621365999999,3109.6369999999997,2.0309999999999997,0.004999999999999999,0.0,363.243,11.27,1.1300000000000001,9554562.449,1746728.566
2024-10-23 16:34:12,52.0,37.34958088,-121.93619298000002,3112.191,2.584,0.5890000000000001,0.0,363.559,13.756,1.5550000000000002,9554559.724,1746726.814
2024-10-23 16:34:13,52.0,37.34958496,-121.93616984,3114.4939999999997,2.242,-0.327,0.0,363.957,6.411,1.283,9554557.61,1746726.322
2024-10-23 16:34:14,52.0,37.34957536,-121.9361615,3115.995,1.403,-0.857,0.0,364.23699999999997,3.6740000000000004,1.109,9554557.64,1746727.39
2024-10-23 16:34:15,52.0,37.34957,-121.93616231000001,3116.719,0.632,-0.825,0.0,364.44,2.64,0.392,9554558.089,1746727.9949999999
2024-10-23 16:34:16,52.0,37.34956695,-121.93617116,3117.621,0.906,0.312,0.0,364.494,4.415,0.198,9554559.002,1746728.35
2024-10-23 16:34:17,52.0,37.34956302,-121.93617784,3118.48,0.8130000000000001,-0.067,0.0,364.54499999999996,3.0309999999999997,0.17099999999999999,9554559.809,1746728.8010000002
2024-10-23 16:34:18,52.0,37.34955591,-121.93617621000001,3119.331,0.827,-0.034,0.0,364.585,4.548,0.181,9554560.187,1746729.599
2024-10-23 16:34:19,52.0,37.34954745,-121.9361705,3120.447,1.1030000000000002,0.314,0.0,364.632,4.953,0.188,9554560.342,1746730.543
2024-10-23 16:34:20,52.0,37.349537500000004,-121.93616562,3121.6510000000003,1.209,0.094,0.0,364.681,5.813000000000001,0.22800000000000004,9554560.67,1746731.6539999999
2024-10-23 16:34:21,52.0,37.349526839999996,-121.93616096000001,3122.917,1.283,0.08199999999999999,0.0,364.73900000000003,5.445,0.201,9554561.065000001,1746732.8469999998
2024-10-23 16:34:22,52.0,37.34951644,-121.93615827,3124.1099999999997,1.2,-0.088,0.0,364.788,4.963,0.22400000000000003,9554561.595,1746734.0129999998
2024-10-23 16:34:23,52.0,37.34950748,-121.93615574,3125.161,1.0219999999999998,-0.179,0.0,364.852,3.957,0.258,9554562.036,1746735.018
2024-10-23 16:34:24,52.0,37.34950363,-121.93614910000001,3126.0240000000003,0.8220000000000001,-0.213,0.0,364.916,3.275,0.23700000000000002,9554561.789,1746735.441
2024-10-23 16:34:25,52.0,37.34950258,-121.93614313999998,3126.606,0.5810000000000001,-0.23199999999999998,0.0,364.961,2.1870000000000003,0.135,9554561.394,1746735.55
2024-10-23 16:34:26,52.0,37.349498849999996,-121.93614262999999,3127.14,0.47000000000000003,-0.149,0.0,364.994,2.678,0.151,9554561.621000001,1746735.9710000001
2024-10-23 16:34:27,52.0,37.34949114,-121.9361469,3128.151,0.998,0.575,0.0,365.05,4.975,0.27999999999999997,9554562.51,1746736.8429999999
2024-10-23 16:34:28,52.0,37.34948599,-121.93613681,3129.447,1.19,0.14500000000000002,0.0,365.145,8.915000000000001,0.626,9554562.079,1746737.4070000001
2024-10-23 16:34:29,52.0,37.34948206,-121.93611304000001,3131.625,2.223,1.105,0.0,365.366,12.907,1.049,9554560.491,1746737.818
2024-10-23 16:34:30,52.0,37.349487319999994,-121.93609506,3133.654,1.873,-0.274,0.0,365.731,6.220000000000001,1.9630000000000003,9554558.698,1746737.201
2024-10-23 16:34:31,52.0,37.349486639999995,-121.93607318,3136.123,2.034,-0.10500000000000002,0.0,366.23699999999997,41.578,2.0420000000000003,9554557.022,1746737.247
2024-10-23 16:34:32,52.0,37.349476349999996,-121.9360172,3141.225,5.220000000000001,3.404,0.0,366.756,63.867,2.0940000000000003,9554553.35,1746738.327
2024-10-23 16:34:33,52.0,37.349473010000004,-121.93594506,3147.697,6.4959999999999996,1.285,0.0,367.363,44.073,2.787,9554547.906,1746738.6039999998
2024-10-23 16:34:34,52.0,37.34949429,-121.93588313000001,3153.9900000000002,6.137,-0.368,0.0,368.233,15.765,4.532,9554541.508,1746736.1260000002
2024-10-23 16:34:35,52.0,37.34953179,-121.93587109,3158.634,4.576,-1.607,0.0,369.231,10.565999999999999,2.59,9554537.878,1746731.891
2024-10-23 16:34:36,52.0,37.34955406,-121.93587522,3161.152,2.398,-2.216,0.0,369.728,5.718999999999999,1.5859999999999999,9554536.613,1746729.3920000002
2024-10-23 16:34:37,52.0,37.34955744,-121.93587212,3162.4669999999996,0.9879999999999999,-1.533,0.0,370.02200000000005,5.267,0.877,9554536.126,1746729.008
2024-10-23 16:34:38,52.0,37.34953685,-121.93587784000002,3165.105,2.581,1.6600000000000001,0.0,370.287,31.405,1.476,9554538.049,1746731.332
2024-10-23 16:34:39,52.0,37.34950698,-121.93590142000001,3169.098,4.0409999999999995,1.5779999999999998,0.0,370.723,28.68,1.9919999999999998,9554542.041,1746734.723
2024-10-23 16:34:40,52.0,37.34947481,-121.9359195,3173.066,4.0200000000000005,0.03600000000000001,0.0,371.322,12.651,2.647,9554545.763,1746738.367
2024-10-23 16:34:41,52.0,37.34946694,-121.93593501999999,3174.956,1.775,-2.384,0.0,371.759,5.617,0.561,9554547.548,1746739.2710000002
2024-10-23 16:34:42,52.0,37.3494737,-121.93594637999999,3176.2599999999998,1.33,-0.48200000000000004,0.0,371.83000000000004,6.781999999999999,0.303,9554547.961,1746738.5280000002
2024-10-23 16:34:43,52.0,37.34948233,-121.93595900999999,3177.752,1.5150000000000001,0.27599999999999997,0.0,371.908,6.781999999999999,0.324,9554548.339,1746737.5739999998
2024-10-23 16:34:44,52.0,37.34948862,-121.93597345,3179.2259999999997,1.468,-0.062,0.0,371.985,6.218999999999999,0.28700000000000003,9554549.028,1746736.8879999998
2024-10-23 16:34:45,52.0,37.34949497,-121.9359868,3180.618,1.381,-0.092,0.0,372.048,5.686999999999999,0.22000000000000003,9554549.624,1746736.1920000003
2024-10-23 16:34:46,52.0,37.349502740000005,-121.93599845000001,3181.972,1.356,-0.022,0.0,372.10299999999995,5.785,0.209,9554549.985,1746735.3329999999
2024-10-23 16:34:47,52.0,37.34951229,-121.93600724999999,3183.387,1.374,0.009999999999999998,0.0,372.177,6.879,0.536,9554549.999,1746734.2740000002
2024-10-23 16:34:48,52.0,37.3495319,-121.93599311,3186.121,2.7190000000000003,1.301,0.0,372.395,36.111000000000004,1.287,9554547.482,1746732.0469999998
2024-10-23 16:34:49,52.0,37.34956169,-121.93596520999999,3190.282,4.252000000000001,1.7,0.0,372.85299999999995,23.225,2.359,9554543.156,1746728.6600000001
2024-10-23 16:34:50,52.0,37.34957316,-121.93595939,3192.6580000000004,1.8739999999999999,-2.558,0.0,373.339,13.969999999999999,1.133,9554541.877,1746727.3620000002
2024-10-23 16:34:51,52.0,37.34955134,-121.93597167,3195.338,2.887,0.9359999999999999,0.0,373.604,35.042,1.351,9554544.404000001,1746729.8329999999
2024-10-23 16:34:52,52.0,37.34952263,-121.93598336,3198.715,3.4259999999999997,0.8109999999999999,0.0,373.983,11.485,1.891,9554547.375,1746733.0760000001
2024-10-23 16:34:53,52.0,37.34952313,-121.93598715,3201.165,1.7990000000000002,-2.032,0.0,374.613,32.489999999999995,2.618,9554547.638,1746733.025
2024-10-23 16:34:54,52.0,37.34956151,-121.93598033,3205.5060000000003,4.562,3.011,0.0,375.214,56.69500000000001,2.588,9554544.36,1746728.7
2024-10-23 16:34:55,52.0,37.34960237,-121.93596457999999,3210.294,4.796,0.384,0.0,375.92600000000004,13.728,2.559,9554540.201000001,1746724.083
2024-10-23 16:34:56,52.0,37.349626380000004,-121.93594863999999,3213.339,3.0,-1.8679999999999999,0.0,376.49,7.583,1.927,9554537.229,1746721.36
2024-10-23 16:34:57,52.0,37.34963209,-121.93595192000001,3214.4139999999998,0.89,-2.257,0.0,376.731,3.684,0.327,9554537.078,1746720.724
2024-10-23 16:34:58,52.0,37.34963085,-121.93596210000001,3215.374,1.009,0.20299999999999999,0.0,376.81,4.593,0.24100000000000002,9554537.967,1746720.8769999999
2024-10-23 16:34:59,52.0,37.34962931,-121.93597423000001,3216.4919999999997,1.0870000000000002,0.085,0.0,376.853,6.061,0.231,9554539.035,1746721.068
2024-10-23 16:35:00,52.0,37.34962603,-121.93599413,3218.31,1.8539999999999999,0.786,0.0,376.97200000000004,11.776,0.9480000000000001,9554540.836,1746721.462
2024-10-23 16:35:01,52.0,37.34962328,-121.93601573999999,3220.269,1.9969999999999999,0.183,0.0,377.321,7.251,1.463,9554542.735,1746721.803
2024-10-23 16:35:02,52.0,37.34962102,-121.93602596999999,3221.227,0.915,-1.125,0.0,377.571,2.192,0.42699999999999994,9554543.702,1746722.0690000001
2024-10-23 16:35:03,52.0,37.34961982,-121.93602581,3221.611,0.209,-0.747,0.0,377.615,0.8470000000000001,0.133,9554543.774,1746722.202
2024-10-23 16:35:04,52.0,37.349618129999996,-121.93603279999999,3222.356,0.693,0.48600000000000004,0.0,377.65999999999997,4.64,0.20800000000000002,9554544.445999999,1746722.405
2024-10-23 16:35:05,52.0,37.34961428,-121.93604604,3223.6310000000003,1.3199999999999998,0.6679999999999999,0.0,377.716,7.066,0.255,9554545.764,1746722.8539999998
2024-10-23 16:35:06,52.0,37.34960807,-121.93606078,3225.123,1.501,0.178,0.0,377.782,6.6049999999999995,0.254,9554547.367999999,1746723.5760000001
2024-10-23 16:35:07,52.0,37.34960099,-121.93607534,3226.641,1.504,-0.007000000000000001,0.0,377.847,6.554,0.265,9554549.022999998,1746724.3879999998
2024-10-23 16:35:08,52.0,37.34959326,-121.93608884,3228.123,1.468,-0.036,0.0,377.912,6.197,0.257,9554550.637,1746725.2789999999
2024-10-23 16:35:09,52.0,37.3495846,-121.93610002999999,3229.526,1.385,-0.08,0.0,377.978,5.6899999999999995,0.29500000000000004,9554552.137,1746726.2670000002
2024-10-23 16:35:10,52.0,37.349571790000006,-121.93610432,3231.072,1.454,0.036,0.0,378.09499999999997,7.851000000000001,0.714,9554553.39,1746727.713
2024-10-23 16:35:11,52.0,37.349554319999996,-121.93609707,3233.177,2.052,0.628,0.0,378.368,11.977,1.495,9554554.067,1746729.6670000001
2024-10-23 16:35:12,52.0,37.34954251,-121.93608028999999,3235.2529999999997,2.0629999999999997,0.03200000000000001,0.0,378.731,7.534000000000001,1.158,9554553.59,1746730.973
2024-10-23 16:35:13,52.0,37.34953624,-121.93606312,3236.959,1.656,-0.434,0.0,378.94,5.7219999999999995,0.679,9554552.686,1746731.6539999999
2024-10-23 16:35:14,52.0,37.349525619999994,-121.93605322,3238.517,1.508,-0.156,0.0,379.14099999999996,6.478,0.858,9554552.664,1746732.838
2024-10-23 16:35:15,52.0,37.34951377,-121.93604998999999,3239.9010000000003,1.333,-0.158,0.0,379.32599999999996,5.271,0.501,9554553.259,1746734.164
2024-10-23 16:35:16,52.0,37.34949987,-121.93605483000002,3241.5389999999998,1.6480000000000001,0.28500000000000003,0.0,379.421,10.292,0.5980000000000001,9554554.631000001,1746735.734
2024-10-23 16:35:17,52.0,37.34948458,-121.93607033999999,3243.7599999999998,2.254,0.657,0.0,379.678,11.911,1.373,9554556.945,1746737.475
2024-10-23 16:35:18,52.0,37.34947137,-121.93608741999999,3245.8959999999997,2.1049999999999995,-0.16299999999999998,0.0,380.029,7.698,1.2449999999999999,9554559.236,1746738.984
2024-10-23 16:35:19,52.0,37.34945408,-121.93609176,3248.116,2.13,-0.028000000000000008,0.0,380.339,12.265,1.309,9554560.813,1746740.9329999997
2024-10-23 16:35:20,52.0,37.34943753,-121.93606875,3251.029,2.949,0.8619999999999999,0.0,380.654,19.831,1.313,9554560.184,1746742.7629999998
2024-10-23 16:35:21,52.0,37.34943249,-121.93603273,3254.3579999999997,3.321,0.41100000000000003,0.0,381.029,14.413999999999998,1.655,9554557.706999999,1746743.2820000001
2024-10-23 16:35:22,52.0,37.34943718,-121.93600395000001,3257.016,2.647,-0.675,0.0,381.434,6.3759999999999994,1.458,9554555.103,1746742.7140000002
2024-10-23 16:35:23,52.0,37.34944546,-121.93599772,3258.398,1.217,-1.5050000000000001,0.0,381.727,3.691,0.718,9554554.022,1746741.7739999997
2024-10-23 16:35:24,52.0,37.34945137,-121.93600661,3259.4849999999997,1.075,-0.145,0.0,381.819,5.01,0.24500000000000002,9554554.298999999,1746741.121
2024-10-23 16:35:25,52.0,37.34945476,-121.93602051,3260.7920000000004,1.306,0.257,0.0,381.874,6.995,0.273,9554555.154000001,1746740.7600000002
2024-10-23 16:35:26,52.0,37.349459790000004,-121.93604005,3262.618,1.828,0.528,0.0,381.993,11.043000000000001,0.85,9554556.331,1746740.2210000001
2024-10-23 16:35:27,52.0,37.349468200000004,-121.93606209,3264.803,2.222,0.429,0.0,382.306,10.068,1.44,9554557.468,1746739.3059999999
2024-10-23 16:35:28,52.0,37.349482280000004,-121.93607783,3267.0209999999997,2.163,-0.10600000000000001,0.0,382.623,10.674,1.1400000000000001,9554557.7,1746737.7440000002
2024-10-23 16:35:29,52.0,37.34950519,-121.93608228000001,3269.634,2.6399999999999997,0.495,0.0,382.952,14.656,1.439,9554556.414,1746735.1739999999
2024-10-23 16:35:30,52.0,37.34953425,-121.9360795,3272.942,3.289,0.627,0.0,383.29200000000003,26.427999999999997,1.3960000000000001,9554554.118999999,1746731.902
2024-10-23 16:35:31,52.0,37.34957231,-121.93607048999999,3277.3190000000004,4.4079999999999995,1.173,0.0,383.767,28.421,2.698,9554550.689,1746727.609
2024-10-23 16:35:32,52.0,37.3495951,-121.93608291999999,3280.843,3.196,-1.168,0.0,384.473,11.184999999999999,2.064,9554550.037,1746725.0629999998
2024-10-23 16:35:33,52.0,37.34957161,-121.93610183999999,3284.251,3.3920000000000003,-0.025,0.0,384.864,46.617000000000004,1.7,9554553.209999999,1746727.732
2024-10-23 16:35:34,52.0,37.34952651,-121.93611055000001,3289.3589999999995,5.199,2.001,0.0,385.364,42.832,2.3129999999999997,9554557.118,1746732.8129999998
2024-10-23 16:35:35,52.0,37.34947436,-121.93612576999999,3295.38,6.069,0.852,0.0,385.995,36.082,2.691,9554562.042,1746738.702
2024-10-23 16:35:36,52.0,37.34943184,-121.93615842,3300.976,5.6530000000000005,-0.382,0.0,386.693,13.584999999999999,3.007,9554567.653,1746743.527
2024-10-23 16:35:37,52.0,37.34941045,-121.93618124,3304.1349999999998,3.219,-2.449,0.0,387.471,12.512,2.184,9554570.978,1746745.9640000002
2024-10-23 16:35:38,52.0,37.34940374,-121.93618217000001,3305.165,0.882,-2.5149999999999997,0.0,387.683,2.996,0.254,9554571.531,1746746.719
2024-10-23 16:35:39,52.0,37.349400679999995,-121.93617148999999,3306.207,1.081,0.28700000000000003,0.0,387.732,5.6370000000000005,0.193,9554570.908,1746747.05
2024-10-23 16:35:40,52.0,37.34940074,-121.9361578,3307.44,1.215,0.18,0.0,387.78200000000004,5.552,0.21400000000000002,9554569.825,1746747.0240000002
2024-10-23 16:35:41,52.0,37.349404119999996,-121.93614376999999,3308.757,1.274,0.053000000000000005,0.0,387.842,5.430000000000001,0.236,9554568.48,1746746.625
2024-10-23 16:35:42,52.0,37.3494091,-121.93613241999999,3309.929,1.131,-0.14300000000000002,0.0,387.902,4.512,0.253,9554567.23,1746746.0489999999
2024-10-23 16:35:43,52.0,37.3494126,-121.93612085,3311.0629999999996,1.1039999999999999,-0.010999999999999996,0.0,387.96,4.656000000000001,0.202,9554566.069,1746745.637
2024-10-23 16:35:44,52.0,37.34941284,-121.93611082,3311.9730000000004,0.843,-0.28900000000000003,0.0,388.00699999999995,3.718,0.172,9554565.261,1746745.598
2024-10-23 16:35:45,52.0,37.3494142,-121.93610054999999,3312.924,0.897,0.05700000000000001,0.0,388.05100000000004,3.9799999999999995,0.186,9554564.356,1746745.4309999999
2024-10-23 16:35:46,52.0,37.349413729999995,-121.93609059,3313.843,0.881,-0.006,0.0,388.097,3.561,0.193,9554563.603,1746745.4710000001
2024-10-23 16:35:47,52.0,37.34941475,-121.93608508,3314.458,0.534,-0.366,0.0,388.15500000000003,1.9759999999999998,0.229,9554563.098000001,1746745.348
2024-10-23 16:35:48,52.0,37.349418830000005,-121.936087,3315.0339999999997,0.616,0.077,0.0,388.204,2.88,0.196,9554562.956,1746744.8920000002
2024-10-23 16:35:49,52.0,37.34942314,-121.93608881,3315.578,0.595,0.001999999999999999,0.0,388.248,2.479,0.126,9554562.791,1746744.4109999998
2024-10-23 16:35:50,52.0,37.34942696,-121.93608975,3316.0559999999996,0.472,-0.122,0.0,388.271,1.8800000000000001,0.077,9554562.59,1746743.981
2024-10-23 16:35:51,52.0,37.34942767,-121.93608938,3316.1699999999996,0.087,-0.4,0.0,388.287,0.321,0.05,9554562.511,1746743.901
2024-10-23 16:35:52,52.0,37.34942619,-121.9360899,3316.1699999999996,0.007000000000000001,-0.084,0.0,388.296,0.034999999999999996,0.063,9554562.661,1746744.0690000001
2024-10-23 16:35:53,52.0,37.34942883,-121.93609103000001,3316.4480000000003,0.30700000000000005,0.31100000000000005,0.0,388.321,1.6190000000000002,0.11599999999999999,9554562.559999999,1746743.773
2024-10-23 16:35:54,52.0,37.34943284,-121.93609359,3317.031,0.576,0.276,0.0,388.355,2.769,0.157,9554562.474,1746743.325
2024-10-23 16:35:55,52.0,37.34944014,-121.9360936,3317.863,0.8099999999999999,0.21800000000000003,0.0,388.395,4.131,0.199,9554561.955,1746742.5059999998
2024-10-23 16:35:56,52.0,37.34945071,-121.93609346999999,3319.0550000000003,1.193,0.39899999999999997,0.0,388.46500000000003,6.086,0.322,9554561.189,1746741.3170000003
2024-10-23 16:35:57,52.0,37.34946083,-121.93609852,3320.3059999999996,1.2550000000000001,0.067,0.0,388.536,5.276999999999999,0.238,9554560.861,1746740.185
2024-10-23 16:35:58,52.0,37.349469930000005,-121.93610538,3321.501,1.186,-0.091,0.0,388.594,5.252,0.231,9554560.754,1746739.17
2024-10-23 16:35:59,52.0,37.34948343,-121.93610801,3323.0559999999996,1.532,0.314,0.0,388.668,10.572,0.553,9554559.995000001,1746737.655
2024-10-23 16:36:00,52.0,37.34950614,-121.93610432,3325.6330000000003,2.614,1.1320000000000001,0.0,388.909,18.669999999999998,1.3050000000000002,9554558.081999999,1746735.0969999998
2024-10-23 16:36:01,52.0,37.34952759,-121.93610220000001,3328.089,2.463,-0.08099999999999999,0.0,389.289,6.486,1.4460000000000002,9554556.384,1746732.682
2024-10-23 16:36:02,52.0,37.34953827,-121.93611261999999,3329.707,1.542,-1.036,0.0,389.529,5.5329999999999995,0.49000000000000005,9554556.440000001,1746731.4949999999
2024-10-23 16:36:03,52.0,37.349542639999996,-121.93612803,3331.1770000000006,1.4629999999999999,-0.05800000000000001,0.0,389.608,6.1850000000000005,0.272,9554557.342,1746731.025
2024-10-23 16:36:04,52.0,37.349546780000004,-121.93614262000001,3332.5629999999996,1.386,-0.06999999999999999,0.0,389.665,5.92,0.211,9554558.194,1746730.579
2024-10-23 16:36:05,52.0,37.34955404,-121.93615537999999,3333.977,1.3969999999999998,0.015,0.0,389.725,6.138,0.252,9554558.68,1746729.7789999999
2024-10-23 16:36:06,52.0,37.349565999999996,-121.93616288999999,3335.517,1.511,0.10500000000000001,0.0,389.789,7.567,0.331,9554558.418000001,1746728.4449999998
2024-10-23 16:36:07,52.0,37.34958007,-121.93616492999999,3337.111,1.575,0.074,0.0,389.886,6.683,0.363,9554557.573,1746726.867
2024-10-23 16:36:08,52.0,37.34959576,-121.93616095,3338.9190000000003,1.786,0.211,0.0,390.019,9.004000000000001,0.8870000000000001,9554556.138,1746725.095
2024-10-23 16:36:09,52.0,37.34961108,-121.93614753,3341.0409999999997,2.1079999999999997,0.321,0.0,390.28200000000004,12.287,1.0870000000000002,9554553.986,1746723.356
2024-10-23 16:36:10,52.0,37.34962503,-121.93612541,3343.571,2.551,0.5,0.0,390.602,11.631,1.3800000000000001,9554551.249,1746721.7559999998
2024-10-23 16:36:11,52.0,37.34963082,-121.93611367999999,3344.864,1.17,-1.386,0.0,390.837,2.7809999999999997,0.5589999999999999,9554549.91,1746721.087
2024-10-23 16:36:12,52.0,37.34963399,-121.93610274,3346.0339999999997,0.984,-0.321,0.0,390.98699999999997,8.353,0.6759999999999999,9554548.82,1746720.716
2024-10-23 16:36:13,52.0,37.349632220000004,-121.93608446,3347.722,1.725,0.858,0.0,391.174,8.533,0.8379999999999999,9554547.510000002,1746720.89
2024-10-23 16:36:14,52.0,37.349628280000005,-121.93606221,3349.8419999999996,2.159,0.38899999999999996,0.0,391.452,14.059000000000001,1.4,9554546.036,1746721.304
2024-10-23 16:36:15,52.0,37.349630330000004,-121.9360385,3352.032,2.175,0.05,0.0,391.79499999999996,7.084999999999999,1.174,9554544.023,1746721.042
2024-10-23 16:36:16,52.0,37.34961655,-121.93602351,3354.275,2.194,-0.042,0.0,392.065,13.402000000000001,1.1039999999999999,9554543.829,1746722.5699999998
2024-10-23 16:36:17,52.0,37.34959856,-121.93601840000001,3356.3940000000002,2.145,0.057999999999999996,0.0,392.331,6.263,1.168,9554544.709999999,1746724.5850000002
2024-10-23 16:36:18,52.0,37.349593979999995,-121.93600616,3357.8379999999997,1.324,-0.9540000000000001,0.0,392.66999999999996,7.186,1.486,9554544.074000001,1746725.0850000002
2024-10-23 16:36:19,52.0,37.34960093,-121.93598738,3359.761,2.018,0.8299999999999998,0.0,393.073,11.213,1.333,9554542.098000001,1746724.275
2024-10-23 16:36:20,52.0,37.34960513,-121.93598592000001,3360.407,0.5700000000000001,-1.506,0.0,393.236,1.455,0.24699999999999997,9554541.684,1746723.8010000002
2024-10-23 16:36:21,52.0,37.34960633,-121.93598795,3360.6009999999997,0.11600000000000002,-0.512,0.0,393.298,0.49800000000000005,0.229,9554541.758,1746723.6689999998
2024-10-23 16:36:22,52.0,37.349607000000006,-121.93598908000001,3360.8050000000003,0.156,0.081,0.0,393.337,0.727,0.123,9554541.797,1746723.595
2024-10-23 16:36:23,52.0,37.34961165,-121.93598870000001,3361.3599999999997,0.521,0.365,0.0,393.373,2.759,0.172,9554541.434999999,1746723.071
2024-10-23 16:36:24,52.0,37.34961398,-121.93599417,3362.083,0.678,0.16099999999999998,0.0,393.418,3.345,0.2,9554541.701000001,1746722.818
2024-10-23 16:36:25,52.0,37.34960815,-121.93600264,3363.238,1.119,0.409,0.0,393.489,7.369,0.476,9554542.784,1746723.485
2024-10-23 16:36:26,52.0,37.34959591,-121.93600965,3364.7580000000003,1.59,0.53,0.0,393.648,6.813,0.537,9554544.211,1746724.872
2024-10-23 16:36:27,52.0,37.34958691,-121.93601650999999,3365.95,1.1800000000000002,-0.441,0.0,393.725,4.061999999999999,0.188,9554545.395,1746725.893
2024-10-23 16:36:28,52.0,37.349581810000004,-121.93602321,3366.8,0.817,-0.378,0.0,393.765,2.9690000000000003,0.152,9554546.287999999,1746726.475
2024-10-23 16:36:29,52.0,37.34958222,-121.93603141000001,3367.593,0.752,-0.079,0.0,393.808,3.8520000000000003,0.182,9554546.903,1746726.44
2024-10-23 16:36:30,52.0,37.34958608,-121.93604266,3368.6979999999994,1.128,0.417,0.0,393.85,5.4990000000000006,0.151,9554547.514,1746726.023
2024-10-23 16:36:31,52.0,37.349590840000005,-121.93605413,3369.852,1.173,0.05500000000000001,0.0,393.892,4.934,0.186,9554548.076000001,1746725.503
2024-10-23 16:36:32,52.0,37.34959368,-121.93606483,3370.881,1.022,-0.16499999999999998,0.0,393.937,4.168,0.169,9554548.715,1746725.2
2024-10-23 16:36:33,52.0,37.3495972,-121.93607449999999,3371.8550000000005,0.959,-0.06,0.0,393.978,4.031000000000001,0.16599999999999998,9554549.227,1746724.816
2024-10-23 16:36:34,52.0,37.34960201,-121.93608196,3372.757,0.8619999999999999,-0.095,0.0,394.018,3.5460000000000003,0.189,9554549.470999999,1746724.287
2024-10-23 16:36:35,52.0,37.349610489999996,-121.93608118,3373.7840000000006,0.9890000000000001,0.11000000000000001,0.0,394.085,5.272,0.309,9554548.802,1746723.33
2024-10-23 16:36:36,52.0,37.34962019,-121.93607764999999,3374.932,1.157,0.186,0.0,394.159,4.88,0.264,9554547.831999999,1746722.234
2024-10-23 16:36:37,52.0,37.34963066,-121.93607749,3376.138,1.173,-0.016000000000000004,0.0,394.223,6.135,0.38,9554547.069,1746721.054
2024-10-23 16:36:38,52.0,37.34964616,-121.93606804999999,3378.114,2.0140000000000002,0.853,0.0,394.408,14.852,1.0210000000000001,9554545.22,1746719.3010000002
2024-10-23 16:36:39,52.0,37.34966156,-121.93604438,3380.888,2.799,0.8160000000000001,0.0,394.682,17.651,1.151,9554542.254999999,1746717.537
2024-10-23 16:36:40,52.0,37.34967736,-121.93601153,3384.3199999999997,3.4450000000000003,0.62,0.0,394.959,25.236,1.287,9554538.537999999,1746715.7149999999
2024-10-23 16:36:41,52.0,37.34969092,-121.93597446000001,3388.014,3.772,0.437,0.0,395.433,13.636000000000001,2.093,9554534.65,1746714.14
2024-10-23 16:36:42,52.0,37.349687349999996,-121.93595966000001,3389.7160000000003,1.6280000000000001,-2.262,0.0,395.745,5.076,0.46399999999999997,9554533.741,1746714.518
2024-10-23 16:36:43,52.0,37.34967768,-121.93596456,3390.964,1.239,-0.44399999999999995,0.0,395.817,6.24,0.23900000000000002,9554534.818,1746715.613
2024-10-23 16:36:44,52.0,37.34966858,-121.93597577999999,3392.398,1.4369999999999998,0.27799999999999997,0.0,395.87800000000004,6.643000000000001,0.24500000000000002,9554536.348000001,1746716.6530000002
2024-10-23 16:36:45,52.0,37.349658579999996,-121.93598637,3393.8650000000002,1.462,0.013000000000000001,0.0,395.945,6.435,0.274,9554537.9,1746717.791
2024-10-23 16:36:46,52.0,37.349647600000004,-121.93599529000001,3395.333,1.481,0.02,0.0,396.011,6.393,0.258,9554539.387,1746719.039
2024-10-23 16:36:47,52.0,37.34963801,-121.93600478,3396.7050000000004,1.395,-0.077,0.0,396.072,5.546,0.23199999999999998,9554540.82,1746720.132
2024-10-23 16:36:48,52.0,37.34963075,-121.93601526,3397.9590000000003,1.268,-0.129,0.0,396.125,5.274,0.198,9554542.165,1746720.961
2024-10-23 16:36:49,52.0,37.34962499,-121.93602691999999,3399.1949999999997,1.2269999999999999,-0.05500000000000001,0.0,396.175,5.504,0.194,9554543.493,1746721.6260000002
2024-10-23 16:36:50,52.0,37.34961718,-121.93603731,3400.4770000000003,1.283,0.064,0.0,396.223,5.581,0.22000000000000003,9554544.868999999,1746722.518
2024-10-23 16:36:51,52.0,37.34960941,-121.93604772,3401.7589999999996,1.2269999999999999,-0.05600000000000001,0.0,396.282,5.263,0.223,9554546.243999999,1746723.405
2024-10-23 16:36:52,52.0,37.34959978,-121.9360569,3403.1220000000003,1.347,0.121,0.0,396.337,6.4879999999999995,0.22400000000000003,9554547.654,1746724.5010000002
2024-10-23 16:36:53,52.0,37.349590590000005,-121.93606392,3404.3360000000002,1.177,-0.162,0.0,396.401,4.265,0.341,9554548.867,1746725.5440000002
2024-10-23 16:36:54,52.0,37.34958125,-121.93606188999999,3405.5029999999997,1.1300000000000001,-0.10500000000000001,0.0,396.53200000000004,6.327,0.6799999999999999,9554549.374,1746726.591
2024-10-23 16:36:55,52.0,37.34956866,-121.93605184,3407.2120000000004,1.704,0.628,0.0,396.724,8.838,0.8800000000000001,9554549.481999999,1746727.9940000002
2024-10-23 16:36:56,52.0,37.34955505,-121.93604848,3408.7889999999998,1.543,-0.13,0.0,396.937,5.146,0.649,9554550.190000001,1746729.5210000002
2024-10-23 16:36:57,52.0,37.34954835,-121.93604965,3409.661,0.77,-0.8310000000000001,0.0,397.03499999999997,2.418,0.269,9554550.76,1746730.275
2024-10-23 16:36:58,52.0,37.34955166,-121.93605763999999,3410.618,0.8779999999999999,0.07799999999999999,0.0,397.10900000000004,5.603,0.35,9554551.153,1746729.913
2024-10-23 16:36:59,52.0,37.349560159999996,-121.93607262,3412.2589999999996,1.656,0.836,0.0,397.211,9.958,0.5189999999999999,9554551.724,1746728.9789999998
2024-10-23 16:37:00,52.0,37.34957164,-121.93608935,3414.273,1.973,0.323,0.0,397.415,9.367,1.123,9554552.223,1746727.712
2024-10-23 16:37:01,52.0,37.349592,-121.93609407,3416.6879999999996,2.4259999999999997,0.433,0.0,397.7,15.012,1.123,9554551.138,1746725.4260000002
2024-10-23 16:37:02,52.0,37.3496146,-121.93609802,3419.2650000000003,2.6,0.21600000000000003,0.0,398.029,9.665000000000001,1.6,9554549.837000001,1746722.89
2024-10-23 16:37:03,52.0,37.349629070000006,-121.93610742000001,3421.119,1.8059999999999998,-0.8380000000000001,0.0,398.392,5.052,0.8720000000000001,9554549.541,1746721.277
2024-10-23 16:37:04,52.0,37.34964396,-121.93610960000001,3422.879,1.7269999999999999,-0.131,0.0,398.52,10.35,0.562,9554548.651,1746719.605
2024-10-23 16:37:05,52.0,37.34966523,-121.93609292,3425.7529999999997,2.9240000000000004,1.233,0.0,398.757,27.958,1.399,9554545.815000001,1746717.19
2024-10-23 16:37:06,52.0,37.34968062,-121.93605686999999,3429.5389999999998,3.803,0.969,0.0,399.192,17.762,1.9460000000000002,9554541.876,1746715.412
2024-10-23 16:37:07,52.0,37.34966935,-121.93602437,3433.036,3.472,-0.41200000000000003,0.0,399.636,13.754,1.486,9554540.122,1746716.633
2024-10-23 16:37:08,52.0,37.34964292,-121.936016,3436.2870000000003,3.2329999999999997,-0.21799999999999997,0.0,399.989,10.456999999999999,1.3219999999999998,9554541.352,1746719.5960000001
2024-10-23 16:37:09,52.0,37.34962277,-121.93603467,3439.245,2.863,-0.409,0.0,400.297,12.27,1.253,9554544.264,1746721.8850000002
2024-10-23 16:37:10,52.0,37.34960977,-121.93606861999999,3442.612,3.3810000000000002,0.514,0.0,400.63800000000003,24.993000000000002,1.5130000000000001,9554547.865,1746723.3920000002
2024-10-23 16:37:11,52.0,37.349587889999995,-121.93610450999999,3446.715,4.108,0.8109999999999999,0.0,401.09499999999997,20.681,2.5439999999999996,9554552.254999999,1746725.9039999999
2024-10-23 16:37:12,52.0,37.349575779999995,-121.93612814000001,3449.8010000000004,2.84,-1.238,0.0,401.812,7.7909999999999995,2.7030000000000003,9554554.983,1746727.2969999998
2024-10-23 16:37:13,52.0,37.3495896,-121.93612334,3452.1269999999995,2.117,-0.8779999999999999,0.0,402.467,13.85,2.278,9554553.616,1746725.736
2024-10-23 16:37:14,52.0,37.34957751,-121.93609221,3455.667,3.594,1.5379999999999998,0.0,402.971,43.083,2.29,9554552.026999999,1746727.053
2024-10-23 16:37:15,52.0,37.349534240000004,-121.93607843,3460.8559999999998,5.311,1.7740000000000002,0.0,403.596,47.456,2.557,9554554.034,1746731.901
2024-10-23 16:37:16,52.0,37.349487069999995,-121.93608487000002,3466.1870000000004,5.452,0.26599999999999996,0.0,404.385,22.588,3.2649999999999997,9554557.914,1746737.2140000002
2024-10-23 16:37:17,52.0,37.34947555,-121.93607658,3468.257,1.809,-3.875,0.0,404.85499999999996,12.376000000000001,0.884,9554558.081999999,1746738.5
2024-10-23 16:37:18,52.0,37.349488539999996,-121.93607813000001,3470.102,1.762,-0.10099999999999995,0.0,405.06399999999996,13.811000000000002,0.9490000000000001,9554557.278,1746737.0420000001
2024-10-23 16:37:19,52.0,37.349506229999996,-121.93608161,3472.1580000000004,2.082,0.503,0.0,405.382,7.2829999999999995,1.384,9554556.289,1746735.0559999999
2024-10-23 16:37:20,52.0,37.34952096,-121.93607563,3473.928,1.721,-0.422,0.0,405.68,6.2490000000000006,0.841,9554554.765,1746733.3920000002
2024-10-23 16:37:21,52.0,37.349533279999996,-121.93606999000001,3475.399,1.428,-0.301,0.0,405.79499999999996,5.543,0.259,9554553.439,1746731.9980000001
2024-10-23 16:37:22,52.0,37.34954487,-121.93606777,3476.7169999999996,1.306,-0.11300000000000002,0.0,405.854,5.281000000000001,0.238,9554552.437,1746730.69
2024-10-23 16:37:23,52.0,37.34955536,-121.93606777,3477.9019999999996,1.192,-0.11100000000000002,0.0,405.915,5.077,0.254,9554551.686,1746729.511
2024-10-23 16:37:24,52.0,37.3495628,-121.93606879000001,3478.7760000000003,0.82,-0.386,0.0,405.985,2.951,0.28900000000000003,9554551.233,1746728.677
2024-10-23 16:37:25,52.0,37.349567480000005,-121.93606907,3479.4230000000002,0.599,-0.21000000000000002,0.0,406.039,2.123,0.129,9554550.921,1746728.15
2024-10-23 16:37:26,52.0,37.34956653,-121.93606969,3479.7870000000003,0.21000000000000002,-0.395,0.0,406.068,0.9049999999999999,0.142,9554551.039,1746728.2559999998
2024-10-23 16:37:27,52.0,37.34956538,-121.93606182,3480.582,0.736,0.518,0.0,406.15,5.0280000000000005,0.622,9554550.504,1746728.378
2024-10-23 16:37:28,52.0,37.34957222,-121.93603940999999,3482.786,2.136,1.3370000000000002,0.0,406.383,32.587,1.405,9554548.247,1746727.577
2024-10-23 16:37:29,52.0,37.34959302,-121.93599545,3487.369,4.691,2.716,0.0,406.98,45.355000000000004,3.225,9554543.298999999,1746725.177
2024-10-23 16:37:30,52.0,37.349612230000005,-121.93598208,3490.6160000000004,2.872,-1.783,0.0,407.611,13.575999999999999,1.424,9554540.873,1746722.996
2024-10-23 16:37:31,52.0,37.34960419,-121.93599972,3492.7519999999995,2.0490000000000004,-1.064,0.0,407.89099999999996,13.719999999999999,1.0530000000000002,9554542.839,1746723.9260000002
2024-10-23 16:37:32,52.0,37.349594509999996,-121.93601656000001,3494.614,1.843,-0.041,0.0,408.149,5.457,0.961,9554544.855,1746725.037
2024-10-23 16:37:33,52.0,37.34959354,-121.93603249,3496.0909999999994,1.4769999999999999,-0.445,0.0,408.322,6.304,0.425,9554546.179,1746725.168
2024-10-23 16:37:34,52.0,37.34959696,-121.93604697999999,3497.4410000000003,1.384,-0.064,0.0,408.401,5.496,0.365,9554547.076000001,1746724.8050000002
2024-10-23 16:37:35,52.0,37.349601910000004,-121.93605398,3498.4,0.901,-0.489,0.0,408.53499999999997,2.806,0.47400000000000003,9554547.274,1746724.259
2024-10-23 16:37:36,52.0,37.34960653,-121.93605683999999,3499.071,0.5940000000000001,-0.333,0.0,408.59499999999997,2.522,0.161,9554547.169,1746723.742
2024-10-23 16:37:37,52.0,37.349608620000005,-121.93606523999999,3499.9199999999996,0.857,0.28,0.0,408.644,4.495,0.192,9554547.682,1746723.518
2024-10-23 16:37:38,52.0,37.34960764,-121.93607684000001,3500.9809999999998,1.073,0.229,0.0,408.688,5.247,0.217,9554548.665000001,1746723.644
2024-10-23 16:37:39,52.0,37.34960471,-121.93609058,3502.255,1.306,0.22999999999999998,0.0,408.744,6.369,0.207,9554549.956999999,1746723.993
2024-10-23 16:37:40,52.0,37.34960156,-121.93610776999999,3503.827,1.614,0.29500000000000004,0.0,408.806,9.234,0.41200000000000003,9554551.535,1746724.3690000002
2024-10-23 16:37:41,52.0,37.34959936,-121.93612809000001,3505.667,1.8920000000000001,0.33599999999999997,0.0,409.03499999999997,7.503,1.263,9554553.294,1746724.6460000002
2024-10-23 16:37:42,52.0,37.34960522,-121.93614333999999,3507.257,1.498,-0.441,0.0,409.255,6.520999999999999,0.43899999999999995,9554554.077,1746724.009
2024-10-23 16:37:43,52.0,37.34961767,-121.93615460999999,3509.028,1.709,0.194,0.0,409.355,9.564,0.631,9554554.073,1746722.625
2024-10-23 16:37:44,52.0,37.34963955,-121.93615292,3511.572,2.5469999999999997,0.899,0.0,409.633,16.703,1.338,9554552.376,1746720.1609999998
2024-10-23 16:37:45,52.0,37.34966512,-121.93614818,3514.5029999999997,2.934,0.379,0.0,409.956,17.076,1.6949999999999998,9554550.176,1746717.2789999999
2024-10-23 16:37:46,52.0,37.34968468,-121.93613853,3516.968,2.341,-0.6649999999999999,0.0,410.39700000000005,10.347,1.318,9554548.018000001,1746715.066
2024-10-23 16:37:47,52.0,37.349708220000004,-121.93611705000001,3520.3599999999997,3.3950000000000005,1.065,0.0,410.783,29.535000000000004,2.119,9554544.644,1746712.389
2024-10-23 16:37:48,52.0,37.34972793,-121.93611617000002,3522.886,2.427,-0.8099999999999999,0.0,411.297,7.359999999999999,1.386,9554543.168000001,1746710.171
2024-10-23 16:37:49,52.0,37.34971664,-121.93612329,3524.665,1.6469999999999998,-1.02,0.0,411.52700000000004,17.317,0.9960000000000001,9554544.536,1746711.4510000001
2024-10-23 16:37:50,52.0,37.34969421,-121.93613392,3527.346,2.737,1.251,0.0,411.83500000000004,13.741,1.35,9554546.975,1746713.9870000002
2024-10-23 16:37:51,52.0,37.34967288,-121.93614803,3530.0440000000003,2.677,-0.10700000000000001,0.0,412.16400000000004,11.227,1.3030000000000002,9554549.61,1746716.4039999999
2024-10-23 16:37:52,52.0,37.349652129999996,-121.93616695,3532.916,2.839,0.14700000000000002,0.0,412.492,14.669999999999998,1.34,9554552.581999999,1746718.766
2024-10-23 16:37:53,52.0,37.349631699999996,-121.9361946,3536.281,3.354,0.526,0.0,412.85600000000005,20.665,1.588,9554556.22,1746721.1
2024-10-23 16:37:54,52.0,37.34961108,-121.93622798999999,3540.0409999999997,3.7479999999999998,0.404,0.0,413.26300000000003,19.128,1.6170000000000002,9554560.325,1746723.466
2024-10-23 16:37:55,52.0,37.34958849,-121.93626303,3544.05,4.026999999999999,0.28400000000000003,0.0,413.68500000000006,18.972,1.841,9554564.697,1746726.053
2024-10-23 16:37:56,52.0,37.349564650000005,-121.93629612,3548.022,3.9520000000000004,-0.1,0.0,414.157,18.527,1.8400000000000003,9554569.008,1746728.78
2024-10-23 16:37:57,52.0,37.34953513000001,-121.93633127000001,3552.5739999999996,4.568,0.612,0.0,414.633,31.843,2.087,9554573.887,1746732.1469999999
2024-10-23 16:37:58,52.0,37.349509749999996,-121.93637698,3557.5520000000006,5.043,0.533,0.0,415.18500000000006,21.603,2.332,9554579.300999999,1746735.066
2024-10-23 16:37:59,52.0,37.34948759,-121.93641528,3561.796,4.2219999999999995,-0.8160000000000001,0.0,415.782,9.395,2.336,9554583.899,1746737.61
2024-10-23 16:38:00,52.0,37.34946568,-121.93642682,3564.647,2.766,-1.528,0.0,416.29799999999994,6.462000000000001,1.65,9554586.375,1746740.091
2024-10-23 16:38:01,52.0,37.349452029999995,-121.93641367999999,3566.7309999999998,2.06,-0.716,0.0,416.64099999999996,7.278999999999999,1.271,9554586.315000001,1746741.6079999998
2024-10-23 16:38:02,52.0,37.3494471,-121.93639521,3568.495,1.738,-0.279,0.0,416.908,6.14,0.638,9554585.212000001,1746742.137
2024-10-23 16:38:03,52.0,37.34944552,-121.93637816,3570.0379999999996,1.512,-0.229,0.0,417.00600000000003,5.961,0.36,9554583.981999999,1746742.293
2024-10-23 16:38:04,52.0,37.349443740000005,-121.93636345,3571.3839999999996,1.31,-0.20600000000000002,0.0,417.099,5.372999999999999,0.33199999999999996,9554582.951000001,1746742.47
2024-10-23 16:38:05,52.0,37.34944278,-121.93634929,3572.653,1.266,-0.041,0.0,417.17699999999996,5.351,0.29,9554581.904000001,1746742.559
2024-10-23 16:38:06,52.0,37.34944256,-121.93633566999999,3573.8720000000003,1.2209999999999999,-0.047,0.0,417.241,5.3100000000000005,0.251,9554580.845999999,1746742.564
2024-10-23 16:38:07,52.0,37.34944263,-121.93632235,3575.0629999999996,1.192,-0.024,0.0,417.305,4.9799999999999995,0.23700000000000002,9554579.793000001,1746742.537
2024-10-23 16:38:08,52.0,37.34944283,-121.93630992000001,3576.182,1.121,-0.074,0.0,417.355,4.720000000000001,0.176,9554578.798999999,1746742.4980000001
2024-10-23 16:38:09,52.0,37.34944285,-121.93629804,3577.2529999999997,1.0690000000000002,-0.049,0.0,417.4,4.554,0.179,9554577.862,1746742.48
2024-10-23 16:38:10,52.0,37.349444340000005,-121.93628641000001,3578.3120000000004,1.06,-0.006,0.0,417.446,4.575,0.187,9554576.839,1746742.2969999998
2024-10-23 16:38:11,52.0,37.34944712,-121.93627590999999,3579.303,0.951,-0.11200000000000002,0.0,417.48900000000003,3.97,0.177,9554575.815000001,1746741.97
2024-10-23 16:38:12,52.0,37.34944992,-121.9362654,3580.303,0.9709999999999999,0.016,0.0,417.535,4.274,0.182,9554574.787999999,1746741.641
2024-10-23 16:38:13,52.0,37.349452480000004,-121.93625534,3581.257,0.905,-0.063,0.0,417.582,3.838,0.177,9554573.811,1746741.3390000002
2024-10-23 16:38:14,52.0,37.34945581,-121.93624600999999,3582.1940000000004,0.901,-0.008000000000000002,0.0,417.62399999999997,3.8520000000000003,0.186,9554572.838,1746740.952
2024-10-23 16:38:15,52.0,37.34945916,-121.93623806999999,3583.023,0.8089999999999999,-0.087,0.0,417.678,3.257,0.22400000000000003,9554571.973000001,1746740.564
2024-10-23 16:38:16,52.0,37.34945994,-121.93623170999999,3583.71,0.669,-0.127,0.0,417.733,2.628,0.183,9554571.416,1746740.4670000002
2024-10-23 16:38:17,52.0,37.34945947,-121.93623121,3584.0389999999998,0.248,-0.466,0.0,417.77,1.022,0.145,9554571.411,1746740.5210000002
2024-10-23 16:38:18,52.0,37.349459890000006,-121.93623093000001,3584.13,0.134,-0.084,0.0,417.797,0.5389999999999999,0.05800000000000001,9554571.361,1746740.4719999998
2024-10-23 16:38:19,52.0,37.34945925,-121.93623096000002,3584.13,0.013000000000000001,-0.126,0.0,417.808,0.06699999999999999,0.031,9554571.405,1746740.545
2024-10-23 16:38:20,52.0,37.34945913,-121.93623052000001,3584.221,0.026000000000000002,0.006,0.0,417.817,0.13599999999999998,0.06999999999999999,9554571.382,1746740.557
2024-10-23 16:38:21,52.0,37.34945944,-121.93622619,3584.726,0.382,0.38,0.0,417.843,1.813,0.10400000000000001,9554571.019,1746740.5170000002
2024-10-23 16:38:22,52.0,37.34945816,-121.93622367,3585.1040000000003,0.28500000000000003,-0.101,0.0,417.86499999999995,1.17,0.082,9554570.912,1746740.6570000001
2024-10-23 16:38:23,52.0,37.34945483,-121.93622439999999,3585.518,0.42800000000000005,0.122,0.0,417.887,2.093,0.098,9554571.208,1746741.0320000001
2024-10-23 16:38:24,52.0,37.349450610000005,-121.93622424999998,3586.035,0.525,0.124,0.0,417.912,2.222,0.091,9554571.495000001,1746741.507
2024-10-23 16:38:25,52.0,37.3494476,-121.93622531999999,3586.423,0.371,-0.161,0.0,417.93199999999996,1.474,0.066,9554571.796,1746741.848
2024-10-23 16:38:26,52.0,37.34944602,-121.936223,3586.506,0.05700000000000001,-0.335,0.0,417.948,0.252,0.066,9554571.726,1746742.0219999999
2024-10-23 16:38:27,52.0,37.34944746,-121.93622116000002,3586.665,0.199,0.157,0.0,417.96400000000006,0.859,0.05800000000000001,9554571.478999998,1746741.8560000001
2024-10-23 16:38:28,52.0,37.3494446,-121.93622122,3586.7399999999993,0.028999999999999998,-0.174,0.0,417.97800000000007,0.134,0.044,9554571.687,1746742.178
2024-10-23 16:38:29,52.0,37.349444160000004,-121.93622192000001,3586.7399999999993,0.001,-0.032,0.0,417.98600000000005,0.01,0.025,9554571.775,1746742.2280000001
2024-10-23 16:38:30,52.0,37.34944476,-121.93622221000001,3586.7399999999993,0.0,0.0,0.0,417.99300000000005,0.0,0.039,9554571.753,1746742.1609999998
2024-10-23 16:38:31,52.0,37.349442169999996,-121.93622272,3586.7399999999993,0.0,0.0,0.0,418.00200000000007,0.0,0.036,9554571.978999998,1746742.455
2024-10-23 16:38:32,52.0,37.349441739999996,-121.93622287999999,3586.7399999999993,0.0,0.0,0.0,418.01000000000005,0.0,0.023,9554572.021,1746742.503
2024-10-23 16:38:33,52.0,37.349442679999996,-121.93622284,3586.7399999999993,0.0,0.0,0.0,418.017,0.0,0.033999999999999996,9554571.952,1746742.395
2024-10-23 16:38:34,52.0,37.34944119,-121.93622384999999,3586.7399999999993,0.0,0.0,0.0,418.026,0.0,0.036,9554572.138,1746742.564
2024-10-23 16:38:35,52.0,37.34944065,-121.93622393999999,3586.7399999999993,0.0,0.0,0.0,418.034,0.0,0.027999999999999997,9554572.183,1746742.628
2024-10-23 16:38:36,52.0,37.349441950000006,-121.93622241999999,3586.7399999999993,0.0,0.0,0.0,418.0400000000001,0.0,0.027999999999999997,9554571.97,1746742.477
2024-10-23 16:38:37,52.0,37.34944099,-121.93622183,3586.7399999999993,0.0,0.0,0.0,418.05,0.0,0.03,9554571.993,1746742.5850000002
2024-10-23 16:38:38,52.0,37.34944,-121.93622167999999,3586.7399999999993,0.0,0.0,0.0,418.05699999999996,0.0,0.039,9554572.053,1746742.697
2024-10-23 16:38:39,52.0,37.349441260000006,-121.93622009999999,3586.7399999999993,0.0,0.0,0.0,418.06800000000004,0.0,0.024,9554571.837000001,1746742.554
2024-10-23 16:38:40,52.0,37.34944003,-121.93622112,3586.7399999999993,0.0,0.0,0.0,418.072,0.0,0.019,9554572.006000001,1746742.6920000003
2024-10-23 16:38:41,52.0,37.349440099999995,-121.93622130000001,3586.7399999999993,0.0,0.0,0.0,418.08000000000004,0.0,0.027000000000000003,9554572.015,1746742.684
2024-10-23 16:38:42,52.0,37.34944081,-121.93622089,3586.7399999999993,0.0,0.0,0.0,418.08599999999996,0.0,0.027000000000000003,9554571.932,1746742.6039999998
2024-10-23 16:38:43,52.0,37.3494395,-121.93622243,3586.7399999999993,0.0,0.0,0.0,418.09,0.0,0.02,9554572.147,1746742.7550000001
2024-10-23 16:38:44,52.0,37.34944032,-121.93622286,3586.7399999999993,0.0,0.0,0.0,418.099,0.0,0.02,9554572.122,1746742.662
2024-10-23 16:38:45,52.0,37.34944026,-121.9362237,3586.7399999999993,0.0,0.0,0.0,418.10300000000007,0.0,0.028000000000000004,9554572.192,1746742.67
2024-10-23 16:38:46,52.0,37.34944052,-121.93622406,3586.786,0.04,0.021,0.0,418.116,0.20500000000000002,0.087,9554572.201000001,1746742.641
2024-10-23 16:38:47,52.0,37.34944291,-121.93622367,3587.1150000000002,0.32,0.29500000000000004,0.0,418.14,1.4689999999999999,0.118,9554572.0,1746742.372
2024-10-23 16:38:48,52.0,37.34944394,-121.9362214,3587.557,0.35,0.027000000000000003,0.0,418.175,1.6179999999999999,0.153,9554571.749000002,1746742.253
2024-10-23 16:38:49,52.0,37.34944533,-121.93621589,3588.1160000000004,0.5,0.157,0.0,418.21900000000005,2.3329999999999997,0.21600000000000003,9554571.216,1746742.088
2024-10-23 16:38:50,52.0,37.34944731,-121.93621074,3588.693,0.528,0.05800000000000001,0.0,418.276,2.0940000000000003,0.161,9554570.667,1746741.86
2024-10-23 16:38:51,52.0,37.34944776,-121.93621069999999,3588.75,0.077,-0.492,0.0,418.30600000000004,0.317,0.10900000000000001,9554570.634,1746741.8080000002
2024-10-23 16:38:52,52.0,37.3494477,-121.93621069999999,3588.75,0.012,-0.05900000000000001,0.0,418.325,0.063,0.048,9554570.64,1746741.8199999998
2024-10-23 16:38:53,52.0,37.3494475,-121.93621049999999,3588.75,0.0,-0.006,0.0,418.33599999999996,0.004,0.052000000000000005,9554570.637,1746741.8400000003
2024-10-23 16:38:54,52.0,37.34944676,-121.93621031,3588.75,0.030000000000000006,0.027000000000000003,0.0,418.35699999999997,0.124,0.096,9554570.673999999,1746741.921
2024-10-23 16:38:55,52.0,37.3494465,-121.93621028,3588.75,0.06,0.036,0.0,418.375,0.255,0.052000000000000005,9554570.688,1746741.95
2024-10-23 16:38:56,52.0,37.3494465,-121.93621025,3588.75,0.004,-0.05700000000000001,0.0,418.38599999999997,0.033,0.041,9554570.684999999,1746741.95
2024-10-23 16:38:57,52.0,37.34944658,-121.93621029,3588.75,0.0,-0.006,0.0,418.395,0.002,0.036,9554570.684999999,1746741.9419999998
2024-10-23 16:38:58,52.0,37.3494467,-121.93621048,3588.75,0.0,0.0,0.0,418.40299999999996,0.0,0.033,9554570.69,1746741.9300000002
2024-10-23 16:38:59,52.0,37.349446750000006,-121.93621072,3588.75,0.009,0.009,0.0,418.41900000000004,0.039,0.075,9554570.707,1746741.925
2024-10-23 16:39:00,52.0,37.34944688,-121.93621082,3588.75,0.015,0.009,0.0,418.43,0.071,0.033,9554570.704,1746741.9079999998
2024-10-23 16:39:01,52.0,37.3494471,-121.93621109,3588.767,0.014000000000000002,-0.011,0.0,418.446,0.057999999999999996,0.094,9554570.711,1746741.8800000001
2024-10-23 16:39:02,52.0,37.34944638,-121.93621250999999,3589.0480000000002,0.19,0.172,0.0,418.46999999999997,0.889,0.097,9554570.875,1746741.9670000002
2024-10-23 16:39:03,52.0,37.34944587,-121.93621026999999,3589.3489999999997,0.268,0.066,0.0,418.494,1.404,0.094,9554570.733,1746742.0210000002
2024-10-23 16:39:04,52.0,37.34944744,-121.93620915,3589.683,0.304,0.059,0.0,418.51800000000003,1.171,0.101,9554570.535,1746741.8420000002
2024-10-23 16:39:05,52.0,37.34944888,-121.9362073,3589.976,0.276,-0.031999999999999994,0.0,418.53900000000004,1.228,0.053000000000000005,9554570.285,1746741.678
2024-10-23 16:39:06,52.0,37.34944885,-121.93620741,3590.05,0.076,-0.195,0.0,418.549,0.3,0.023,9554570.294,1746741.6809999999
2024-10-23 16:39:07,52.0,37.349448100000004,-121.93620929000001,3590.05,0.005,-0.082,0.0,418.554,0.028000000000000004,0.032,9554570.497,1746741.77
2024-10-23 16:39:08,52.0,37.34944891,-121.93620969000001,3590.107,0.047,0.029000000000000005,0.0,418.567,0.284,0.097,9554570.47,1746741.678
2024-10-23 16:39:09,52.0,37.349451220000006,-121.93620828,3590.495,0.377,0.378,0.0,418.60200000000003,1.673,0.153,9554570.194,1746741.416
2024-10-23 16:39:10,52.0,37.349451779999995,-121.93620815,3590.778,0.138,-0.267,0.0,418.63899999999995,0.6529999999999999,0.11500000000000002,9554570.145,1746741.3530000001
2024-10-23 16:39:11,52.0,37.34945323,-121.93620415000001,3591.21,0.426,0.3,0.0,418.66100000000006,1.9789999999999999,0.069,9554569.726,1746741.184
2024-10-23 16:39:12,52.0,37.34945583,-121.93620046000001,3591.6989999999996,0.488,0.041,0.0,418.68,2.48,0.10200000000000001,9554569.249,1746740.887
2024-10-23 16:39:13,52.0,37.349458320000004,-121.93619435000001,3592.3360000000002,0.617,0.144,0.0,418.704,2.641,0.09,9554568.59,1746740.599
2024-10-23 16:39:14,52.0,37.34945962,-121.93618712,3593.028,0.678,0.063,0.0,418.73199999999997,3.019,0.119,9554567.925999999,1746740.4420000003
2024-10-23 16:39:15,52.0,37.34946233,-121.93618007,3593.755,0.6940000000000001,0.005,0.0,418.76000000000005,3.2439999999999998,0.129,9554567.180000002,1746740.128
2024-10-23 16:39:16,52.0,37.34946517,-121.93617388,3594.453,0.662,-0.032999999999999995,0.0,418.79400000000004,2.787,0.11500000000000002,9554566.49,1746739.8010000002
2024-10-23 16:39:17,52.0,37.34946565,-121.93616704000002,3595.1459999999997,0.615,-0.034999999999999996,0.0,418.81899999999996,2.439,0.09,9554565.916,1746739.736
2024-10-23 16:39:18,52.0,37.349464080000004,-121.93616366,3595.37,0.213,-0.40700000000000003,0.0,418.837,0.79,0.062,9554565.761,1746739.909
2024-10-23 16:39:19,52.0,37.34946421,-121.9361618,3595.37,0.013000000000000001,-0.213,0.0,418.85200000000003,0.05600000000000001,0.046,9554565.606,1746739.893
2024-10-23 16:39:20,52.0,37.34946275,-121.93616231000001,3595.37,0.0,0.004,0.0,418.86,0.001,0.03,9554565.752,1746740.054
2024-10-23 16:39:21,52.0,37.34946325,-121.93616118,3595.37,0.0,0.0,0.0,418.869,0.0,0.043,9554565.625,1746739.9980000001
2024-10-23 16:39:22,52.0,37.34946443,-121.93615987000001,3595.3720000000003,0.059,0.062,0.0,418.89099999999996,0.254,0.099,9554565.438,1746739.8649999998
2024-10-23 16:39:23,52.0,37.34946342,-121.93616041,3595.4259999999995,0.034,-0.023,0.0,418.90199999999993,0.159,0.02,9554565.554,1746739.9789999998
2024-10-23 16:39:24,52.0,37.34946347,-121.93615999000001,3595.4299999999994,0.0,-0.04,0.0,418.91,0.007000000000000001,0.018,9554565.515,1746739.973
2024-10-23 16:39:25,52.0,37.34946427,-121.93615853000001,3595.4299999999994,0.0,0.0,0.0,418.913,0.0,0.020999999999999998,9554565.345,1746739.8800000001
2024-10-23 16:39:26,52.0,37.349462949999996,-121.93615872000001,3595.4299999999994,0.0,0.0,0.0,418.91999999999996,0.0,0.016,9554565.453,1746740.03
2024-10-23 16:39:27,52.0,37.349463209999996,-121.93615743000001,3595.4299999999994,0.0,0.0,0.0,418.92600000000004,0.0,0.028000000000000004,9554565.334,1746739.9980000001
2024-10-23 16:39:28,52.0,37.34946427,-121.93615507,3595.4299999999994,0.0,0.0,0.0,418.933,0.0,0.027000000000000003,9554565.072,1746739.875
2024-10-23 16:39:29,52.0,37.34946307,-121.93615512000001,3595.4299999999994,0.0,0.0,0.0,418.93999999999994,0.0,0.019,9554565.16,1746740.009
2024-10-23 16:39:30,52.0,37.34946312,-121.93615465,3595.4299999999994,0.0,0.0,0.0,418.94399999999996,0.0,0.019,9554565.121,1746740.003
2024-10-23 16:39:31,52.0,37.34946439,-121.9361532,3595.4299999999994,0.0,0.0,0.0,418.95,0.0,0.02,9554564.915000001,1746739.86
2024-10-23 16:39:32,52.0,37.34946405,-121.93615328000001,3595.4299999999994,0.0,0.0,0.0,418.95599999999996,0.0,0.020999999999999998,9554564.947,1746739.8989999997
2024-10-23 16:39:33,52.0,37.3494634,-121.93615380000001,3595.4299999999994,0.0,0.0,0.0,418.9599999999999,0.0,0.01,9554565.033,1746739.97
2024-10-23 16:39:34,52.0,37.34946439,-121.93615357000002,3595.4299999999994,0.0,0.0,0.0,418.963,0.0,0.01,9554564.944,1746739.859
2024-10-23 16:39:35,52.0,37.3494646,-121.93615348,3595.4299999999994,0.0,0.0,0.0,418.9700000000001,0.0,0.009,9554564.923,1746739.8350000002
2024-10-23 16:39:36,52.0,37.34946466,-121.93615333,3595.4299999999994,0.0,0.0,0.0,418.9700000000001,0.0,0.016,9554564.907000002,1746739.8260000001
2024-10-23 16:39:37,52.0,37.34946456,-121.93615242999999,3595.4299999999994,0.0,0.0,0.0,418.979,0.0,0.026000000000000002,9554564.842999998,1746739.841
2024-10-23 16:39:38,52.0,37.34946513,-121.93615113000001,3595.4299999999994,0.0,0.0,0.0,418.985,0.0,0.05500000000000001,9554564.7,1746739.7719999999
2024-10-23 16:39:39,52.0,37.34946431,-121.93615106,3595.4299999999994,0.0,0.0,0.0,419.0,0.0,0.031,9554564.753,1746739.8649999998
2024-10-23 16:39:40,52.0,37.349462849999995,-121.9361513,3595.4299999999994,0.0,0.0,0.0,419.004,0.0,0.02,9554564.878,1746740.0320000001
2024-10-23 16:39:41,52.0,37.349462869999996,-121.93615081,3595.4299999999994,0.0,0.0,0.0,419.01000000000005,0.0,0.013000000000000001,9554564.837000001,1746740.027
2024-10-23 16:39:42,52.0,37.34946258,-121.93615011,3595.4299999999994,0.0,0.0,0.0,419.012,0.0,0.01,9554564.801,1746740.06
2024-10-23 16:39:43,52.0,37.34946294,-121.93614926000001,3595.4299999999994,0.0,0.0,0.0,419.02,0.0,0.016,9554564.708,1746740.016
2024-10-23 16:39:44,52.0,37.34946227,-121.93614966999999,3595.4299999999994,0.0,0.0,0.0,419.02,0.0,0.01,9554564.787999999,1746740.0920000002
2024-10-23 16:39:45,52.0,37.34946172,-121.93614981,3595.4299999999994,0.0,0.0,0.0,419.02799999999996,0.0,0.01,9554564.839,1746740.1579999998
2024-10-23 16:39:46,52.0,37.34946152,-121.93614946,3595.4299999999994,0.0,0.0,0.0,419.0299999999999,0.0,0.01,9554564.826000001,1746740.178
2024-10-23 16:39:47,52.0,37.349461059999996,-121.93614912000001,3595.4299999999994,0.0,0.0,0.0,419.0299999999999,0.0,0.01,9554564.834,1746740.2259999998
2024-10-23 16:39:48,52.0,37.34946066,-121.93614868,3595.4299999999994,0.0,0.0,0.0,419.038,0.0,0.022,9554564.825,1746740.2740000002
2024-10-23 16:39:49,52.0,37.34946102,-121.93614686000001,3595.453,0.011000000000000001,0.004,0.0,419.04400000000004,0.049,0.05500000000000001,9554564.656,1746740.231
2024-10-23 16:39:50,52.0,37.34945772,-121.93614147999999,3596.0510000000004,0.5690000000000001,0.552,0.0,419.073,3.656,0.20400000000000001,9554564.468,1746740.5929999999
2024-10-23 16:39:51,52.0,37.34945157,-121.93613219,3597.139,1.0710000000000002,0.5469999999999999,0.0,419.133,5.014,0.20600000000000002,9554564.175999999,1746741.273
2024-10-23 16:39:52,52.0,37.34944581,-121.93612307000001,3598.189,0.9960000000000001,-0.10700000000000001,0.0,419.17600000000004,4.183,0.17099999999999999,9554563.870000001,1746741.9070000001
2024-10-23 16:39:53,52.0,37.34943983,-121.93611323,3599.299,1.072,0.065,0.0,419.22299999999996,5.069,0.21000000000000002,9554563.522,1746742.566
2024-10-23 16:39:54,52.0,37.34943418,-121.93610140000001,3600.536,1.222,0.155,0.0,419.28000000000003,5.805,0.29100000000000004,9554562.993999999,1746743.1870000002
2024-10-23 16:39:55,52.0,37.34942896,-121.9360879,3601.8840000000005,1.3599999999999999,0.13999999999999999,0.0,419.37399999999997,6.257,0.41899999999999993,9554562.303,1746743.754
2024-10-23 16:39:56,52.0,37.34942612,-121.93607496,3603.16,1.193,-0.15899999999999997,0.0,419.495,4.343,0.6839999999999999,9554561.488,1746744.0559999999
2024-10-23 16:39:57,52.0,37.349412,-121.93607202999999,3605.0089999999996,1.794,0.5810000000000001,0.0,419.726,13.822,1.303,9554562.265999999,1746745.64
2024-10-23 16:39:58,52.0,37.34940607,-121.93607406999999,3606.2580000000003,1.016,-0.764,0.0,420.053,3.789,0.74,9554562.851,1746746.31
2024-10-23 16:39:59,52.0,37.34941687,-121.93607469000001,3607.476,1.248,0.158,0.0,420.13599999999997,7.715000000000001,0.227,9554562.126,1746745.094
2024-10-23 16:40:00,52.0,37.34942898,-121.93607314,3608.85,1.369,0.21200000000000002,0.0,420.197,6.014,0.254,9554561.139,1746743.731
2024-10-23 16:40:01,52.0,37.3494406,-121.93606795000001,3610.2339999999995,1.376,-0.012,0.0,420.258,5.843999999999999,0.21600000000000003,9554559.901,1746742.4170000001
2024-10-23 16:40:02,52.0,37.34945104,-121.93606107999999,3611.5559999999996,1.304,-0.077,0.0,420.308,5.514,0.20099999999999998,9554558.614,1746741.234
2024-10-23 16:40:03,52.0,37.34946073,-121.93605228000001,3612.9080000000004,1.325,0.02,0.0,420.363,5.955,0.219,9554557.228,1746740.133
2024-10-23 16:40:04,52.0,37.34946984,-121.93604227,3614.2699999999995,1.3430000000000002,0.02,0.0,420.41700000000003,5.859,0.22600000000000003,9554555.790000001,1746739.094
2024-10-23 16:40:05,52.0,37.34947986,-121.93603269,3615.679,1.383,0.028000000000000004,0.0,420.47299999999996,6.625,0.24299999999999997,9554554.318,1746737.9530000002
2024-10-23 16:40:06,52.0,37.34949603,-121.93602242,3617.7059999999997,2.011,0.629,0.0,420.60699999999997,13.828,1.033,9554552.353,1746736.1199999999
2024-10-23 16:40:07,52.0,37.34951693,-121.93601106000001,3620.244,2.539,0.563,0.0,420.92600000000004,12.937000000000001,1.304,9554549.966,1746733.7550000001
2024-10-23 16:40:08,52.0,37.349537659999996,-121.93599846,3622.8199999999997,2.574,0.036,0.0,421.27,9.635,1.432,9554547.493,1746731.4079999998
2024-10-23 16:40:09,52.0,37.34955325,-121.9359914,3624.6870000000004,1.827,-0.743,0.0,421.608,4.622,0.99,9554545.823,1746729.643
2024-10-23 16:40:10,52.0,37.34956432,-121.93599266999999,3625.953,1.2209999999999999,-0.661,0.0,421.721,4.781000000000001,0.19,9554545.129999999,1746728.4
2024-10-23 16:40:11,52.0,37.349578210000004,-121.93599505,3627.5480000000002,1.5799999999999998,0.339,0.0,421.804,12.004,0.74,9554544.324,1746726.8429999999
2024-10-23 16:40:12,52.0,37.34959775,-121.93599223999999,3629.7470000000003,2.247,0.767,0.0,422.08299999999997,9.754999999999999,1.177,9554542.706,1746724.6420000002
2024-10-23 16:40:13,52.0,37.34961735,-121.93598803,3631.993,2.182,-0.16,0.0,422.325,14.919999999999998,0.8779999999999999,9554540.975,1746722.428
2024-10-23 16:40:14,52.0,37.34964645,-121.93597027000001,3635.619,3.6229999999999998,1.442,0.0,422.611,38.942,1.7559999999999998,9554537.499,1746719.1309999998
2024-10-23 16:40:15,52.0,37.349681090000004,-121.93594159,3640.335,4.756,1.275,0.0,423.41,23.452,4.0520000000000005,9554532.763,1746715.1989999998
2024-10-23 16:40:16,52.0,37.34969138,-121.93591266000001,3643.3269999999998,3.04,-1.7559999999999998,0.0,424.149,7.8,1.457,9554529.75,1746714.0009999997
2024-10-23 16:40:17,52.0,37.349683219999996,-121.93590888000001,3644.7050000000004,1.385,-1.86,0.0,424.30100000000004,7.934,0.39,9554530.034,1746714.9109999998
2024-10-23 16:40:18,52.0,37.34966274,-121.93591047,3647.03,2.4379999999999997,1.166,0.0,424.47700000000003,18.96,1.087,9554531.624000002,1746717.2210000001
2024-10-23 16:40:19,52.0,37.349636950000004,-121.93589967,3650.095,3.1740000000000004,0.8130000000000001,0.0,424.804,16.186,1.559,9554532.616,1746720.106
2024-10-23 16:40:20,52.0,37.34961726,-121.93589291999999,3652.488,2.418,-0.759,0.0,425.23699999999997,5.684,1.587,9554533.492,1746722.31
2024-10-23 16:40:21,52.0,37.34960608,-121.93590449000001,3654.257,1.6920000000000002,-0.819,0.0,425.497,7.225999999999999,0.557,9554535.202,1746723.582
2024-10-23 16:40:22,52.0,37.34959927,-121.93592167,3655.982,1.7420000000000002,0.10300000000000001,0.0,425.596,7.126,0.35700000000000004,9554537.041,1746724.372
2024-10-23 16:40:23,52.0,37.34959569,-121.93593923,3657.607,1.627,-0.125,0.0,425.679,6.938,0.288,9554538.68,1746724.799
2024-10-23 16:40:24,52.0,37.34959291,-121.93595771999999,3659.2879999999996,1.674,0.05,0.0,425.754,7.534000000000001,0.347,9554540.336,1746725.1379999998
2024-10-23 16:40:25,52.0,37.34958621,-121.93597728,3661.2300000000005,1.9120000000000001,0.23000000000000004,0.0,425.878,10.203999999999999,0.687,9554542.353999998,1746725.9170000001
2024-10-23 16:40:26,52.0,37.34957336,-121.93599417,3663.322,2.105,0.22600000000000003,0.0,426.09700000000004,8.977,0.933,9554544.603,1746727.386
2024-10-23 16:40:27,52.0,37.34956106,-121.93600746,3665.142,1.777,-0.33199999999999996,0.0,426.279,6.046,0.7060000000000001,9554546.529,1746728.788
2024-10-23 16:40:28,52.0,37.34955707,-121.93601568,3666.161,0.893,-0.8789999999999999,0.0,426.492,2.343,0.6769999999999999,9554547.461,1746729.2480000001
2024-10-23 16:40:29,52.0,37.34956279,-121.93601543,3666.8940000000002,0.7150000000000001,-0.254,0.0,426.58299999999997,4.149,0.251,9554547.031,1746728.605
2024-10-23 16:40:30,52.0,37.34957089,-121.93601991999999,3667.9790000000003,1.02,0.362,0.0,426.64099999999996,5.127000000000001,0.217,9554546.808,1746727.698
2024-10-23 16:40:31,52.0,37.34957718,-121.93603302,3669.361,1.409,0.381,0.0,426.704,7.394,0.28500000000000003,9554547.39,1746727.0100000002
2024-10-23 16:40:32,52.0,37.34958083,-121.93604909999999,3670.853,1.527,0.128,0.0,426.774,6.694,0.269,9554548.395,1746726.6230000001
2024-10-23 16:40:33,52.0,37.34958575,-121.9360654,3672.441,1.572,0.031,0.0,426.849,7.331,0.337,9554549.327,1746726.091
2024-10-23 16:40:34,52.0,37.349599690000005,-121.93607662,3674.393,1.908,0.322,0.0,426.968,11.548,0.8800000000000001,9554549.216,1746724.539
2024-10-23 16:40:35,52.0,37.34962112,-121.93607572,3676.821,2.459,0.5900000000000001,0.0,427.274,12.555,1.374,9554547.614,1746722.128
2024-10-23 16:40:36,52.0,37.34964066,-121.93607305999998,3679.0269999999996,2.2,-0.255,0.0,427.59499999999997,6.824000000000001,0.999,9554546.006000001,1746719.9260000002
2024-10-23 16:40:37,52.0,37.349655129999995,-121.9360782,3680.732,1.657,-0.584,0.0,427.75699999999995,6.034000000000001,0.378,9554545.378,1746718.3059999999
2024-10-23 16:40:38,52.0,37.3496671,-121.93608671,3682.278,1.5310000000000001,-0.11500000000000002,0.0,427.842,6.186999999999999,0.454,9554545.194,1746716.97
2024-10-23 16:40:39,52.0,37.34967317,-121.93609388,3683.55,1.108,-0.409,0.0,428.025,3.6,0.8880000000000001,9554545.322,1746716.298
2024-10-23 16:40:40,52.0,37.34966918,-121.93609446999999,3684.656,0.901,-0.28700000000000003,0.0,428.23699999999997,4.796,0.876,9554545.656,1746716.7480000001
2024-10-23 16:40:41,52.0,37.34965997,-121.93609938,3686.601,1.552,0.5609999999999999,0.0,428.549,27.457,1.6219999999999999,9554546.701000001,1746717.791
2024-10-23 16:40:42,52.0,37.34962919,-121.93612198999999,3690.5979999999995,4.162999999999999,2.82,0.0,428.962,41.148,1.781,9554550.68,1746721.2829999998
2024-10-23 16:40:43,52.0,37.349592369999996,-121.93614557999999,3695.2019999999998,4.652,0.506,0.0,429.453,19.053,2.077,9554555.17,1746725.4559999998
2024-10-23 16:40:44,52.0,37.349559299999996,-121.93617121,3699.5449999999996,4.339,-0.371,0.0,429.971,14.641,1.9899999999999998,9554559.551,1746729.2100000002
2024-10-23 16:40:45,52.0,37.349532620000005,-121.93620091,3703.532,3.972,-0.385,0.0,430.442,15.016,1.8030000000000002,9554563.796,1746732.2510000002
2024-10-23 16:40:46,52.0,37.34951128,-121.93623528,3707.4269999999997,3.8609999999999998,-0.118,0.0,430.863,17.518,1.4949999999999999,9554568.03,1746734.7
2024-10-23 16:40:47,52.0,37.34949029,-121.93627497,3711.692,4.253,0.438,0.0,431.401,22.919,3.345,9554572.655,1746737.1149999998
2024-10-23 16:40:48,52.0,37.34946349,-121.93628865000001,3715.597,3.6060000000000003,-0.7,0.0,432.166,15.819999999999999,2.19,9554575.649,1746740.145
2024-10-23 16:40:49,52.0,37.349439610000005,-121.93625499,3719.8540000000003,4.398000000000001,0.8320000000000001,0.0,432.725,28.279000000000003,2.241,9554574.703,1746742.7859999998
2024-10-23 16:40:50,52.0,37.34943929,-121.93620947,3724.0660000000003,4.164,-0.22799999999999998,0.0,433.196,17.695999999999998,1.815,9554571.140999999,1746742.758
2024-10-23 16:40:51,52.0,37.34945703,-121.93616870000001,3728.2339999999995,4.144,-0.045,0.0,433.65500000000003,17.237000000000002,1.656,9554566.662999999,1746740.7100000002
2024-10-23 16:40:52,52.0,37.34948508,-121.93613806,3732.4800000000005,4.247999999999999,0.13599999999999998,0.0,434.113,18.627000000000002,2.275,9554562.245000001,1746737.511
2024-10-23 16:40:53,52.0,37.34951224,-121.93613613,3735.728,3.2039999999999997,-1.038,0.0,434.66400000000004,7.128,1.7510000000000001,9554560.151999999,1746734.454
2024-10-23 16:40:54,52.0,37.34952665,-121.93615595000001,3738.218,2.496,-0.787,0.0,435.02700000000004,9.538,1.3050000000000002,9554560.684,1746732.8620000002
2024-10-23 16:40:55,52.0,37.34953392,-121.93618031000001,3740.547,2.325,-0.11800000000000002,0.0,435.36499999999995,8.812999999999999,1.435,9554562.084,1746732.0760000001
2024-10-23 16:40:56,52.0,37.34953799,-121.93620000000001,3742.392,1.799,-0.528,0.0,435.70200000000006,5.4399999999999995,0.998,9554563.342,1746731.6469999999
2024-10-23 16:40:57,52.0,37.34954388,-121.93621508000001,3743.91,1.502,-0.321,0.0,435.83900000000006,6.335,0.30500000000000005,9554564.112,1746731.004
2024-10-23 16:40:58,52.0,37.34954974,-121.93622937,3745.3599999999997,1.435,-0.051000000000000004,0.0,435.90500000000003,6.138,0.251,9554564.815000001,1746730.366
2024-10-23 16:40:59,52.0,37.34955001,-121.93624546999999,3746.828,1.4689999999999999,0.023,0.0,435.968,7.170999999999999,0.22999999999999998,9554566.067,1746730.357
2024-10-23 16:41:00,52.0,37.34954238,-121.93626417,3748.743,1.911,0.441,0.0,436.078,11.398,0.8619999999999999,9554568.083,1746731.242
2024-10-23 16:41:01,52.0,37.349527339999995,-121.93628042,3750.982,2.2079999999999997,0.352,0.0,436.38,8.896,1.385,9554570.439,1746732.955
2024-10-23 16:41:02,52.0,37.34951654,-121.936293,3752.653,1.6149999999999998,-0.614,0.0,436.68199999999996,4.808,0.719,9554572.199,1746734.1870000002
2024-10-23 16:41:03,52.0,37.349509669999996,-121.93630266,3753.825,1.1320000000000001,-0.511,0.0,436.767,4.076,0.24,9554573.451000001,1746734.9740000002
2024-10-23 16:41:04,52.0,37.34950067,-121.9363042,3754.943,1.04,-0.086,0.0,436.823,4.814,0.201,9554574.216,1746735.986
2024-10-23 16:41:05,52.0,37.34949261,-121.93629776,3756.0389999999998,1.06,0.03,0.0,436.879,4.599,0.23700000000000002,9554574.285,1746736.8850000002
2024-10-23 16:41:06,52.0,37.34948573,-121.93628765999999,3757.236,1.14,0.076,0.0,436.936,5.157,0.231,9554573.983,1746737.643
2024-10-23 16:41:07,52.0,37.34947985,-121.93627618000001,3758.468,1.209,0.071,0.0,436.99300000000005,5.483,0.21600000000000003,9554573.497,1746738.289
2024-10-23 16:41:08,52.0,37.34947535,-121.93626322,3759.7419999999997,1.251,0.05,0.0,437.04799999999994,5.339,0.242,9554572.797,1746738.7780000002
2024-10-23 16:41:09,52.0,37.3494705,-121.93625147,3760.9370000000004,1.1729999999999998,-0.086,0.0,437.10900000000004,5.039,0.233,9554572.217999998,1746739.309
2024-10-23 16:41:10,52.0,37.34946619,-121.93624026,3762.061,1.106,-0.064,0.0,437.16499999999996,4.512,0.231,9554571.642,1746739.776
2024-10-23 16:41:11,52.0,37.34946603,-121.93623055999998,3762.995,0.869,-0.24900000000000003,0.0,437.224,3.319,0.23399999999999999,9554570.892,1746739.781
2024-10-23 16:41:12,52.0,37.3494699,-121.9362214,3763.9339999999997,0.9470000000000001,0.093,0.0,437.274,4.296,0.16299999999999998,9554569.893000001,1746739.334
2024-10-23 16:41:13,52.0,37.34947442,-121.9362143,3764.7589999999996,0.8310000000000001,-0.119,0.0,437.314,3.688,0.156,9554569.01,1746738.815
2024-10-23 16:41:14,52.0,37.34947826,-121.93620682999999,3765.612,0.834,0.012,0.0,437.35,3.4899999999999998,0.129,9554568.148,1746738.3730000001
2024-10-23 16:41:15,52.0,37.349475919999996,-121.93620094999999,3766.2940000000003,0.5860000000000001,-0.26,0.0,437.384,2.331,0.152,9554567.853,1746738.629
2024-10-23 16:41:16,52.0,37.349473720000006,-121.93619698,3766.7769999999996,0.40499999999999997,-0.185,0.0,437.412,1.547,0.07200000000000001,9554567.696,1746738.8699999999
2024-10-23 16:41:17,52.0,37.34947364,-121.93619587999999,3767.005,0.157,-0.265,0.0,437.43,0.654,0.099,9554567.616,1746738.8769999999
2024-10-23 16:41:18,52.0,37.34947434,-121.93620326,3767.7519999999995,0.697,0.532,0.0,437.465,4.8260000000000005,0.192,9554568.147,1746738.809
2024-10-23 16:41:19,52.0,37.34947505,-121.93621601,3768.899,1.158,0.504,0.0,437.521,5.1579999999999995,0.23500000000000001,9554569.101,1746738.7480000001
2024-10-23 16:41:20,52.0,37.349475229999996,-121.93622979,3770.1339999999996,1.2269999999999999,0.048,0.0,437.579,5.659,0.219,9554570.173,1746738.746
2024-10-23 16:41:21,52.0,37.349475059999996,-121.93624339,3771.3540000000003,1.204,-0.013000000000000001,0.0,437.631,5.051,0.192,9554571.256000001,1746738.7850000001
2024-10-23 16:41:22,52.0,37.34947512,-121.93625615,3772.4970000000003,1.137,-0.075,0.0,437.674,4.761,0.158,9554572.258,1746738.793
2024-10-23 16:41:23,52.0,37.34947554,-121.93626848,3773.607,1.1,-0.041,0.0,437.713,4.756,0.143,9554573.198,1746738.764
2024-10-23 16:41:24,52.0,37.34947715,-121.93628039000001,3774.701,1.0610000000000002,-0.038,0.0,437.747,4.628,0.14,9554574.019,1746738.598
2024-10-23 16:41:25,52.0,37.34948083,-121.93629189999999,3775.8190000000004,1.1099999999999999,0.049,0.0,437.784,4.919,0.156,9554574.665000001,1746738.202
2024-10-23 16:41:26,52.0,37.34948636,-121.93630068,3776.843,1.0130000000000001,-0.08499999999999999,0.0,437.82700000000006,3.96,0.188,9554574.963,1746737.591
2024-10-23 16:41:27,52.0,37.34949547,-121.93630576000001,3778.013,1.153,0.1,0.0,437.87600000000003,6.945,0.248,9554574.712000001,1746736.575
2024-10-23 16:41:28,52.0,37.34951275,-121.93630345,3779.978,2.018,0.9029999999999999,0.0,438.005,13.591,0.952,9554573.294,1746734.6269999999
2024-10-23 16:41:29,52.0,37.3495296,-121.93629289999998,3782.095,2.125,0.144,0.0,438.3,7.286,1.028,9554571.259,1746732.7179999999
2024-10-23 16:41:30,52.0,37.34954251,-121.93627916999999,3784.017,1.8829999999999998,-0.305,0.0,438.492,8.531,0.804,9554569.254999999,1746731.246
2024-10-23 16:41:31,52.0,37.34954888,-121.93625903,3785.999,1.955,0.096,0.0,438.72200000000004,8.863,0.842,9554567.212000001,1746730.5009999997
2024-10-23 16:41:32,52.0,37.34954754,-121.93622952999999,3788.643,2.691,0.6849999999999999,0.0,438.92600000000004,24.384999999999998,1.0230000000000001,9554564.986,1746730.6149999998
2024-10-23 16:41:33,52.0,37.34954391,-121.93619172000001,3792.0370000000003,3.4939999999999998,0.9209999999999999,0.0,439.262,15.118,1.401,9554562.268000001,1746730.97
2024-10-23 16:41:34,52.0,37.349544550000005,-121.93615564,3795.246,3.196,-0.379,0.0,439.56000000000006,13.999,1.094,9554559.379999999,1746730.848
2024-10-23 16:41:35,52.0,37.34954795,-121.93611982,3798.4489999999996,3.1879999999999997,0.015,0.0,439.85900000000004,12.402,1.2950000000000002,9554556.315000001,1746730.416
2024-10-23 16:41:36,52.0,37.34955263,-121.93609086,3801.077,2.613,-0.5589999999999999,0.0,440.159,6.995,1.064,9554553.7,1746729.852
2024-10-23 16:41:37,52.0,37.34955778,-121.93607443,3802.665,1.486,-1.1700000000000002,0.0,440.39399999999995,4.057,0.6479999999999999,9554552.037999999,1746729.247
2024-10-23 16:41:38,52.0,37.34956252,-121.93606083,3804.023,1.3,-0.198,0.0,440.50600000000003,6.520999999999999,0.5860000000000001,9554550.628,1746728.697
2024-10-23 16:41:39,52.0,37.34956536,-121.9360494,3805.281,1.1720000000000002,-0.06799999999999999,0.0,440.71099999999996,3.896,0.772,9554549.524,1746728.3620000002
2024-10-23 16:41:40,52.0,37.349576389999996,-121.93605432,3806.703,1.376,0.13199999999999998,0.0,440.831,9.91,0.392,9554549.124000002,1746727.129
2024-10-23 16:41:41,52.0,37.34959248,-121.93606381,3808.707,1.9629999999999999,0.642,0.0,441.01800000000003,10.2,1.0879999999999999,9554548.722,1746725.33
2024-10-23 16:41:42,52.0,37.34961209,-121.93606009,3811.101,2.314,0.347,0.0,441.321,11.825,1.309,9554547.026999999,1746723.1199999999
2024-10-23 16:41:43,52.0,37.34962109,-121.93603936,3813.3839999999996,2.239,-0.042,0.0,441.645,7.616,1.09,9554544.753,1746722.0809999998
2024-10-23 16:41:44,52.0,37.34961954,-121.9360275,3814.621,1.1400000000000001,-1.101,0.0,441.88199999999995,2.683,0.952,9554543.928,1746722.239
2024-10-23 16:41:45,52.0,37.349610760000004,-121.93603676000001,3816.054,1.359,0.14799999999999996,0.0,442.10699999999997,11.448,0.858,9554545.286,1746723.238
2024-10-23 16:41:46,52.0,37.3496062,-121.93605276999999,3817.6620000000003,1.561,0.28200000000000003,0.0,442.305,5.3420000000000005,0.591,9554546.872,1746723.7719999999
2024-10-23 16:41:47,52.0,37.349606720000004,-121.93606785,3819.0510000000004,1.407,-0.213,0.0,442.413,6.163,0.42400000000000004,9554548.024,1746723.736
2024-10-23 16:41:48,52.0,37.349603890000004,-121.93607749,3820.0629999999996,0.9720000000000001,-0.378,0.0,442.521,2.852,0.358,9554548.983,1746724.068
2024-10-23 16:41:49,52.0,37.34960921,-121.93607888,3820.852,0.6910000000000001,-0.34400000000000003,0.0,442.593,3.915,0.325,9554548.714,1746723.47
2024-10-23 16:41:50,52.0,37.349615310000004,-121.93608342,3821.768,0.8470000000000001,0.179,0.0,442.678,3.6020000000000003,0.23700000000000002,9554548.635,1746722.7899999998
2024-10-23 16:41:51,52.0,37.34962015,-121.93609274,3822.79,0.9470000000000001,0.084,0.0,442.724,4.545,0.174,9554549.023,1746722.261
2024-10-23 16:41:52,52.0,37.34962502,-121.93610550999999,3824.057,1.226,0.288,0.0,442.76300000000003,6.411,0.203,9554549.682,1746721.7289999998
2024-10-23 16:41:53,52.0,37.34962792,-121.93612049999999,3825.4559999999997,1.373,0.16399999999999998,0.0,442.83599999999996,5.892,0.301,9554550.654,1746721.4239999999
2024-10-23 16:41:54,52.0,37.34962443,-121.93613544,3826.933,1.4609999999999999,0.062,0.0,442.91099999999994,7.404999999999999,0.48600000000000004,9554552.081999999,1746721.836
2024-10-23 16:41:55,52.0,37.34961336,-121.93614212,3828.4900000000002,1.481,0.054000000000000006,0.0,443.09400000000005,5.686999999999999,0.776,9554553.398,1746723.091
2024-10-23 16:41:56,52.0,37.34959888,-121.93613088,3830.489,2.009,0.462,0.0,443.282,17.113,0.942,9554553.546,1746724.705
2024-10-23 16:41:57,52.0,37.349572210000005,-121.93612981999999,3833.5440000000003,3.0900000000000003,1.177,0.0,443.591,18.341,1.393,9554555.370000001,1746727.7010000001
2024-10-23 16:41:58,52.0,37.34954786,-121.93612478,3836.4269999999997,2.834,-0.277,0.0,443.918,8.911,1.1380000000000001,9554556.713,1746730.4329999997
2024-10-23 16:41:59,52.0,37.34954383,-121.93610836,3838.3940000000002,1.864,-1.03,0.0,444.16099999999994,4.978,0.692,9554555.706999999,1746730.8649999998
2024-10-23 16:42:00,52.0,37.34955585,-121.9361032,3839.911,1.5939999999999999,-0.28700000000000003,0.0,444.267,7.485000000000001,0.32999999999999996,9554554.442,1746729.5050000001
2024-10-23 16:42:01,52.0,37.34957097,-121.93610226999999,3841.6089999999995,1.7579999999999998,0.184,0.0,444.354,9.521,0.541,9554553.289,1746727.8050000002
2024-10-23 16:42:02,52.0,37.349591249999996,-121.93609493,3843.988,2.384,0.6100000000000001,0.0,444.578,18.34,1.417,9554551.262,1746725.514
2024-10-23 16:42:03,52.0,37.34962476,-121.93606671,3848.5510000000004,4.6129999999999995,2.245,0.0,445.13199999999995,68.842,2.847,9554546.644,1746721.7059999998
2024-10-23 16:42:04,52.0,37.34966014,-121.93601929000002,3854.4139999999998,5.851,1.333,0.0,445.901,31.296999999999997,3.3609999999999998,9554540.381000001,1746717.663
2024-10-23 16:42:05,52.0,37.3496838,-121.93595223,3860.957,6.5200000000000005,0.579,0.0,446.742,43.916000000000004,3.475,9554533.408,1746714.9080000003
2024-10-23 16:42:06,52.0,37.34969728,-121.93589028,3866.697,5.781000000000001,-0.5780000000000001,0.0,447.77200000000005,21.015,3.909,9554527.565000001,1746713.3079999997
2024-10-23 16:42:07,52.0,37.34968939,-121.93587123,3869.2239999999997,2.357,-3.652,0.0,448.349,10.446,1.044,9554526.628,1746714.168
2024-10-23 16:42:08,52.0,37.3496778,-121.93588484,3871.1449999999995,2.087,-0.29,0.0,448.58500000000004,13.056999999999999,1.099,9554528.53,1746715.4899999998
2024-10-23 16:42:09,52.0,37.34966628,-121.93590862,3873.632,2.516,0.553,0.0,448.87700000000007,12.436,1.231,9554531.225,1746716.818
2024-10-23 16:42:10,52.0,37.349654380000004,-121.93593414,3876.28,2.6350000000000002,0.101,0.0,449.216,11.781,1.441,9554534.084999999,1746718.191
2024-10-23 16:42:11,52.0,37.349641739999996,-121.93595866000001,3878.8940000000002,2.631,-0.01,0.0,449.562,11.596,1.269,9554536.92,1746719.6469999999
2024-10-23 16:42:12,52.0,37.34962841,-121.93598358,3881.576,2.68,0.053000000000000005,0.0,449.88199999999995,11.763,1.3980000000000001,9554539.836,1746721.1809999999
2024-10-23 16:42:13,52.0,37.34961468,-121.93600652,3884.137,2.548,-0.132,0.0,450.253,9.690000000000001,1.473,9554542.623,1746722.757
2024-10-23 16:42:14,52.0,37.34960155,-121.93602806999999,3886.5550000000003,2.402,-0.161,0.0,450.593,10.524,1.294,9554545.257,1746724.2629999998
2024-10-23 16:42:15,52.0,37.34958913,-121.93605107,3889.036,2.489,0.093,0.0,450.91999999999996,11.507,1.323,9554547.959,1746725.6920000003
2024-10-23 16:42:16,52.0,37.34957753,-121.93607509,3891.5449999999996,2.526,0.059,0.0,451.25699999999995,10.342,1.451,9554550.679,1746727.0280000002
2024-10-23 16:42:17,52.0,37.3495669,-121.93609552000001,3893.749,2.181,-0.34900000000000003,0.0,451.63800000000003,7.075,1.348,9554553.048,1746728.254
2024-10-23 16:42:18,52.0,37.34955539,-121.93610719,3895.4190000000003,1.636,-0.568,0.0,451.85,5.723,0.42000000000000004,9554554.787,1746729.5629999998
2024-10-23 16:42:19,52.0,37.34954335,-121.93611476999999,3896.9260000000004,1.5150000000000001,-0.11800000000000002,0.0,451.92300000000006,6.468000000000001,0.256,9554556.246,1746730.927
2024-10-23 16:42:20,52.0,37.34953109,-121.93612060999999,3898.393,1.4609999999999999,-0.039,0.0,451.98900000000003,6.05,0.252,9554557.581999999,1746732.3129999998
2024-10-23 16:42:21,52.0,37.349518610000004,-121.93612661,3899.886,1.478,-0.005000000000000002,0.0,452.05199999999996,7.431,0.311,9554558.947999999,1746733.725
2024-10-23 16:42:22,52.0,37.34950432,-121.93613636,3901.7120000000004,1.83,0.377,0.0,452.207,9.098,1.014,9554560.735,1746735.3469999998
2024-10-23 16:42:23,52.0,37.34949186,-121.93614848,3903.4919999999997,1.775,-0.04,0.0,452.521,6.601000000000001,1.276,9554562.579,1746736.7629999998
2024-10-23 16:42:24,52.0,37.34948307,-121.93615224,3904.647,1.09,-0.6849999999999999,0.0,452.709,2.8739999999999997,0.242,9554563.504,1746737.758
2024-10-23 16:42:25,52.0,37.34948167,-121.93614788,3905.2160000000003,0.48100000000000004,-0.654,0.0,452.744,1.971,0.11100000000000002,9554563.261,1746737.9080000003
2024-10-23 16:42:26,52.0,37.34947845,-121.93614494,3905.7110000000002,0.421,-0.036,0.0,452.77199999999993,1.72,0.094,9554563.26,1746738.2670000002
2024-10-23 16:42:27,52.0,37.34947585,-121.93614283,3906.1,0.339,-0.097,0.0,452.79200000000003,1.498,0.08,9554563.279000001,1746738.5550000002
2024-10-23 16:42:28,52.0,37.34947437,-121.93614296999999,3906.278,0.154,-0.177,0.0,452.809,0.598,0.06899999999999999,9554563.396000002,1746738.7219999998
2024-10-23 16:42:29,52.0,37.349478069999996,-121.93614152,3906.6690000000003,0.47000000000000003,0.305,0.0,452.83099999999996,2.4690000000000003,0.11300000000000002,9554563.018000001,1746738.3050000002
2024-10-23 16:42:30,52.0,37.349484610000005,-121.9361374,3907.53,0.914,0.45999999999999996,0.0,452.86499999999995,5.62,0.187,9554562.226,1746737.5629999998
2024-10-23 16:42:31,52.0,37.34949812,-121.93612784,3909.2690000000002,1.858,0.95,0.0,452.99399999999997,13.475,0.9550000000000001,9554560.507,1746736.031
2024-10-23 16:42:32,52.0,37.34951563,-121.9361126,3911.6510000000003,2.442,0.591,0.0,453.26099999999997,13.707999999999998,1.153,9554558.058,1746734.041
2024-10-23 16:42:33,52.0,37.34953595,-121.9360962,3914.347,2.755,0.317,0.0,453.604,12.134,1.472,9554555.312,1746731.7329999998
2024-10-23 16:42:34,52.0,37.34955577,-121.93608366999999,3916.829,2.4699999999999998,-0.284,0.0,453.971,8.293000000000001,1.457,9554552.909,1746729.486
2024-10-23 16:42:35,52.0,37.34957195,-121.93607505,3918.7949999999996,1.9280000000000002,-0.5980000000000001,0.0,454.285,7.659999999999999,0.945,9554551.074000001,1746727.6570000001
2024-10-23 16:42:36,52.0,37.34959045,-121.93606706,3920.986,2.234,0.312,0.0,454.50699999999995,12.686,0.9470000000000001,9554549.124000002,1746725.565
2024-10-23 16:42:37,52.0,37.34961224,-121.93605971,3923.529,2.5620000000000003,0.41400000000000003,0.0,454.80600000000004,11.181000000000001,1.535,9554546.989,1746723.1030000001
2024-10-23 16:42:38,52.0,37.34963985,-121.93606238,3926.661,3.18,0.5509999999999999,0.0,455.296,31.133,2.434,9554545.224,1746720.0019999999
2024-10-23 16:42:39,52.0,37.34966088,-121.93607801,3929.5809999999997,2.857,-0.22400000000000003,0.0,455.83000000000004,6.365,1.546,9554544.953,1746717.6609999998
2024-10-23 16:42:40,52.0,37.349663050000004,-121.93609497,3931.2410000000004,1.592,-1.3780000000000001,0.0,456.12600000000003,3.9299999999999997,0.694,9554546.134,1746717.4370000002
2024-10-23 16:42:41,52.0,37.34965733,-121.93610865000001,3932.6270000000004,1.371,-0.24299999999999997,0.0,456.209,7.667,0.294,9554547.620000001,1746718.1
2024-10-23 16:42:42,52.0,37.3496499,-121.93612532,3934.335,1.69,0.379,0.0,456.291,7.923,0.339,9554549.463,1746718.9600000002
2024-10-23 16:42:43,52.0,37.349642419999995,-121.93614384,3936.185,1.847,0.137,0.0,456.38500000000005,9.266,0.615,9554551.456,1746719.825
2024-10-23 16:42:44,52.0,37.34963538,-121.93616348,3938.111,1.908,0.073,0.0,456.619,7.975,1.043,9554553.507,1746720.644
2024-10-23 16:42:45,52.0,37.34962802,-121.93618102,3939.9080000000004,1.7469999999999999,-0.162,0.0,456.89,6.372,1.01,9554555.414,1746721.497
2024-10-23 16:42:46,52.0,37.34961926,-121.9361905,3941.2300000000005,1.294,-0.465,0.0,457.08599999999996,4.549,0.701,9554556.787,1746722.493
2024-10-23 16:42:47,52.0,37.34960522,-121.93619931,3942.982,1.691,0.347,0.0,457.276,14.231,0.908,9554558.484000001,1746724.086
2024-10-23 16:42:48,52.0,37.34958497,-121.93621673,3945.7309999999998,2.8129999999999997,1.2269999999999999,0.0,457.59499999999997,16.835,1.572,9554561.303,1746726.386
2024-10-23 16:42:49,52.0,37.34956279,-121.93623354000002,3948.6339999999996,2.916,0.081,0.0,457.98,13.080000000000002,1.5230000000000001,9554564.212000001,1746728.9030000002
2024-10-23 16:42:50,52.0,37.34953881,-121.93624613,3951.5440000000003,2.939,0.006999999999999999,0.0,458.36499999999995,12.350999999999999,1.577,9554566.918000001,1746731.6190000002
2024-10-23 16:42:51,52.0,37.34951631,-121.93625399,3954.155,2.632,-0.29100000000000004,0.0,458.771,8.501999999999999,1.596,9554569.145,1746734.159
2024-10-23 16:42:52,52.0,37.3494999,-121.93625861000001,3956.0440000000003,1.8699999999999999,-0.787,0.0,459.08900000000006,5.224,0.7,9554570.681,1746736.012
2024-10-23 16:42:53,52.0,37.34948681,-121.93625969,3957.518,1.481,-0.41100000000000003,0.0,459.17600000000004,6.011,0.23500000000000001,9554571.701000001,1746737.484
2024-10-23 16:42:54,52.0,37.3494743,-121.93625759,3958.928,1.4369999999999998,-0.020999999999999998,0.0,459.23,6.188,0.215,9554572.43,1746738.8879999998
2024-10-23 16:42:55,52.0,37.34946253,-121.93625449000001,3960.28,1.35,-0.089,0.0,459.285,5.558,0.225,9554573.026,1746740.2079999999
2024-10-23 16:42:56,52.0,37.34945217,-121.93624772000001,3961.611,1.324,-0.027000000000000003,0.0,459.341,5.754,0.213,9554573.234000001,1746741.363
2024-10-23 16:42:57,52.0,37.34944276,-121.93623912999999,3962.9139999999998,1.301,-0.015000000000000003,0.0,459.389,5.458,0.179,9554573.228999998,1746742.4100000001
2024-10-23 16:42:58,52.0,37.34943414,-121.93623012999998,3964.185,1.26,-0.05,0.0,459.436,5.582,0.20400000000000001,9554573.136,1746743.3649999998
2024-10-23 16:42:59,52.0,37.3494259,-121.93621933,3965.522,1.333,0.083,0.0,459.48699999999997,5.925,0.201,9554572.875,1746744.2789999999
2024-10-23 16:43:00,52.0,37.34941566,-121.93621063,3966.921,1.373,0.038,0.0,459.53999999999996,6.264,0.28500000000000003,9554572.921,1746745.418
2024-10-23 16:43:01,52.0,37.34940479,-121.93620696999999,3968.275,1.3459999999999999,0.008000000000000002,0.0,459.69300000000004,5.022,0.89,9554573.41,1746746.637
2024-10-23 16:43:02,52.0,37.34941046,-121.93619138,3970.1629999999996,1.722,0.254,0.0,459.946,24.246,1.25,9554571.776999999,1746745.975
2024-10-23 16:43:03,52.0,37.34942433,-121.9361609,3973.3010000000004,3.2350000000000003,1.707,0.0,460.375,15.608,1.957,9554568.385,1746744.375
2024-10-23 16:43:04,52.0,37.34942552,-121.93614116,3975.186,1.764,-1.561,0.0,460.674,4.237,0.403,9554566.743999999,1746744.2140000002
2024-10-23 16:43:05,52.0,37.3494213,-121.93613429,3976.024,0.726,-1.1019999999999999,0.0,460.725,2.081,0.10500000000000001,9554566.506000001,1746744.679
2024-10-23 16:43:06,52.0,37.34941934,-121.93613339999999,3976.3379999999997,0.2,-0.518,0.0,460.744,0.8109999999999999,0.076,9554566.574000001,1746744.8989999997
2024-10-23 16:43:07,52.0,37.34942259,-121.93613429,3976.764,0.45999999999999996,0.28500000000000003,0.0,460.765,2.2670000000000003,0.087,9554566.412999999,1746744.5350000001
2024-10-23 16:43:08,52.0,37.3494277,-121.93613461,3977.435,0.689,0.242,0.0,460.79200000000003,3.6130000000000004,0.146,9554566.072,1746743.9600000002
2024-10-23 16:43:09,52.0,37.349435299999996,-121.93613291,3978.3089999999997,0.908,0.21400000000000002,0.0,460.834,4.470000000000001,0.16499999999999998,9554565.396,1746743.1010000003
2024-10-23 16:43:10,52.0,37.34944539,-121.93613131,3979.47,1.19,0.282,0.0,460.87600000000003,5.889,0.186,9554564.548999999,1746741.9640000002
2024-10-23 16:43:11,52.0,37.349456829999994,-121.93612660000001,3980.828,1.371,0.18,0.0,460.93,6.617,0.312,9554563.361,1746740.673
2024-10-23 16:43:12,52.0,37.34947027,-121.93612347999999,3982.3940000000002,1.561,0.182,0.0,461.02700000000004,7.804,0.379,9554562.153,1746739.159
2024-10-23 16:43:13,52.0,37.34948659,-121.93613215999999,3984.416,1.9919999999999998,0.434,0.0,461.169,11.798,0.915,9554561.671,1746737.3329999999
2024-10-23 16:43:14,52.0,37.34950515,-121.93614701999999,3986.875,2.465,0.509,0.0,461.453,11.934000000000001,1.284,9554561.515999999,1746735.2670000002
2024-10-23 16:43:15,52.0,37.34952184,-121.93615528999999,3988.95,2.023,-0.446,0.0,461.758,5.966,0.938,9554560.976,1746733.402
2024-10-23 16:43:16,52.0,37.349533459999996,-121.93614497000002,3990.7580000000003,1.705,-0.385,0.0,461.934,8.301,0.633,9554559.33,1746732.08
2024-10-23 16:43:17,52.0,37.34954434,-121.93612249999998,3993.2090000000003,2.4379999999999997,0.76,0.0,462.11800000000005,17.689,0.9400000000000001,9554556.785,1746730.8280000002
2024-10-23 16:43:18,52.0,37.34957333,-121.93611286999999,3996.679,3.493,1.099,0.0,462.43,24.741999999999997,1.614,9554553.955,1746727.553
2024-10-23 16:43:19,52.0,37.34960085,-121.93612020999998,3999.8940000000002,3.225,-0.22199999999999998,0.0,462.889,8.057,1.834,9554552.565000001,1746724.4670000002
2024-10-23 16:43:20,52.0,37.3496117,-121.93613887000001,4002.0989999999997,2.15,-1.174,0.0,463.279,6.149,1.246,9554553.26,1746723.2739999997
2024-10-23 16:43:21,52.0,37.349610510000005,-121.9361594,4003.9669999999996,1.8510000000000002,-0.305,0.0,463.49899999999997,8.375,0.495,9554554.961,1746723.434
2024-10-23 16:43:22,52.0,37.34960575,-121.93618251000001,4006.095,2.123,0.298,0.0,463.64799999999997,11.122,0.985,9554557.124,1746724.0019999999
2024-10-23 16:43:23,52.0,37.349600880000004,-121.93620568000001,4008.2599999999998,2.1599999999999997,0.093,0.0,463.976,7.6530000000000005,1.393,9554559.297,1746724.5829999999
2024-10-23 16:43:24,52.0,37.3496107,-121.9362151,4010.0860000000002,1.6309999999999998,-0.621,0.0,464.22200000000004,8.657,0.674,9554559.335,1746723.489
2024-10-23 16:43:25,52.0,37.349632099999994,-121.93620431,4012.739,2.6580000000000004,1.029,0.0,464.447,24.854,1.232,9554556.956999999,1746721.0690000001
2024-10-23 16:43:26,52.0,37.34965414,-121.93617131,4016.6510000000003,3.939,1.365,0.0,464.821,26.389999999999997,1.684,9554552.782000002,1746718.5469999998
2024-10-23 16:43:27,52.0,37.34966489,-121.93612948,4020.6059999999998,3.966,0.031000000000000007,0.0,465.274,12.934000000000001,1.9309999999999998,9554548.720999999,1746717.28
2024-10-23 16:43:28,52.0,37.34965776,-121.93609862000001,4023.678,3.019,-0.9879999999999999,0.0,465.75699999999995,7.161,1.765,9554546.8,1746718.039
2024-10-23 16:43:29,52.0,37.34964094,-121.93609464000001,4025.8019999999997,2.077,-0.977,0.0,466.09400000000005,6.455,1.0550000000000002,9554547.687,1746719.924
2024-10-23 16:43:30,52.0,37.349630739999995,-121.93609609,4026.999,1.161,-0.916,0.0,466.349,3.507,0.884,9554548.531,1746721.0739999998
2024-10-23 16:43:31,52.0,37.34961736,-121.93610552,4028.739,1.794,0.6,0.0,466.588,16.93,1.228,9554550.23,1746722.5929999999
2024-10-23 16:43:32,52.0,37.349598209999996,-121.93611261000001,4031.2120000000004,2.46,0.8,0.0,466.895,9.83,1.137,9554552.156,1746724.753
2024-10-23 16:43:33,52.0,37.34959868,-121.93608981,4033.988,2.534,-0.088,0.0,467.215,21.971,1.416,9554550.328,1746724.671
2024-10-23 16:43:34,52.0,37.3496224,-121.93606347,4037.5510000000004,3.6990000000000003,1.343,0.0,467.628,21.147,1.739,9554546.558,1746721.966
2024-10-23 16:43:35,52.0,37.34963606,-121.93604742,4039.66,1.971,-1.781,0.0,467.916,4.984,0.635,9554544.317,1746720.409
2024-10-23 16:43:36,52.0,37.349648380000005,-121.93604427,4041.179,1.375,-0.727,0.0,468.02799999999996,8.008,0.41600000000000004,9554543.188,1746719.018
2024-10-23 16:43:37,52.0,37.34966559,-121.93606422,4043.9190000000003,2.691,1.325,0.0,468.27200000000005,35.815,2.125,9554543.53,1746717.109
2024-10-23 16:43:38,52.0,37.34969137,-121.93609799000001,4048.2410000000004,4.39,1.9289999999999998,0.0,469.096,28.337,3.4019999999999997,9554544.348000001,1746714.258
2024-10-23 16:43:39,52.0,37.34969951,-121.93608621000001,4051.13,2.433,-2.243,0.0,469.65500000000003,28.297000000000004,1.541,9554542.837000001,1746713.3260000001
2024-10-23 16:43:40,52.0,37.34967661,-121.93604753,4055.4629999999997,4.514,2.154,0.0,470.08900000000006,52.391,2.067,9554541.428,1746715.8469999998
2024-10-23 16:43:41,52.0,37.34963792,-121.93600839000001,4061.0389999999998,5.66,1.283,0.0,470.689,33.076,2.677,9554541.11,1746720.1460000002
2024-10-23 16:43:42,52.0,37.34960219,-121.93598516,4065.62,4.607,-1.005,0.0,471.41400000000004,15.561000000000002,2.588,9554541.833,1746724.132
2024-10-23 16:43:43,52.0,37.3495781,-121.93597545,4068.9620000000004,2.996,-1.927,0.0,472.01300000000003,31.797000000000004,2.529,9554542.791,1746726.827
2024-10-23 16:43:44,52.0,37.34953496,-121.93599031000001,4073.964,5.191,2.4219999999999997,0.0,472.604,48.916999999999994,2.493,9554547.042,1746731.6989999998
2024-10-23 16:43:45,52.0,37.34949889,-121.93601397,4078.532,4.612,-0.514,0.0,473.23999999999995,9.855,2.2039999999999997,9554551.484000001,1746735.788
2024-10-23 16:43:46,52.0,37.34947709,-121.93603809000001,4081.7949999999996,3.225,-1.504,0.0,473.73999999999995,7.42,1.934,9554554.943,1746738.273
2024-10-23 16:43:47,52.0,37.34946382,-121.93606024,4084.2879999999996,2.4219999999999997,-0.8160000000000001,0.0,474.166,8.019,1.424,9554557.634,1746739.796
2024-10-23 16:43:48,52.0,37.34945467,-121.93608013000001,4086.353,2.054,-0.31,0.0,474.50600000000003,6.726999999999999,1.377,9554559.856,1746740.852
2024-10-23 16:43:49,52.0,37.34944703,-121.93608830999999,4087.5510000000004,1.136,-0.9470000000000001,0.0,474.76599999999996,3.1510000000000002,0.471,9554561.045,1746741.7210000001
2024-10-23 16:43:50,52.0,37.34944061,-121.93608875,4088.315,0.74,-0.429,0.0,474.821,3.127,0.174,9554561.539,1746742.4449999998
2024-10-23 16:43:51,52.0,37.349436909999994,-121.93608323000001,4089.036,0.6990000000000001,-0.008,0.0,474.861,2.901,0.178,9554561.368999999,1746742.8530000001
2024-10-23 16:43:52,52.0,37.3494362,-121.93607559,4089.8190000000004,0.771,0.037,0.0,474.933,4.63,0.592,9554560.816,1746742.923
2024-10-23 16:43:53,52.0,37.3494443,-121.93606448999999,4091.2120000000004,1.416,0.716,0.0,475.121,7.141,0.523,9554559.363,1746741.996
2024-10-23 16:43:54,52.0,37.34945403,-121.93605803,4092.454,1.246,-0.182,0.0,475.195,4.793,0.23500000000000001,9554558.161,1746740.894
2024-10-23 16:43:55,52.0,37.34946448,-121.93605620000001,4093.665,1.26,-0.011999999999999995,0.0,475.25200000000007,5.949,0.24,9554557.271000002,1746739.716
2024-10-23 16:43:56,52.0,37.34947684,-121.93606087,4095.112,1.488,0.227,0.0,475.32,7.8740000000000006,0.33399999999999996,9554556.754,1746738.333
2024-10-23 16:43:57,52.0,37.3494932,-121.93606279000001,4096.963000000001,1.9009999999999998,0.426,0.0,475.48400000000004,10.375,1.064,9554555.737,1746736.4949999999
2024-10-23 16:43:58,52.0,37.34951144,-121.93606195,4099.005,2.109,0.23500000000000001,0.0,475.788,8.846,1.294,9554554.365,1746734.4420000003
2024-10-23 16:43:59,52.0,37.34952474,-121.93606611,4100.586,1.5630000000000002,-0.58,0.0,476.082,4.929,0.764,9554553.743999999,1746732.9530000002
2024-10-23 16:44:00,52.0,37.34953376,-121.93607653,4101.972,1.393,-0.184,0.0,476.171,6.0200000000000005,0.191,9554553.919,1746731.9530000002
2024-10-23 16:44:01,52.0,37.34954055,-121.93608824,4103.275,1.294,-0.082,0.0,476.21899999999994,5.407,0.191,9554554.356999999,1746731.205
2024-10-23 16:44:02,52.0,37.34954538,-121.93610140000001,4104.5779999999995,1.286,-0.009,0.0,476.275,5.547,0.28700000000000003,9554555.047,1746730.679
2024-10-23 16:44:03,52.0,37.34955038,-121.93611201000002,4105.736,1.098,-0.185,0.0,476.34499999999997,4.165,0.24100000000000002,9554555.526,1746730.132
2024-10-23 16:44:04,52.0,37.349549790000005,-121.93612653,4107.092,1.322,0.179,0.0,476.41099999999994,8.693999999999999,0.449,9554556.711,1746730.219
2024-10-23 16:44:05,52.0,37.34954023,-121.93614658000001,4109.194,2.159,0.891,0.0,476.62299999999993,13.645,1.16,9554558.976,1746731.322
2024-10-23 16:44:06,52.0,37.34952522,-121.93616732000001,4111.706,2.551,0.426,0.0,476.96400000000006,11.329,1.533,9554561.681,1746733.038
2024-10-23 16:44:07,52.0,37.34950843,-121.93617771,4113.861,2.1559999999999997,-0.429,0.0,477.32399999999996,7.323,1.246,9554563.699,1746734.941
2024-10-23 16:44:08,52.0,37.34949214,-121.93617669,4115.711,1.8579999999999999,-0.304,0.0,477.59799999999996,6.837999999999999,0.884,9554564.783,1746736.7710000002
2024-10-23 16:44:09,52.0,37.3494793,-121.93617207,4117.215,1.5150000000000001,-0.348,0.0,477.73199999999997,5.68,0.29000000000000004,9554565.336,1746738.2079999999
2024-10-23 16:44:10,52.0,37.34946796,-121.9361664,4118.59,1.359,-0.165,0.0,477.799,5.723,0.262,9554565.699,1746739.4759999998
2024-10-23 16:44:11,52.0,37.349459460000006,-121.93615684,4119.904,1.342,0.005000000000000002,0.0,477.861,5.394,0.223,9554565.555,1746740.42
2024-10-23 16:44:12,52.0,37.349456270000005,-121.93614507,4121.055,1.167,-0.187,0.0,477.916,5.058,0.221,9554564.856,1746740.7629999998
2024-10-23 16:44:13,52.0,37.34945604,-121.93613218,4122.228,1.157,0.007000000000000001,0.0,477.988,4.8950000000000005,0.44400000000000006,9554563.856,1746740.769
2024-10-23 16:44:14,52.0,37.34946145,-121.93611892999999,4123.5779999999995,1.1869999999999998,0.010999999999999998,0.0,478.099,5.622,0.313,9554562.426,1746740.144
2024-10-23 16:44:15,52.0,37.349468009999995,-121.93610888,4124.743,1.123,-0.03699999999999999,0.0,478.16099999999994,4.069,0.219,9554561.165000001,1746739.391
2024-10-23 16:44:16,52.0,37.3494726,-121.93610014999999,4125.689,0.884,-0.301,0.0,478.21900000000005,4.598000000000001,0.313,9554560.15,1746738.863
2024-10-23 16:44:17,52.0,37.349474459999996,-121.93608429000001,4127.164,1.498,0.654,0.0,478.337,8.381,0.52,9554558.768000001,1746738.633
2024-10-23 16:44:18,52.0,37.34947086,-121.9360698,4128.571,1.405,-0.05800000000000001,0.0,478.459,4.928,0.721,9554557.883,1746739.015
2024-10-23 16:44:19,52.0,37.34947134,-121.93606915999999,4129.68,0.7310000000000001,-0.787,0.0,478.71099999999996,3.435,0.867,9554557.800999999,1746738.962
2024-10-23 16:44:20,52.0,37.34947481,-121.93606851,4130.532,0.511,-0.217,0.0,478.84399999999994,2.906,0.554,9554557.501,1746738.571
2024-10-23 16:44:21,52.0,37.34948079,-121.93606344,4131.7080000000005,0.9789999999999999,0.567,0.0,479.072,4.8149999999999995,1.181,9554556.673999999,1746737.89
2024-10-23 16:44:22,52.0,37.34946226,-121.93605027999999,4134.2080000000005,2.568,1.53,0.0,479.41900000000004,37.517,1.6649999999999998,9554556.962000001,1746739.959
2024-10-23 16:44:23,52.0,37.34944235,-121.93602335,4137.594999999999,3.4539999999999997,1.034,0.0,479.84700000000004,11.770999999999999,1.565,9554556.264,1746742.1600000001
2024-10-23 16:44:24,52.0,37.34943755,-121.93599806,4139.959,2.355,-1.192,0.0,480.151,5.245,0.9179999999999999,9554554.614,1746742.6649999998
2024-10-23 16:44:25,52.0,37.34944197,-121.93598379999999,4141.409,1.373,-1.0539999999999998,0.0,480.334,4.5969999999999995,0.497,9554553.175,1746742.1489999997
2024-10-23 16:44:26,52.0,37.34945245,-121.93597802,4142.726000000001,1.304,-0.032999999999999995,0.0,480.42299999999994,5.738,0.292,9554551.972,1746740.962
2024-10-23 16:44:27,52.0,37.34946225,-121.93597437000001,4143.876,1.1460000000000001,-0.135,0.0,480.48999999999995,4.244,0.21800000000000003,9554550.981,1746739.8539999998
2024-10-23 16:44:28,52.0,37.349469320000004,-121.93597466000001,4144.721,0.762,-0.42699999999999994,0.0,480.52699999999993,3.402,0.128,9554550.500999998,1746739.0579999997
2024-10-23 16:44:29,52.0,37.349483320000004,-121.93597434,4146.295,1.584,0.8,0.0,480.6,13.744,0.65,9554549.475,1746737.484
2024-10-23 16:44:30,52.0,37.349509499999996,-121.93597231000001,4149.223,2.984,1.458,0.0,480.854,26.026999999999997,1.267,9554547.445,1746734.537
2024-10-23 16:44:31,52.0,37.349544709999996,-121.93596910000001,4153.155000000001,3.972,1.026,0.0,481.225,23.522,1.675,9554544.675999999,1746730.5739999998
2024-10-23 16:44:32,52.0,37.349579590000005,-121.93596586000001,4157.052,3.914,-0.054000000000000006,0.0,481.68,12.603,1.8370000000000002,9554541.928,1746726.6460000002
2024-10-23 16:44:33,52.0,37.349610229999996,-121.93596904,4160.517,3.378,-0.618,0.0,482.06499999999994,15.334,1.513,9554539.989,1746723.2059999998
2024-10-23 16:44:34,52.0,37.34964095,-121.93597663,4164.11,3.6420000000000003,0.417,0.0,482.59499999999997,19.796,2.266,9554538.390999999,1746719.761
2024-10-23 16:44:35,52.0,37.34964126,-121.93598119,4165.7080000000005,1.206,-2.683,0.0,482.946,13.790000000000001,0.9480000000000001,9554538.73,1746719.7329999998
2024-10-23 16:44:36,52.0,37.34962645,-121.93599176000001,4167.621,2.066,1.0130000000000001,0.0,483.218,9.843,1.139,9554540.620000001,1746721.414
2024-10-23 16:44:37,52.0,37.34962466,-121.93599537,4168.556,0.694,-1.443,0.0,483.504,2.744,0.8619999999999999,9554541.031,1746721.617
2024-10-23 16:44:38,52.0,37.34963833,-121.93598870000001,4170.252,1.682,0.9109999999999999,0.0,483.687,23.86,1.105,9554539.53,1746720.071
2024-10-23 16:44:39,52.0,37.34967363,-121.93598167,4174.35,4.112,2.588,0.0,484.11199999999997,45.902,2.183,9554536.452,1746716.0929999999
2024-10-23 16:44:40,52.0,37.34971924,-121.93598746,4179.464,5.1659999999999995,1.126,0.0,484.70500000000004,25.796,2.732,9554533.65,1746710.9719999998
2024-10-23 16:44:41,52.0,37.34974537,-121.93598109,4182.618,3.0620000000000003,-2.1390000000000002,0.0,485.30600000000004,11.519,1.1860000000000002,9554531.28,1746708.023
2024-10-23 16:44:42,52.0,37.34974494,-121.93596987999999,4183.901,1.259,-1.969,0.0,485.419,4.261,0.251,9554530.429,1746708.057
2024-10-23 16:44:43,52.0,37.34973593,-121.93596606000001,4185.019,1.207,0.028999999999999998,0.0,485.47299999999996,5.569,0.205,9554530.771000002,1746709.065
2024-10-23 16:44:44,52.0,37.34972466,-121.93596814,4186.3,1.348,0.162,0.0,485.529,6.276999999999999,0.248,9554531.742,1746710.3350000002
2024-10-23 16:44:45,52.0,37.34971313,-121.93597334,4187.676,1.402,0.054000000000000006,0.0,485.592,6.161,0.242,9554532.972,1746711.6379999998
2024-10-23 16:44:46,52.0,37.34970165,-121.93598123,4189.139,1.436,0.032,0.0,485.651,6.417,0.25,9554534.417,1746712.941
2024-10-23 16:44:47,52.0,37.34969057,-121.93598931,4190.572,1.406,-0.032,0.0,485.715,5.932,0.242,9554535.845,1746714.197
2024-10-23 16:44:48,52.0,37.349679550000005,-121.93599650000002,4191.962,1.375,-0.031,0.0,485.77200000000005,5.919,0.207,9554537.199,1746715.446
2024-10-23 16:44:49,52.0,37.3496686,-121.936004,4193.3550000000005,1.3820000000000001,0.004,0.0,485.821,6.234,0.2,9554538.572,1746716.689
2024-10-23 16:44:50,52.0,37.34965678,-121.93601147,4194.836,1.474,0.1,0.0,485.87700000000007,6.574,0.258,9554540.003999999,1746718.0280000002
2024-10-23 16:44:51,52.0,37.34964484,-121.93601819,4196.301,1.454,-0.02,0.0,485.94399999999996,6.309,0.24500000000000002,9554541.386,1746719.3809999998
2024-10-23 16:44:52,52.0,37.349633510000004,-121.93602521999999,4197.719,1.4049999999999998,-0.053000000000000005,0.0,486.004,5.8549999999999995,0.23700000000000002,9554542.75,1746720.6649999998
2024-10-23 16:44:53,52.0,37.34962393,-121.93603393000001,4199.043,1.317,-0.09,0.0,486.059,5.327,0.22400000000000003,9554544.122,1746721.754
2024-10-23 16:44:54,52.0,37.3496146,-121.93604147,4200.293,1.216,-0.10900000000000001,0.0,486.11199999999997,5.306,0.188,9554545.382,1746722.8129999998
2024-10-23 16:44:55,52.0,37.34960486,-121.93605022,4201.634,1.315,0.1,0.0,486.162,6.098000000000001,0.219,9554546.768,1746723.921
2024-10-23 16:44:56,52.0,37.3495946,-121.93605958999999,4203.056,1.411,0.11000000000000001,0.0,486.21999999999997,6.274,0.262,9554548.237,1746725.087
2024-10-23 16:44:57,52.0,37.34958503,-121.93606831,4204.4169999999995,1.322,-0.095,0.0,486.283,5.436999999999999,0.253,9554549.609000001,1746726.174
2024-10-23 16:44:58,52.0,37.3495771,-121.93608414,4206.096,1.673,0.335,0.0,486.404,10.396,0.829,9554551.423,1746727.088
2024-10-23 16:44:59,52.0,37.34956769,-121.9361028,4208.070000000001,1.9969999999999999,0.369,0.0,486.66099999999994,8.64,1.142,9554553.565000001,1746728.1719999998
2024-10-23 16:45:00,52.0,37.34955835,-121.93611947,4209.904,1.8059999999999998,-0.211,0.0,486.91999999999996,6.776000000000001,0.687,9554555.546,1746729.247
2024-10-23 16:45:01,52.0,37.34955053,-121.93613444,4211.509,1.5790000000000002,-0.24300000000000002,0.0,487.02,6.349,0.27999999999999997,9554557.283,1746730.1469999999
2024-10-23 16:45:02,52.0,37.34954368,-121.93614853,4212.979,1.4609999999999999,-0.11500000000000002,0.0,487.08000000000004,5.985,0.229,9554558.883,1746730.9370000002
2024-10-23 16:45:03,52.0,37.34953694,-121.93616159999999,4214.365,1.392,-0.064,0.0,487.13800000000003,5.769,0.223,9554560.392,1746731.711
2024-10-23 16:45:04,52.0,37.34953059,-121.9361738,4215.668,1.3,-0.094,0.0,487.191,5.598,0.192,9554561.807,1746732.443
2024-10-23 16:45:05,52.0,37.34952286,-121.93618670999999,4217.112999999999,1.452,0.121,0.0,487.246,8.449,0.359,9554563.377,1746733.33
2024-10-23 16:45:06,52.0,37.34951049,-121.93620084,4218.988,2.0349999999999997,0.646,0.0,487.422,10.094,0.978,9554565.373,1746734.742
2024-10-23 16:45:07,52.0,37.349504360000005,-121.93621150999999,4220.254,1.3119999999999998,-0.733,0.0,487.63599999999997,3.247,0.521,9554566.651,1746735.4440000001
2024-10-23 16:45:08,52.0,37.34950798,-121.93621459,4220.907,0.647,-0.727,0.0,487.696,2.4989999999999997,0.131,9554566.635,1746735.043
2024-10-23 16:45:09,52.0,37.3495109,-121.9362131,4221.486999999999,0.495,-0.153,0.0,487.72700000000003,2.5119999999999996,0.159,9554566.311,1746734.712
2024-10-23 16:45:10,52.0,37.34951218,-121.93620265,4222.467,0.999,0.554,0.0,487.808,4.907,0.524,9554565.394,1746734.554
2024-10-23 16:45:11,52.0,37.349507,-121.93620473000001,4223.4839999999995,0.8300000000000001,-0.215,0.0,487.95200000000006,5.682,0.567,9554565.931,1746735.14
2024-10-23 16:45:12,52.0,37.34949422,-121.93622088,4225.536,2.1109999999999998,1.292,0.0,488.11400000000003,19.034,0.961,9554568.115,1746736.5969999998
2024-10-23 16:45:13,52.0,37.34946814,-121.93623050000001,4228.689,3.2159999999999997,1.178,0.0,488.46400000000006,19.41,1.6669999999999998,9554570.736,1746739.5440000002
2024-10-23 16:45:14,52.0,37.34944357,-121.93622808,4231.443,2.823,-0.38,0.0,488.87299999999993,7.0920000000000005,1.322,9554572.301,1746742.304
2024-10-23 16:45:15,52.0,37.34942746,-121.93623416999999,4233.397999999999,1.902,-1.0619999999999998,0.0,489.09,10.629,0.74,9554573.931,1746744.1239999998
2024-10-23 16:45:16,52.0,37.34940641,-121.93625833000002,4236.599,3.255,1.381,0.0,489.35600000000005,35.541000000000004,1.472,9554577.34,1746746.523
2024-10-23 16:45:17,52.0,37.349370699999994,-121.93628813999999,4241.398,4.8740000000000006,1.732,0.0,489.84700000000004,36.741,2.751,9554582.239,1746750.582
2024-10-23 16:45:18,52.0,37.34934052,-121.93631076,4245.407,4.018,-0.7849999999999999,0.0,490.608,11.487,2.3440000000000003,9554586.178,1746754.007
2024-10-23 16:45:19,52.0,37.34933006,-121.93630764,4246.878,1.375,-2.816,0.0,490.96899999999994,3.9130000000000003,0.861,9554586.679000001,1746755.179
2024-10-23 16:45:20,52.0,37.34933601,-121.93630564,4247.801,0.8530000000000001,-0.568,0.0,491.11400000000003,4.93,0.544,9554586.096,1746754.5059999998
2024-10-23 16:45:21,52.0,37.349344939999995,-121.93631008,4248.933999999999,1.125,0.395,0.0,491.23999999999995,4.449,0.476,9554585.806,1746753.509
2024-10-23 16:45:22,52.0,37.34934655,-121.93631801,4249.7970000000005,0.782,-0.358,0.0,491.355,2.782,0.343,9554586.317,1746753.337
2024-10-23 16:45:23,52.0,37.349352950000004,-121.93631792000001,4250.764,0.8140000000000001,-0.010000000000000009,0.0,491.471,5.683,0.626,9554585.852,1746752.618
2024-10-23 16:45:24,52.0,37.34936169,-121.93631430999999,4251.861,1.059,0.309,0.0,491.58299999999997,3.717,0.23700000000000002,9554584.944,1746751.629
2024-10-23 16:45:25,52.0,37.34936753,-121.93631359000001,4252.589,0.667,-0.453,0.0,491.628,2.623,0.177,9554584.47,1746750.973
2024-10-23 16:45:26,52.0,37.34937267,-121.93631615,4253.2480000000005,0.637,-0.025,0.0,491.684,2.993,0.354,9554584.305,1746750.3969999999
2024-10-23 16:45:27,52.0,37.349376289999995,-121.93632187,4253.961,0.6809999999999999,0.095,0.0,491.788,2.6879999999999997,0.286,9554584.496000001,1746749.9980000001
2024-10-23 16:45:28,52.0,37.349377679999996,-121.93632696,4254.498,0.512,-0.211,0.0,491.829,2.397,0.149,9554584.798,1746749.849
2024-10-23 16:45:29,52.0,37.34937979,-121.93633016000001,4255.014,0.437,-0.098,0.0,491.871,2.1079999999999997,0.194,9554584.899,1746749.616
2024-10-23 16:45:30,52.0,37.349379060000004,-121.93633691,4255.697999999999,0.646,0.194,0.0,491.92600000000004,3.5469999999999997,0.23700000000000002,9554585.482,1746749.707
2024-10-23 16:45:31,52.0,37.34936857,-121.93634696,4257.202,1.51,0.921,0.0,492.037,9.748000000000001,0.771,9554587.025,1746750.902
2024-10-23 16:45:32,52.0,37.34936094,-121.93635907999999,4258.673,1.402,-0.094,0.0,492.26300000000003,4.7780000000000005,0.9269999999999999,9554588.523,1746751.7739999997
2024-10-23 16:45:33,52.0,37.34934935,-121.93635839999999,4260.348,1.488,0.020000000000000007,0.0,492.48999999999995,9.303999999999998,0.86,9554589.298,1746753.079
2024-10-23 16:45:34,52.0,37.34933435000001,-121.93635506999999,4262.117,1.7329999999999999,0.301,0.0,492.71000000000004,7.203,0.9480000000000001,9554590.108,1746754.7629999998
2024-10-23 16:45:35,52.0,37.34932295,-121.93634813999999,4263.686,1.53,-0.23200000000000004,0.0,492.967,5.864,1.0150000000000001,9554590.377,1746756.0320000001
2024-10-23 16:45:36,52.0,37.34932077,-121.93633196,4265.272,1.537,0.028000000000000004,0.0,493.179,6.401999999999999,0.5740000000000001,9554589.26,1746756.257
2024-10-23 16:45:37,52.0,37.34932651,-121.93631878000001,4266.6449999999995,1.3519999999999999,-0.20099999999999998,0.0,493.26300000000003,6.011,0.231,9554587.809,1746755.5929999999
2024-10-23 16:45:38,52.0,37.34933788,-121.93630773,4268.257,1.6039999999999999,0.24,0.0,493.329,9.238,0.402,9554586.126,1746754.3009999997
2024-10-23 16:45:39,52.0,37.3493553,-121.93628919,4270.816000000001,2.603,1.016,0.0,493.515,21.247999999999998,1.238,9554583.421,1746752.3129999998
2024-10-23 16:45:40,52.0,37.3493701,-121.93626624999999,4273.573,2.7969999999999997,0.269,0.0,493.939,8.495000000000001,1.687,9554580.556,1746750.6190000002
2024-10-23 16:45:41,52.0,37.349367619999995,-121.9362401,4276.117,2.351,-0.529,0.0,494.235,9.976,0.9179999999999999,9554578.673999999,1746750.8620000002
2024-10-23 16:45:42,52.0,37.34937694,-121.93621565999999,4278.665,2.521,0.174,0.0,494.5,13.117,1.2349999999999999,9554576.082,1746749.7789999999
2024-10-23 16:45:43,52.0,37.349398380000004,-121.9362015,4281.42,2.806,0.313,0.0,494.828,12.84,1.437,9554573.436,1746747.3469999998
2024-10-23 16:45:44,52.0,37.34942046,-121.93619886000002,4283.926,2.529,-0.296,0.0,495.196,9.411,1.4,9554571.65,1746744.863
2024-10-23 16:45:45,52.0,37.34944014,-121.93620629,4286.254,2.334,-0.195,0.0,495.53099999999995,8.523,1.3900000000000001,9554570.83,1746742.659
2024-10-23 16:45:46,52.0,37.34945189,-121.93621869,4288.027,1.736,-0.5900000000000001,0.0,495.85600000000005,5.004,0.9490000000000001,9554570.968,1746741.355
2024-10-23 16:45:47,52.0,37.349453270000005,-121.93623346,4289.446,1.386,-0.385,0.0,495.98999999999995,6.09,0.359,9554572.032,1746741.22
2024-10-23 16:45:48,52.0,37.34944879,-121.9362517,4291.17,1.781,0.403,0.0,496.146,10.686,1.0070000000000001,9554573.787999999,1746741.7480000001
2024-10-23 16:45:49,52.0,37.3494423,-121.93627245,4293.164,2.028,0.292,0.0,496.45200000000006,8.51,1.1400000000000001,9554575.887,1746742.507
2024-10-23 16:45:50,52.0,37.3494346,-121.93629338000001,4295.236999999999,2.057,-0.019,0.0,496.677,10.308,1.044,9554578.084999999,1746743.4039999999
2024-10-23 16:45:51,52.0,37.349432209999996,-121.93629960000001,4297.130999999999,1.315,-0.868,0.0,497.035,11.82,1.8219999999999998,9554578.746,1746743.679
2024-10-23 16:45:52,52.0,37.34942372,-121.93626203,4300.691000000001,3.6340000000000003,2.35,0.0,497.619,62.501,2.886,9554576.393000001,1746744.5829999999
2024-10-23 16:45:53,52.0,37.3494215,-121.93619759,4306.486,5.859,2.4210000000000003,0.0,498.41400000000004,56.201,3.147,9554571.477,1746744.7440000002
2024-10-23 16:45:54,52.0,37.34943503,-121.93612467999999,4313.155000000001,6.678,0.773,0.0,499.19399999999996,36.271,3.268,9554564.768000001,1746743.122
2024-10-23 16:45:55,52.0,37.34946073,-121.9360514,4320.271,7.087999999999999,0.384,0.0,499.994,38.111000000000004,3.13,9554557.158,1746740.1309999998
2024-10-23 16:45:56,52.0,37.349493689999996,-121.935983,4327.371,7.099000000000001,0.05600000000000001,0.0,500.887,25.315,4.419,9554549.416,1746736.3309999998
2024-10-23 16:45:57,52.0,37.34950405,-121.93593530999999,4332.196,4.654,-2.439,0.0,501.9,20.457,2.566,9554544.919,1746735.1
2024-10-23 16:45:58,52.0,37.34949016,-121.93591836,4334.505999999999,2.304,-2.52,0.0,502.35200000000003,5.891,1.4540000000000002,9554544.577,1746736.639
2024-10-23 16:45:59,52.0,37.349481170000004,-121.93591365,4335.6269999999995,1.1019999999999999,-1.106,0.0,502.555,2.558,0.24,9554544.848000001,1746737.644
2024-10-23 16:46:00,52.0,37.34947975,-121.93591568,4336.093,0.356,-0.784,0.0,502.587,1.514,0.128,9554545.111,1746737.8050000002
2024-10-23 16:46:01,52.0,37.349483809999995,-121.93592120000001,4336.822999999999,0.723,0.41500000000000004,0.0,502.622,3.806,0.136,9554545.256000001,1746737.3580000002
2024-10-23 16:46:02,52.0,37.34948806,-121.93592980999999,4337.754,0.8880000000000001,0.189,0.0,502.65600000000006,4.025,0.148,9554545.628999999,1746736.891
2024-10-23 16:46:03,52.0,37.34949163,-121.93593954,4338.728,0.921,0.012,0.0,502.69300000000004,4.318,0.15,9554546.14,1746736.503
2024-10-23 16:46:04,52.0,37.34949253,-121.93594961,4339.654,0.906,-0.015,0.0,502.729,3.757,0.137,9554546.868,1746736.416
2024-10-23 16:46:05,52.0,37.34949145,-121.93595958,4340.575,0.881,-0.032,0.0,502.76399999999995,3.854,0.143,9554547.731,1746736.549
2024-10-23 16:46:06,52.0,37.34948915,-121.93596873999999,4341.467,0.897,0.026000000000000002,0.0,502.79800000000006,3.7980000000000005,0.132,9554548.618,1746736.821
2024-10-23 16:46:07,52.0,37.34948592,-121.93597865,4342.447999999999,0.985,0.074,0.0,502.83599999999996,5.003,0.205,9554549.628,1746737.198
2024-10-23 16:46:08,52.0,37.34947839,-121.93599717,4344.304,1.9469999999999998,0.9470000000000001,0.0,502.937,18.472,0.765,9554551.625,1746738.0699999998
2024-10-23 16:46:09,52.0,37.34946726,-121.93602618,4347.173,2.943,1.06,0.0,503.212,16.32,1.355,9554554.707,1746739.3620000002
2024-10-23 16:46:10,52.0,37.34945675,-121.93605319000001,4349.878,2.729,-0.21600000000000003,0.0,503.56800000000004,7.814,1.1720000000000002,9554557.584999999,1746740.5809999998
2024-10-23 16:46:11,52.0,37.34945255,-121.93607357,4351.7660000000005,1.8030000000000002,-0.982,0.0,503.767,5.36,0.533,9554559.487,1746741.0809999998
2024-10-23 16:46:12,52.0,37.349450690000005,-121.93609409000001,4353.657,1.759,-0.128,0.0,503.948,14.349,1.471,9554561.239,1746741.3199999998
2024-10-23 16:46:13,52.0,37.349462540000005,-121.93612919,4357.223,3.636,2.0309999999999997,0.0,504.61,33.626999999999995,3.151,9554563.157,1746740.034
2024-10-23 16:46:14,52.0,37.34947111,-121.93614504,4359.29,1.7600000000000002,-1.9240000000000002,0.0,505.13800000000003,9.641,1.083,9554563.792,1746739.091
2024-10-23 16:46:15,52.0,37.3494687,-121.93615537000001,4360.402,0.966,-0.837,0.0,505.358,3.286,0.726,9554564.778,1746739.3769999999
2024-10-23 16:46:16,52.0,37.34946617,-121.93614723,4361.406,0.9129999999999999,-0.02599999999999999,0.0,505.468,6.017,0.27599999999999997,9554564.317,1746739.65
2024-10-23 16:46:17,52.0,37.34946167,-121.93613564,4362.57,1.1809999999999998,0.31,0.0,505.526,4.875,0.20600000000000002,9554563.726,1746740.14
2024-10-23 16:46:18,52.0,37.349456759999995,-121.93612603,4363.592,1.0050000000000001,-0.20600000000000002,0.0,505.57399999999996,3.937,0.162,9554563.32,1746740.6800000002
2024-10-23 16:46:19,52.0,37.349452080000006,-121.9361173,4364.539,0.925,-0.087,0.0,505.60900000000004,3.978,0.133,9554562.968,1746741.1940000001
2024-10-23 16:46:20,52.0,37.34944836,-121.93610791,4365.487,0.945,0.028000000000000004,0.0,505.64399999999995,4.262,0.155,9554562.495000001,1746741.599
2024-10-23 16:46:21,52.0,37.34944598,-121.93609710000001,4366.508,1.025,0.083,0.0,505.68999999999994,4.566000000000001,0.256,9554561.813000001,1746741.8530000001
2024-10-23 16:46:22,52.0,37.3494482,-121.93609111999999,4367.368,0.8160000000000001,-0.248,0.0,505.804,3.6350000000000002,0.516,9554561.183,1746741.5960000001
2024-10-23 16:46:23,52.0,37.34945683,-121.93609323000001,4368.3769999999995,1.071,0.316,0.0,505.896,4.659000000000001,0.298,9554560.731,1746740.6269999999
2024-10-23 16:46:24,52.0,37.34945704,-121.93609432999999,4368.844,0.369,-0.757,0.0,505.951,1.4609999999999999,0.131,9554560.803,1746740.6039999998
2024-10-23 16:46:25,52.0,37.34945234,-121.93609423999999,4369.423,0.5589999999999999,0.185,0.0,505.98100000000005,2.98,0.118,9554561.133,1746741.134
2024-10-23 16:46:26,52.0,37.34944684,-121.93608852,4370.265,0.843,0.327,0.0,506.008,3.7950000000000004,0.128,9554561.076,1746741.7440000002
2024-10-23 16:46:27,52.0,37.349443289999996,-121.93607974,4371.168,0.923,0.062,0.0,506.05,4.535,0.202,9554560.638,1746742.129
2024-10-23 16:46:28,52.0,37.349442599999996,-121.93606987000001,4372.103,0.9339999999999999,0.015,0.0,506.11,3.879,0.275,9554559.909,1746742.197
2024-10-23 16:46:29,52.0,37.34944908,-121.93606211000001,4373.164,1.066,0.11600000000000002,0.0,506.16999999999996,5.481,0.20600000000000002,9554558.834999999,1746741.4559999998
2024-10-23 16:46:30,52.0,37.3494596,-121.93605488,4374.514,1.371,0.33199999999999996,0.0,506.22300000000007,6.648000000000001,0.22000000000000003,9554557.514,1746740.261
2024-10-23 16:46:31,52.0,37.34947226,-121.93604731999999,4376.0779999999995,1.5699999999999998,0.179,0.0,506.287,8.45,0.30100000000000005,9554556.012,1746738.8280000002
2024-10-23 16:46:32,52.0,37.34948896,-121.93603986000001,4378.055,2.021,0.471,0.0,506.407,10.637,0.8280000000000001,9554554.234000001,1746736.941
2024-10-23 16:46:33,52.0,37.34950758,-121.93603503,4380.182,2.128,0.12000000000000002,0.0,506.68500000000006,8.919,1.3,9554552.523,1746734.8390000002
2024-10-23 16:46:34,52.0,37.34952351,-121.93603269999998,4381.982,1.7600000000000002,-0.372,0.0,506.99899999999997,5.503,0.8460000000000001,9554551.201,1746733.045
2024-10-23 16:46:35,52.0,37.34953562,-121.93603326,4383.349,1.3279999999999998,-0.46399999999999997,0.0,507.101,5.029,0.21400000000000002,9554550.377,1746731.684
2024-10-23 16:46:36,52.0,37.34954538,-121.93603813,4384.544,1.159,-0.16599999999999998,0.0,507.146,4.901,0.183,9554550.063,1746730.5929999999
2024-10-23 16:46:37,52.0,37.3495544,-121.93604671,4385.831,1.262,0.11699999999999999,0.0,507.197,5.867,0.20600000000000002,9554550.095,1746729.591
2024-10-23 16:46:38,52.0,37.34956712,-121.93605158,4387.36,1.502,0.23199999999999998,0.0,507.25699999999995,8.572,0.446,9554549.571,1746728.166
2024-10-23 16:46:39,52.0,37.349584070000006,-121.93604977,4389.271,1.969,0.492,0.0,507.45799999999997,9.9,1.03,9554548.217,1746726.259
2024-10-23 16:46:40,52.0,37.34960194,-121.936048,4391.281,2.025,0.052000000000000005,0.0,507.721,8.705,1.119,9554546.800999999,1746724.246
2024-10-23 16:46:41,52.0,37.349617,-121.93605123,4393.021,1.7,-0.34,0.0,507.96899999999994,5.961,0.8720000000000001,9554545.979,1746722.5550000002
2024-10-23 16:46:42,52.0,37.34964096,-121.93604754999998,4395.892,2.754,0.9359999999999999,0.0,508.38800000000003,47.811,2.56,9554543.977,1746719.8579999998
2024-10-23 16:46:43,52.0,37.349685449999996,-121.93603895000001,4401.009,5.177,2.617,0.0,509.111,43.601,3.107,9554540.118999999,1746714.8420000002
2024-10-23 16:46:44,52.0,37.34973,-121.93604896,4406.101000000001,5.107,0.01499999999999999,0.0,509.85699999999997,19.346,2.5940000000000003,9554537.726,1746709.845
2024-10-23 16:46:45,52.0,37.349741949999995,-121.93605021,4408.34,1.6079999999999999,-3.768,0.0,510.33900000000006,13.926999999999998,1.2879999999999998,9554536.969,1746708.5050000001
2024-10-23 16:46:46,52.0,37.349719199999996,-121.93605997,4411.075,2.8939999999999997,1.2269999999999999,0.0,510.61400000000003,37.716,1.2890000000000001,9554539.365,1746711.077
2024-10-23 16:46:47,52.0,37.34968507,-121.93607275,4415.046,4.024,1.387,0.0,511.009,22.029,1.714,9554542.809,1746714.9309999999
2024-10-23 16:46:48,52.0,37.34965119,-121.93609135,4419.171,4.115,0.02,0.0,511.42299999999994,17.669999999999998,1.593,9554546.695999999,1746718.768
2024-10-23 16:46:49,52.0,37.34961921,-121.93611166999999,4423.163,3.9850000000000003,-0.13999999999999999,0.0,511.84,15.402000000000001,1.748,9554550.583,1746722.3920000002
2024-10-23 16:46:50,52.0,37.34958956,-121.93613204,4426.9349999999995,3.732,-0.262,0.0,512.26,14.186000000000002,1.6079999999999999,9554554.305,1746725.753
2024-10-23 16:46:51,52.0,37.34956323,-121.93615316,4430.423,3.476,-0.238,0.0,512.6850000000001,11.879000000000001,1.798,9554557.85,1746728.7440000002
2024-10-23 16:46:52,52.0,37.34954228,-121.93617089,4433.25,2.815,-0.6679999999999999,0.0,513.129,8.145,1.61,9554560.743,1746731.1260000002
2024-10-23 16:46:53,52.0,37.349526170000004,-121.93618796999999,4435.64,2.357,-0.493,0.0,513.472,9.553,1.2550000000000001,9554563.241,1746732.959
2024-10-23 16:46:54,52.0,37.349510980000005,-121.93620903000001,4438.191000000001,2.494,0.136,0.0,513.779,14.035,1.2710000000000001,9554565.983,1746734.697
2024-10-23 16:46:55,52.0,37.349482189999996,-121.93622564,4441.814,3.6409999999999996,1.1560000000000001,0.0,514.135,33.313,1.588,9554569.349000001,1746737.9559999998
2024-10-23 16:46:56,52.0,37.34944165,-121.93623132,4446.3730000000005,4.601,1.018,0.0,514.588,27.044999999999998,2.205,9554572.693,1746742.525
2024-10-23 16:46:57,52.0,37.34940764,-121.93623611000001,4450.263,3.9090000000000003,-0.6359999999999999,0.0,515.2,10.662,2.117,9554575.500999998,1746746.355
2024-10-23 16:46:58,52.0,37.34939987,-121.93624116000001,4451.625,1.1179999999999999,-2.94,0.0,515.53,4.4719999999999995,0.67,9554576.453,1746747.236
2024-10-23 16:46:59,52.0,37.34940665,-121.93624144,4452.421,0.735,-0.433,0.0,515.613,3.9590000000000005,0.16,9554575.992,1746746.475
2024-10-23 16:47:00,52.0,37.34941455,-121.93624316,4453.352,0.8710000000000001,0.262,0.0,515.655,3.681,0.16999999999999998,9554575.562,1746745.5890000002
2024-10-23 16:47:01,52.0,37.34941972,-121.93624766,4454.103,0.732,-0.151,0.0,515.6980000000001,2.888,0.16,9554575.548,1746745.012
2024-10-23 16:47:02,52.0,37.349422,-121.93625282,4454.666,0.513,-0.22799999999999998,0.0,515.729,2.077,0.088,9554575.791,1746744.764
2024-10-23 16:47:03,52.0,37.34942065,-121.93625503000001,4454.976,0.24300000000000002,-0.261,0.0,515.7470000000001,0.9099999999999999,0.061,9554576.061,1746744.9170000001
2024-10-23 16:47:04,52.0,37.34942151,-121.93625476,4455.033,0.04,-0.23399999999999999,0.0,515.762,0.21600000000000003,0.072,9554575.98,1746744.822
2024-10-23 16:47:05,52.0,37.34942563,-121.93625463000001,4455.4529999999995,0.378,0.351,0.0,515.786,1.844,0.123,9554575.673999999,1746744.3579999998
2024-10-23 16:47:06,52.0,37.349431120000006,-121.93625305,4456.142,0.6439999999999999,0.284,0.0,515.821,3.225,0.151,9554575.158,1746743.738
2024-10-23 16:47:07,52.0,37.34943712,-121.93625153,4456.866,0.673,0.026000000000000002,0.0,515.86,2.903,0.14300000000000002,9554574.609000001,1746743.06
2024-10-23 16:47:08,52.0,37.34944334,-121.93625032,4457.6410000000005,0.7390000000000001,0.061,0.0,515.894,3.1870000000000003,0.137,9554574.069,1746742.361
2024-10-23 16:47:09,52.0,37.34944921,-121.93625304,4458.374,0.725,-0.015,0.0,515.9309999999999,3.2310000000000003,0.16799999999999998,9554573.862,1746741.704
2024-10-23 16:47:10,52.0,37.34945403,-121.93625850999999,4459.151,0.737,0.012,0.0,515.975,3.2630000000000003,0.187,9554573.951000001,1746741.1690000002
2024-10-23 16:47:11,52.0,37.34945847,-121.93626395999999,4459.878,0.692,-0.043,0.0,516.015,2.879,0.125,9554574.061,1746740.677
2024-10-23 16:47:12,52.0,37.34946272,-121.93626934,4460.574,0.67,-0.027000000000000003,0.0,516.0469999999999,2.8440000000000003,0.118,9554574.182,1746740.2059999998
2024-10-23 16:47:13,52.0,37.34946597,-121.93627432000001,4461.18,0.587,-0.087,0.0,516.072,2.543,0.081,9554574.342,1746739.848
2024-10-23 16:47:14,52.0,37.34946837,-121.93627932,4461.74,0.538,-0.041999999999999996,0.0,516.092,2.226,0.082,9554574.564,1746739.586
2024-10-23 16:47:15,52.0,37.34947166,-121.93628229999999,4462.233,0.484,-0.041,0.0,516.114,1.9929999999999999,0.078,9554574.565000001,1746739.22
2024-10-23 16:47:16,52.0,37.34947393,-121.93628486,4462.599,0.378,-0.11699999999999999,0.0,516.134,1.661,0.076,9554574.602,1746738.9670000002
2024-10-23 16:47:17,52.0,37.349477639999996,-121.93628386,4463.087,0.48100000000000004,0.10900000000000001,0.0,516.1510000000001,2.205,0.07,9554574.261,1746738.55
2024-10-23 16:47:18,52.0,37.34947995,-121.93628681,4463.557,0.437,-0.05,0.0,516.1679999999999,1.951,0.069,9554574.328,1746738.2920000001
2024-10-23 16:47:19,52.0,37.349483379999995,-121.93629088,4464.116,0.5519999999999999,0.11600000000000002,0.0,516.1890000000001,2.466,0.119,9554574.405,1746737.912
2024-10-23 16:47:20,52.0,37.349485709999996,-121.93629586,4464.677000000001,0.519,-0.038,0.0,516.2230000000001,2.216,0.136,9554574.628999999,1746737.6579999998
2024-10-23 16:47:21,52.0,37.349489410000004,-121.93629992000001,4465.263000000001,0.545,0.011,0.0,516.262,2.539,0.165,9554574.683,1746737.247
2024-10-23 16:47:22,52.0,37.34949201,-121.93630303,4465.694,0.413,-0.10500000000000001,0.0,516.3019999999999,1.489,0.178,9554574.743999999,1746736.959
2024-10-23 16:47:23,52.0,37.34949177,-121.93630264999999,4465.77,0.101,-0.343,0.0,516.342,0.43600000000000005,0.10200000000000001,9554574.73,1746736.9829999998
2024-10-23 16:47:24,52.0,37.34949206,-121.93630350000001,4465.77,0.040999999999999995,-0.05,0.0,516.363,0.183,0.077,9554574.774,1746736.954
2024-10-23 16:47:25,52.0,37.34949234,-121.93630393999999,4465.77,0.009,-0.03,0.0,516.3770000000001,0.041999999999999996,0.042,9554574.790000001,1746736.9259999997
2024-10-23 16:47:26,52.0,37.34949272,-121.93630429,4465.77,0.0,-0.007000000000000001,0.0,516.387,0.0,0.046,9554574.79,1746736.878
2024-10-23 16:47:27,52.0,37.349492839999996,-121.93630433999999,4465.77,0.006,0.003,0.0,516.4010000000001,0.022000000000000002,0.078,9554574.788999999,1746736.866
2024-10-23 16:47:28,52.0,37.34949295,-121.9363043,4465.77,0.034999999999999996,0.032,0.0,516.4209999999999,0.149,0.074,9554574.775,1746736.855
2024-10-23 16:47:29,52.0,37.34949319,-121.93630401,4465.77,0.005,-0.028000000000000004,0.0,516.441,0.033,0.074,9554574.737,1746736.8310000002
2024-10-23 16:47:30,52.0,37.34949348,-121.93630406,4465.77,0.0,-0.006,0.0,516.456,0.002,0.055999999999999994,9554574.718,1746736.795
2024-10-23 16:47:31,52.0,37.3494937,-121.9363042,4465.77,0.0,0.0,0.0,516.469,0.0,0.041,9554574.71,1746736.77
2024-10-23 16:47:32,52.0,37.34949372999999,-121.93630416,4465.77,0.0,0.0,0.0,516.479,0.0,0.038,9554574.708,1746736.7670000002
2024-10-23 16:47:33,52.0,37.34949371,-121.93630400000002,4465.77,0.0,0.0,0.0,516.488,0.0,0.03,9554574.699,1746736.769
2024-10-23 16:47:34,52.0,37.34949372,-121.93630386,4465.77,0.0,0.0,0.0,516.495,0.0,0.033,9554574.684999999,1746736.768
2024-10-23 16:47:35,52.0,37.3494938,-121.93630392,4465.77,0.0,0.0,0.0,516.5020000000001,0.0,0.023,9554574.686,1746736.7600000002
2024-10-23 16:47:36,52.0,37.34949375,-121.93630398,4465.77,0.0,0.0,0.0,516.51,0.0,0.02,9554574.694,1746736.765
2024-10-23 16:47:37,52.0,37.34949382,-121.93630431,4465.77,0.0,0.0,0.0,516.516,0.002,0.079,9554574.714,1746736.758
2024-10-23 16:47:38,52.0,37.34949306,-121.93630354,4465.946,0.154,0.157,0.0,516.5559999999999,0.6980000000000001,0.207,9554574.709,1746736.8420000002
2024-10-23 16:47:39,52.0,37.349496,-121.93630135000001,4466.424,0.421,0.272,0.0,516.6020000000001,2.399,0.141,9554574.325,1746736.508
2024-10-23 16:47:40,52.0,37.3495027,-121.93630046999999,4467.21,0.773,0.356,0.0,516.638,3.75,0.163,9554573.776999999,1746735.754
2024-10-23 16:47:41,52.0,37.349510529999996,-121.93629977,4468.116,0.893,0.11299999999999999,0.0,516.675,3.9850000000000003,0.14,9554573.162,1746734.872
2024-10-23 16:47:42,52.0,37.34951902,-121.93630067,4469.101000000001,0.966,0.07999999999999999,0.0,516.7120000000001,4.239,0.144,9554572.626,1746733.9170000001
2024-10-23 16:47:43,52.0,37.3495274,-121.93630333000002,4470.094,0.9720000000000001,-0.0019999999999999996,0.0,516.7479999999999,4.3340000000000005,0.153,9554572.237,1746732.9780000001
2024-10-23 16:47:44,52.0,37.34953598,-121.93630621,4471.1269999999995,0.993,0.024,0.0,516.7929999999999,4.385,0.179,9554571.851,1746732.018
2024-10-23 16:47:45,52.0,37.34954457,-121.93630957,4472.17,1.0,0.014000000000000002,0.0,516.8340000000001,4.277,0.16299999999999998,9554571.502,1746731.0579999997
2024-10-23 16:47:46,52.0,37.349553029999996,-121.93631295,4473.183,0.9730000000000001,-0.039,0.0,516.8779999999999,4.42,0.196,9554571.164,1746730.111
2024-10-23 16:47:47,52.0,37.34956255,-121.93631411999999,4474.2660000000005,1.073,0.10400000000000001,0.0,516.924,4.786,0.162,9554570.577,1746729.0420000001
2024-10-23 16:47:48,52.0,37.34957216,-121.93631482,4475.357,1.0710000000000002,-0.0009999999999999996,0.0,516.964,4.591,0.151,9554569.944,1746727.963
2024-10-23 16:47:49,52.0,37.34958163,-121.93631535,4476.426,1.058,-0.015,0.0,516.999,4.6579999999999995,0.144,9554569.309999999,1746726.898
2024-10-23 16:47:50,52.0,37.34959134,-121.93631596,4477.52,1.083,0.027000000000000003,0.0,517.0409999999999,4.7490000000000006,0.186,9554568.664,1746725.807
2024-10-23 16:47:51,52.0,37.3496012,-121.93631624,4478.628,1.105,0.024,0.0,517.0840000000001,4.851,0.15,9554567.981,1746724.697
2024-10-23 16:47:52,52.0,37.3496111,-121.93631685,4479.749,1.114,0.01,0.0,517.1229999999999,4.801,0.173,9554567.322,1746723.586
2024-10-23 16:47:53,52.0,37.34962069,-121.93631918000001,4480.849,1.1,-0.016999999999999998,0.0,517.167,4.813000000000001,0.16,9554566.82,1746722.5100000002
2024-10-23 16:47:54,52.0,37.349630309999995,-121.93632251,4481.971,1.114,0.016,0.0,517.2090000000001,4.898,0.164,9554566.394,1746721.434
2024-10-23 16:47:55,52.0,37.349640199999996,-121.93632577999999,4483.121,1.158,0.047,0.0,517.2479999999999,5.187,0.164,9554565.945,1746720.327
2024-10-23 16:47:56,52.0,37.349650100000005,-121.93632834,4484.266,1.153,-0.006999999999999999,0.0,517.2909999999999,4.988,0.187,9554565.440000001,1746719.2140000002
2024-10-23 16:47:57,52.0,37.34966036,-121.93633076,4485.4400000000005,1.153,-0.002,0.0,517.338,5.019,0.18,9554564.897,1746718.066
2024-10-23 16:47:58,52.0,37.34967046,-121.93633348,4486.603,1.1320000000000001,-0.020999999999999998,0.0,517.38,4.864,0.173,9554564.390999999,1746716.9329999997
2024-10-23 16:47:59,52.0,37.349680590000006,-121.93633600000001,4487.7660000000005,1.128,-0.008,0.0,517.427,4.952,0.181,9554563.864,1746715.7969999998
2024-10-23 16:48:00,52.0,37.34969059,-121.93633847999999,4488.913,1.124,0.0010000000000000002,0.0,517.467,4.752,0.148,9554563.344,1746714.6760000002
2024-10-23 16:48:01,52.0,37.3497001,-121.93634087000001,4490.008,1.0690000000000002,-0.059,0.0,517.505,4.576,0.149,9554562.855,1746713.61
2024-10-23 16:48:02,52.0,37.349709430000004,-121.93634284,4491.072,1.0370000000000001,-0.028000000000000004,0.0,517.5409999999999,4.411,0.152,9554562.342999998,1746712.561
2024-10-23 16:48:03,52.0,37.349718519999996,-121.93634482,4492.116,1.032,-0.003999999999999999,0.0,517.5780000000001,4.487,0.151,9554561.849,1746711.5420000001
2024-10-23 16:48:04,52.0,37.349728049999996,-121.93634755999999,4493.217,1.092,0.061,0.0,517.618,4.958,0.16299999999999998,9554561.383,1746710.475
2024-10-23 16:48:05,52.0,37.34973764,-121.93635019999999,4494.325,1.088,0.0009999999999999996,0.0,517.661,4.613,0.15899999999999997,9554560.907,1746709.401
2024-10-23 16:48:06,52.0,37.34974717,-121.93635191000001,4495.41,1.058,-0.037,0.0,517.7,4.657,0.161,9554560.36,1746708.332
2024-10-23 16:48:07,52.0,37.34975692,-121.93635332,4496.512000000001,1.0710000000000002,0.012,0.0,517.74,4.768,0.172,9554559.772,1746707.238
2024-10-23 16:48:08,52.0,37.34976691,-121.93635536,4497.656,1.106,0.035,0.0,517.784,4.868,0.164,9554559.221,1746706.1149999998
2024-10-23 16:48:09,52.0,37.3497768,-121.93635758999999,4498.782,1.093,-0.015,0.0,517.824,4.6530000000000005,0.16899999999999998,9554558.691,1746705.007
2024-10-23 16:48:10,52.0,37.34978666,-121.93635982999999,4499.907,1.088,-0.01,0.0,517.866,4.775,0.156,9554558.162999999,1746703.902
2024-10-23 16:48:11,52.0,37.349796420000004,-121.93636271,4501.032,1.1030000000000002,0.019,0.0,517.905,4.826,0.166,9554557.690000001,1746702.8079999997
2024-10-23 16:48:12,52.0,37.349806369999996,-121.93636558,4502.176,1.1190000000000002,0.02,0.0,517.945,4.889,0.154,9554557.207,1746701.693
2024-10-23 16:48:13,52.0,37.34981619,-121.93636771999999,4503.2970000000005,1.09,-0.031,0.0,517.985,4.635,0.16799999999999998,9554556.672,1746700.591
2024-10-23 16:48:14,52.0,37.349826039999996,-121.93636975,4504.419,1.091,0.002999999999999999,0.0,518.0260000000001,4.7490000000000006,0.161,9554556.129,1746699.4870000002
2024-10-23 16:48:15,52.0,37.349835889999994,-121.93637197000001,4505.546,1.105,0.017,0.0,518.067,4.88,0.162,9554555.601,1746698.3809999998
2024-10-23 16:48:16,52.0,37.34984586,-121.93637394,4506.682,1.104,-0.003,0.0,518.112,4.825,0.179,9554555.042,1746697.264
2024-10-23 16:48:17,52.0,37.34985582,-121.93637618,4507.814,1.112,0.004000000000000001,0.0,518.1519999999999,4.9270000000000005,0.16399999999999998,9554554.507000001,1746696.1460000002
2024-10-23 16:48:18,52.0,37.3498655,-121.93637804,4508.921,1.0710000000000002,-0.045,0.0,518.188,4.546,0.144,9554553.963,1746695.061
2024-10-23 16:48:19,52.0,37.349875250000004,-121.93637942000001,4510.027,1.076,0.004,0.0,518.231,4.664,0.177,9554553.374000002,1746693.966
2024-10-23 16:48:20,52.0,37.34988493,-121.93638123000001,4511.129,1.068,-0.012,0.0,518.271,4.76,0.151,9554552.825,1746692.878
2024-10-23 16:48:21,52.0,37.34989513,-121.9363828,4512.281,1.152,0.093,0.0,518.3109999999999,5.061999999999999,0.163,9554552.22,1746691.735
2024-10-23 16:48:22,52.0,37.3499046,-121.93638427,4513.3550000000005,1.082,-0.071,0.0,518.351,4.563000000000001,0.176,9554551.659,1746690.671
2024-10-23 16:48:23,52.0,37.349913400000005,-121.93638705000001,4514.377,1.028,-0.05600000000000001,0.0,518.395,4.272,0.16899999999999998,9554551.25,1746689.685
2024-10-23 16:48:24,52.0,37.34992141,-121.93638983000001,4515.329,0.9560000000000001,-0.067,0.0,518.433,3.944,0.134,9554550.896000002,1746688.788
2024-10-23 16:48:25,52.0,37.34992835,-121.93639225,4516.16,0.819,-0.139,0.0,518.464,3.311,0.11499999999999999,9554550.59,1746688.014
2024-10-23 16:48:26,52.0,37.34993426,-121.93639496,4516.897,0.689,-0.134,0.0,518.496,2.875,0.14,9554550.381000001,1746687.35
2024-10-23 16:48:27,52.0,37.34993926,-121.93639986999999,4517.663,0.788,0.10400000000000001,0.0,518.533,3.6020000000000003,0.154,9554550.412,1746686.795
2024-10-23 16:48:28,52.0,37.34994338,-121.93640144999999,4518.277,0.579,-0.197,0.0,518.5690000000001,2.149,0.132,9554550.241,1746686.334
2024-10-23 16:48:29,52.0,37.34994562,-121.93639720000002,4518.793,0.466,-0.147,0.0,518.5980000000001,2.13,0.13999999999999999,9554549.746000001,1746686.075
2024-10-23 16:48:30,52.0,37.349946339999995,-121.93639313999999,4519.337,0.442,0.025,0.0,518.64,1.85,0.151,9554549.374000002,1746685.989
2024-10-23 16:48:31,52.0,37.34994926,-121.93639562000001,4519.843999999999,0.472,0.002999999999999997,0.0,518.674,2.266,0.089,9554549.362,1746685.6649999998
2024-10-23 16:48:32,52.0,37.3499505,-121.93639581,4519.94,0.11800000000000002,-0.34900000000000003,0.0,518.6850000000001,0.41900000000000004,0.034999999999999996,9554549.289,1746685.53
2024-10-23 16:48:33,52.0,37.34995056,-121.93639596,4519.94,0.008,-0.131,0.0,518.692,0.04,0.049,9554549.293000001,1746685.5210000002
2024-10-23 16:48:34,52.0,37.34995085,-121.93639564,4519.94,0.051000000000000004,0.054000000000000006,0.0,518.715,0.22199999999999998,0.088,9554549.25,1746685.485
2024-10-23 16:48:35,52.0,37.349950039999996,-121.93639524,4520.057000000001,0.078,0.038,0.0,518.7280000000001,0.341,0.042,9554549.276,1746685.575
2024-10-23 16:48:36,52.0,37.34995007,-121.93639266,4520.06,0.005,-0.08299999999999999,0.0,518.739,0.025,0.05500000000000001,9554549.071,1746685.5690000001
2024-10-23 16:48:37,52.0,37.34995059,-121.93639168,4520.06,0.0,-0.004,0.0,518.751,0.001,0.031,9554548.955,1746685.511
2024-10-23 16:48:38,52.0,37.34995099,-121.93639170000002,4520.06,0.0,0.0,0.0,518.76,0.0,0.024,9554548.927,1746685.466
2024-10-23 16:48:39,52.0,37.349951600000004,-121.93639221999999,4520.06,0.0,0.0,0.0,518.766,0.0,0.046,9554548.927000001,1746685.3989999997
2024-10-23 16:48:40,52.0,37.349952179999995,-121.93639436999999,4520.092000000001,0.061,0.057999999999999996,0.0,518.785,0.258,0.081,9554549.055,1746685.332
2024-10-23 16:48:41,52.0,37.34995216,-121.93639433999999,4520.1,0.062,0.012,0.0,518.798,0.279,0.034999999999999996,9554549.054000001,1746685.334
2024-10-23 16:48:42,52.0,37.349952259999995,-121.93639313999999,4520.1,0.002,-0.072,0.0,518.807,0.025,0.065,9554548.951,1746685.3240000003
2024-10-23 16:48:43,52.0,37.349952,-121.93639436000001,4520.16,0.05700000000000001,0.05900000000000001,0.0,518.827,0.244,0.10800000000000001,9554549.067,1746685.35
2024-10-23 16:48:44,52.0,37.34995181,-121.93639379000001,4520.178,0.075,0.02,0.0,519.001,0.327,1.3519999999999999,9554549.036,1746685.3769999999
2024-10-23 16:48:45,52.0,37.34995186,-121.93639263,4520.22,0.08299999999999999,0.006,0.0,519.202,0.357,0.121,9554548.940000001,1746685.3690000002
2024-10-23 16:48:46,52.0,37.34995278,-121.93639220999998,4520.244000000001,0.028000000000000004,-0.05800000000000001,0.0,519.22,0.133,0.077,9554548.84,1746685.2629999998
2024-10-23 16:48:47,52.0,37.34995266,-121.9363914,4520.555,0.10300000000000001,0.065,0.0,519.2470000000001,0.457,0.12,9554548.786,1746685.277
2024-10-23 16:48:48,52.0,37.349951929999996,-121.93639146000001,4520.67,0.10200000000000001,0.01,0.0,519.268,0.441,0.045,9554548.844,1746685.357
2024-10-23 16:48:49,52.0,37.349952429999995,-121.93639157,4520.67,0.014000000000000002,-0.091,0.0,519.281,0.06999999999999999,0.078,9554548.817,1746685.302
2024-10-23 16:48:50,52.0,37.349954509999996,-121.93639078000001,4520.67,0.0,-0.009,0.0,519.298,0.005,0.054000000000000006,9554548.605,1746685.0670000003
2024-10-23 16:48:51,52.0,37.349955449999996,-121.93639226999998,4520.67,0.0,0.0,0.0,519.31,0.0,0.033999999999999996,9554548.656,1746684.961
2024-10-23 16:48:52,52.0,37.349954780000004,-121.93639404999999,4520.773,0.043,0.025,0.0,519.326,0.251,0.121,9554548.844,1746685.043
2024-10-23 16:48:53,52.0,37.34995212,-121.93639938999999,4521.408,0.627,0.583,0.0,519.357,3.592,0.11600000000000002,9554549.453,1746685.3469999998
2024-10-23 16:48:54,52.0,37.34994527,-121.93640771,4522.489,1.1199999999999999,0.525,0.0,519.395,6.005,0.22200000000000003,9554550.599,1746686.1309999998
2024-10-23 16:48:55,52.0,37.34993616,-121.93641686000001,4523.808,1.334,0.20600000000000002,0.0,519.4590000000001,6.462000000000001,0.27,9554551.97,1746687.1670000001
2024-10-23 16:48:56,52.0,37.34992451,-121.93642455,4525.289,1.4849999999999999,0.159,0.0,519.5269999999999,6.511,0.252,9554553.408,1746688.489
2024-10-23 16:48:57,52.0,37.349913470000004,-121.93643201,4526.699,1.412,-0.077,0.0,519.583,5.794,0.198,9554554.786,1746689.741
2024-10-23 16:48:58,52.0,37.349903749999996,-121.93643781,4527.909000000001,1.228,-0.182,0.0,519.63,4.726,0.177,9554555.937,1746690.841
2024-10-23 16:48:59,52.0,37.34989591,-121.93644189,4528.875,1.008,-0.21600000000000003,0.0,519.671,3.8009999999999997,0.149,9554556.818,1746691.7280000001
2024-10-23 16:49:00,52.0,37.34989229,-121.93644405,4529.378,0.521,-0.505,0.0,519.702,1.78,0.10400000000000001,9554557.247,1746692.137
2024-10-23 16:49:01,52.0,37.349892260000004,-121.93644495999999,4529.51,0.144,-0.398,0.0,519.725,0.541,0.08499999999999999,9554557.320999999,1746692.141
2024-10-23 16:49:02,52.0,37.3498922,-121.93644524000001,4529.648999999999,0.08299999999999999,-0.04,0.0,519.745,0.358,0.06,9554557.348,1746692.15
2024-10-23 16:49:03,52.0,37.34989364,-121.93644423999999,4529.741,0.10800000000000001,0.006,0.0,519.76,0.5279999999999999,0.11200000000000002,9554557.166,1746691.9870000002
2024-10-23 16:49:04,52.0,37.349892139999994,-121.93644164,4530.159,0.386,0.279,0.0,519.798,2.009,0.153,9554557.068,1746692.152
2024-10-23 16:49:05,52.0,37.34988681,-121.93643694,4530.923000000001,0.754,0.38,0.0,519.835,3.967,0.149,9554557.078,1746692.7440000002
2024-10-23 16:49:06,52.0,37.34987782,-121.93643121,4532.063,1.1219999999999999,0.391,0.0,519.875,5.485,0.188,9554557.27,1746693.747
2024-10-23 16:49:07,52.0,37.3498692,-121.93642618999999,4533.147,1.041,-0.089,0.0,519.9219999999999,4.143,0.173,9554557.492,1746694.7100000002
2024-10-23 16:49:08,52.0,37.349861069999996,-121.93642239,4534.157,0.967,-0.093,0.0,519.961,4.148000000000001,0.14700000000000002,9554557.772,1746695.621
2024-10-23 16:49:09,52.0,37.3498528,-121.93641692000001,4535.221,1.036,0.072,0.0,520.0029999999999,4.808,0.16799999999999998,9554557.931,1746696.542
2024-10-23 16:49:10,52.0,37.34984429,-121.93641285000001,4536.272,1.0130000000000001,-0.02,0.0,520.044,4.245,0.20800000000000002,9554558.220999999,1746697.4949999999
2024-10-23 16:49:11,52.0,37.34983518,-121.93640923000001,4537.358,1.074,0.06,0.0,520.0989999999999,4.885,0.17099999999999999,9554558.587000001,1746698.514
2024-10-23 16:49:12,52.0,37.34982536,-121.93640540999999,4538.512000000001,1.152,0.078,0.0,520.142,5.363,0.202,9554558.986,1746699.6120000002
2024-10-23 16:49:13,52.0,37.34981534,-121.93640215,4539.687,1.184,0.038,0.0,520.193,5.042,0.193,9554559.445,1746700.735
2024-10-23 16:49:14,52.0,37.34980505,-121.93639959,4540.86,1.17,-0.022,0.0,520.234,5.276,0.151,9554559.981,1746701.8879999998
2024-10-23 16:49:15,52.0,37.34979482,-121.93639572,4542.062,1.215,0.046,0.0,520.2729999999999,5.318,0.155,9554560.405,1746703.0320000001
2024-10-23 16:49:16,52.0,37.34978565,-121.93638860000002,4543.277,1.228,0.012,0.0,520.3140000000001,5.32,0.172,9554560.501,1746704.054
2024-10-23 16:49:17,52.0,37.349777589999995,-121.93637963,4544.497,1.188,-0.039,0.0,520.363,5.074,0.21000000000000002,9554560.370000001,1746704.948
2024-10-23 16:49:18,52.0,37.34977094,-121.93636975,4545.6669999999995,1.139,-0.052000000000000005,0.0,520.4069999999999,4.8,0.147,9554560.066,1746705.6829999997
2024-10-23 16:49:19,52.0,37.34976467,-121.93635977,4546.806,1.122,-0.019,0.0,520.445,4.91,0.173,9554559.729,1746706.3730000001
2024-10-23 16:49:20,52.0,37.349758359999996,-121.93634990000001,4547.947,1.1199999999999999,0.0019999999999999996,0.0,520.489,4.799,0.17200000000000001,9554559.401999999,1746707.0699999998
2024-10-23 16:49:21,52.0,37.34975263,-121.93633926,4549.111,1.1320000000000001,0.0010000000000000009,0.0,520.535,5.182,0.196,9554558.973000001,1746707.7
2024-10-23 16:49:22,52.0,37.349748340000005,-121.93632815000001,4550.237,1.082,-0.045000000000000005,0.0,520.588,4.373,0.22000000000000003,9554558.405,1746708.1670000001
2024-10-23 16:49:23,52.0,37.3497452,-121.93631798999999,4551.2339999999995,0.953,-0.127,0.0,520.634,3.754,0.144,9554557.829,1746708.507
2024-10-23 16:49:24,52.0,37.34974224,-121.93630957999999,4552.084,0.8089999999999999,-0.141,0.0,520.674,3.253,0.20400000000000001,9554557.377,1746708.829
2024-10-23 16:49:25,52.0,37.349739670000005,-121.93630347999999,4552.74,0.579,-0.233,0.0,520.715,2.2359999999999998,0.086,9554557.081,1746709.1079999998
2024-10-23 16:49:26,52.0,37.34973749,-121.93630117000001,4553.141,0.253,-0.346,0.0,520.738,0.958,0.119,9554557.056,1746709.3510000003
2024-10-23 16:49:27,52.0,37.34973495,-121.93630183,4553.584,0.33599999999999997,0.078,0.0,520.767,1.7,0.146,9554557.289,1746709.637
2024-10-23 16:49:28,52.0,37.3497317,-121.93629775,4554.162,0.529,0.21000000000000002,0.0,520.8149999999999,2.8,0.181,9554557.199,1746709.996
2024-10-23 16:49:29,52.0,37.34972814,-121.93629023000001,4554.981,0.795,0.276,0.0,520.857,3.59,0.175,9554556.861,1746710.389
2024-10-23 16:49:30,52.0,37.34972352,-121.93628067,4556.007,1.026,0.238,0.0,520.8969999999999,5.039,0.153,9554556.438,1746710.8920000002
2024-10-23 16:49:31,52.0,37.34971597,-121.93627555999998,4557.022999999999,0.986,-0.04,0.0,520.9350000000001,4.104,0.138,9554556.575,1746711.7370000002
2024-10-23 16:49:32,52.0,37.34970737,-121.93627536,4558.0160000000005,0.9259999999999999,-0.069,0.0,520.969,3.9539999999999997,0.155,9554557.175,1746712.704
2024-10-23 16:49:33,52.0,37.34969951,-121.93627572999999,4558.939,0.874,-0.046,0.0,521.004,3.582,0.129,9554557.765,1746713.5850000002
2024-10-23 16:49:34,52.0,37.34969237,-121.93627669,4559.788,0.8089999999999999,-0.071,0.0,521.036,3.4539999999999997,0.11300000000000002,9554558.351,1746714.391
2024-10-23 16:49:35,52.0,37.349686000000005,-121.93627756000001,4560.549,0.745,-0.05700000000000001,0.0,521.0640000000001,3.0509999999999997,0.11599999999999999,9554558.875,1746715.1080000002
2024-10-23 16:49:36,52.0,37.349680649999996,-121.93627564,4561.21,0.589,-0.163,0.0,521.0930000000001,2.462,0.10500000000000001,9554559.106999999,1746715.707
2024-10-23 16:49:37,52.0,37.34967917,-121.93627458,4561.491,0.189,-0.402,0.0,521.1110000000001,0.612,0.040999999999999995,9554559.128999999,1746715.872
2024-10-23 16:49:38,52.0,37.34967989,-121.93627637,4561.5160000000005,0.022,-0.183,0.0,521.1220000000001,0.10500000000000001,0.06,9554559.219,1746715.795
2024-10-23 16:49:39,52.0,37.34967757,-121.93627773,4561.737,0.188,0.20800000000000002,0.0,521.143,0.8390000000000001,0.10900000000000001,9554559.491,1746716.057
2024-10-23 16:49:40,52.0,37.34967699,-121.93627690000001,4561.902,0.096,-0.138,0.0,521.182,0.48100000000000004,0.209,9554559.467,1746716.121
2024-10-23 16:49:41,52.0,37.34967633,-121.93627296,4562.342,0.41600000000000004,0.372,0.0,521.242,1.8820000000000001,0.277,9554559.203,1746716.189
2024-10-23 16:49:42,52.0,37.34967643,-121.93626862,4562.771,0.379,-0.08,0.0,521.3109999999999,2.084,0.328,9554558.855,1746716.173
2024-10-23 16:49:43,52.0,37.34967686,-121.93626327,4563.323,0.545,0.189,0.0,521.428,2.1550000000000002,0.507,9554558.401999999,1746716.116
2024-10-23 16:49:44,52.0,37.34967616,-121.93626246,4563.614,0.17099999999999999,-0.386,0.0,521.52,0.6559999999999999,0.24,9554558.388,1746716.1940000001
2024-10-23 16:49:45,52.0,37.349675809999994,-121.93625553,4564.284,0.649,0.45499999999999996,0.0,521.579,5.108,0.236,9554557.868999999,1746716.225
2024-10-23 16:49:46,52.0,37.34967588,-121.9362443,4565.316000000001,1.048,0.47800000000000004,0.0,521.633,3.901,0.306,9554556.978,1746716.202
2024-10-23 16:49:47,52.0,37.349675059999996,-121.93623834,4566.049,0.643,-0.426,0.0,521.79,2.118,0.869,9554556.565,1746716.2829999998
2024-10-23 16:49:48,52.0,37.34967201,-121.93624248,4566.83,0.564,-0.07300000000000002,0.0,522.019,3.07,0.8539999999999999,9554557.113,1746716.6309999998
2024-10-23 16:49:49,52.0,37.34967259,-121.93623930999999,4567.402,0.46499999999999997,-0.122,0.0,522.145,2.1350000000000002,0.20400000000000001,9554556.82,1746716.564
2024-10-23 16:49:50,52.0,37.34967251,-121.93623639,4567.834,0.387,-0.11400000000000002,0.0,522.198,1.6280000000000001,0.35500000000000004,9554556.595999999,1746716.5690000001
2024-10-23 16:49:51,52.0,37.34967146,-121.93623755000002,4568.421,0.379,-0.043,0.0,522.344,2.228,0.8800000000000001,9554556.763,1746716.689
2024-10-23 16:49:52,52.0,37.34966833,-121.93624494000001,4569.342,0.8460000000000001,0.579,0.0,522.662,3.942,1.1629999999999998,9554557.567,1746717.05
2024-10-23 16:49:53,52.0,37.34966613,-121.93624038,4570.023999999999,0.471,-0.441,0.0,522.821,2.883,0.521,9554557.368,1746717.2899999998
2024-10-23 16:49:54,52.0,37.34966567,-121.93623433,4570.961,0.865,0.44299999999999995,0.0,522.992,3.6729999999999996,0.794,9554556.923,1746717.3350000002
2024-10-23 16:49:55,52.0,37.34966997,-121.93624459,4572.227000000001,1.1469999999999998,0.28900000000000003,0.0,523.265,6.938,1.41,9554557.423999999,1746716.866
2024-10-23 16:49:56,52.0,37.34966945,-121.9362468,4572.975,0.522,-0.696,0.0,523.494,1.919,0.352,9554557.634,1746716.927
2024-10-23 16:49:57,52.0,37.34966721,-121.93624272,4573.579,0.563,0.066,0.0,523.595,2.33,0.635,9554557.473,1746717.174
2024-10-23 16:49:58,52.0,37.3496688,-121.93624321,4574.084000000001,0.398,-0.151,0.0,523.818,1.764,0.914,9554557.399,1746716.997
2024-10-23 16:49:59,52.0,37.349666660000004,-121.93624641,4574.6900000000005,0.49000000000000005,0.11099999999999999,0.0,524.034,2.211,0.633,9554557.803,1746717.241
2024-10-23 16:50:00,52.0,37.34966822,-121.93624178,4575.206,0.484,-0.041,0.0,524.101,2.38,0.159,9554557.328,1746717.06
2024-10-23 16:50:01,52.0,37.34966883,-121.93623819,4575.588,0.328,-0.164,0.0,524.138,1.385,0.183,9554557.002,1746716.985
2024-10-23 16:50:02,52.0,37.349668300000005,-121.93623748,4576.092,0.361,0.014000000000000002,0.0,524.242,1.653,0.72,9554556.984000001,1746717.045
2024-10-23 16:50:03,52.0,37.349666309999996,-121.93624078,4576.682,0.48,0.156,0.0,524.447,2.096,0.605,9554557.386,1746717.2719999999
2024-10-23 16:50:04,52.0,37.349665,-121.93623717999999,4577.157,0.44399999999999995,-0.024,0.0,524.5219999999999,1.89,0.155,9554557.193,1746717.4149999998
2024-10-23 16:50:05,52.0,37.34966343,-121.93623362999999,4577.621,0.422,-0.023999999999999997,0.0,524.5649999999999,1.891,0.306,9554557.029,1746717.586
2024-10-23 16:50:06,52.0,37.34966369,-121.93623874,4578.3550000000005,0.5740000000000001,0.099,0.0,524.72,4.833,1.27,9554557.412,1746717.565
2024-10-23 16:50:07,52.0,37.34966437,-121.9362456,4579.137000000001,0.714,0.257,0.0,525.038,2.089,0.5559999999999999,9554557.903,1746717.496
2024-10-23 16:50:08,52.0,37.34966257,-121.93624152,4579.652,0.47300000000000003,-0.344,0.0,525.114,2.56,0.437,9554557.711,1746717.693
2024-10-23 16:50:09,52.0,37.34966502,-121.93623808,4580.378,0.645,0.211,0.0,525.267,2.891,0.756,9554557.264,1746717.413
2024-10-23 16:50:10,52.0,37.34966945,-121.93624172,4581.119000000001,0.742,0.11699999999999999,0.0,525.4979999999999,3.218,1.087,9554557.234000001,1746716.92
2024-10-23 16:50:11,52.0,37.34966832,-121.93624273999998,4581.639,0.38,-0.41100000000000003,0.0,525.688,1.5719999999999998,0.318,9554557.396,1746717.0469999998
2024-10-23 16:50:12,52.0,37.34966566,-121.93623794,4582.247,0.579,0.223,0.0,525.79,2.5620000000000003,0.825,9554557.207,1746717.341
2024-10-23 16:50:13,52.0,37.349666209999995,-121.93624048,4582.913,0.45899999999999996,-0.175,0.0,526.0840000000001,2.913,1.418,9554557.367,1746717.2830000003
2024-10-23 16:50:14,52.0,37.349666559999996,-121.93624511,4583.594999999999,0.544,0.161,0.0,526.395,1.952,0.642,9554557.708,1746717.2510000002
2024-10-23 16:50:15,52.0,37.34966616,-121.93624134,4584.116,0.519,-0.031999999999999994,0.0,526.495,2.46,0.471,9554557.438,1746717.2899999998
2024-10-23 16:50:16,52.0,37.349664680000004,-121.93624979,4585.036,0.8160000000000001,0.271,0.0,526.6229999999999,5.796,0.739,9554558.211,1746717.4679999999
2024-10-23 16:50:17,52.0,37.34966497,-121.93625889,4586.033,0.845,0.11200000000000002,0.0,526.883,2.701,0.781,9554558.906,1746717.446
2024-10-23 16:50:18,52.0,37.349664440000005,-121.93625382,4586.658,0.621,-0.29900000000000004,0.0,526.9680000000001,3.354,0.22400000000000003,9554558.546,1746717.4989999998
2024-10-23 16:50:19,52.0,37.3496646,-121.93624910999999,4587.218,0.591,-0.007000000000000001,0.0,527.067,2.503,0.73,9554558.162,1746717.477
2024-10-23 16:50:20,52.0,37.34966463,-121.93624865,4587.813,0.40499999999999997,-0.22400000000000003,0.0,527.327,1.6009999999999998,1.467,9554558.126,1746717.4719999998
2024-10-23 16:50:21,52.0,37.349665,-121.93624885,4588.35,0.253,-0.17099999999999999,0.0,527.6220000000001,1.1199999999999999,0.41100000000000003,9554558.113,1746717.4300000002
2024-10-23 16:50:22,52.0,37.349664239999996,-121.93624660999998,4588.712,0.29500000000000004,0.081,0.0,527.701,1.261,0.599,9554557.993,1746717.514
2024-10-23 16:50:23,52.0,37.3496625,-121.93624752000001,4589.279,0.397,0.087,0.0,527.911,2.073,1.029,9554558.187,1746717.7079999999
2024-10-23 16:50:24,52.0,37.34966432,-121.93625036,4589.847,0.51,0.149,0.0,528.1270000000001,2.007,0.371,9554558.281,1746717.508
2024-10-23 16:50:25,52.0,37.34966303,-121.93624943,4590.191,0.29900000000000004,-0.256,0.0,528.1629999999999,1.456,0.131,9554558.3,1746717.652
2024-10-23 16:50:26,52.0,37.349659020000004,-121.93625204,4590.786,0.547,0.278,0.0,528.2030000000001,2.657,0.149,9554558.792,1746718.1079999998
2024-10-23 16:50:27,52.0,37.34965507,-121.93625843,4591.5779999999995,0.752,0.20800000000000002,0.0,528.241,3.618,0.151,9554559.577,1746718.561
2024-10-23 16:50:28,52.0,37.34965132,-121.93626626,4592.425,0.841,0.094,0.0,528.2760000000001,3.597,0.135,9554560.463,1746718.9919999999
2024-10-23 16:50:29,52.0,37.349647149999996,-121.93627302,4593.2300000000005,0.772,-0.078,0.0,528.3100000000001,3.31,0.137,9554561.294,1746719.47
2024-10-23 16:50:30,52.0,37.34964302,-121.93627894000001,4593.982,0.724,-0.04,0.0,528.3480000000001,2.932,0.154,9554562.057,1746719.943
2024-10-23 16:50:31,52.0,37.34963954,-121.93628298000002,4594.603,0.55,-0.194,0.0,528.379,2.3600000000000003,0.10900000000000001,9554562.620000001,1746720.341
2024-10-23 16:50:32,52.0,37.34963786,-121.93628331,4594.971,0.317,-0.254,0.0,528.403,1.27,0.073,9554562.767,1746720.53
2024-10-23 16:50:33,52.0,37.34963974,-121.9362828,4595.18,0.23700000000000002,-0.044,0.0,528.417,0.968,0.039,9554562.594,1746720.318
2024-10-23 16:50:34,52.0,37.34963786,-121.93628268,4595.18,0.012,-0.23199999999999998,0.0,528.4259999999999,0.05800000000000001,0.038,9554562.72,1746720.5289999999
2024-10-23 16:50:35,52.0,37.349639530000005,-121.936283,4595.18,0.0,-0.0019999999999999996,0.0,528.438,0.001,0.054000000000000006,9554562.623,1746720.3429999999
2024-10-23 16:50:36,52.0,37.34964062,-121.93628311,4595.18,0.0,0.0,0.0,528.4490000000001,0.0,0.04,9554562.553,1746720.22
2024-10-23 16:50:37,52.0,37.34963905,-121.93628263000001,4595.18,0.0,0.0,0.0,528.4590000000001,0.0,0.038,9554562.629999999,1746720.3939999999
2024-10-23 16:50:38,52.0,37.349640040000004,-121.93628229000001,4595.18,0.0,0.0,0.0,528.4680000000001,0.0,0.03,9554562.533,1746720.284
2024-10-23 16:50:39,52.0,37.349641129999995,-121.93628254000001,4595.18,0.0,0.0,0.0,528.472,0.0,0.024,9554562.474000001,1746720.1599999997
2024-10-23 16:50:40,52.0,37.349639030000006,-121.93628224,4595.2080000000005,0.015000000000000003,0.005,0.0,528.483,0.06999999999999999,0.08,9554562.6,1746720.3960000002
2024-10-23 16:50:41,52.0,37.34963335,-121.93627864,4595.886,0.657,0.642,0.0,528.54,4.512,0.499,9554562.721,1746721.03
2024-10-23 16:50:42,52.0,37.3496295,-121.93627251000001,4596.733,0.735,0.158,0.0,528.734,2.713,0.7030000000000001,9554562.514,1746721.4559999998
2024-10-23 16:50:43,52.0,37.34963095,-121.93626972,4597.192,0.41100000000000003,-0.442,0.0,528.872,2.465,0.583,9554562.191,1746721.287
2024-10-23 16:50:44,52.0,37.34963201,-121.93626784,4597.584,0.317,-0.020999999999999998,0.0,528.9730000000001,1.0779999999999998,0.257,9554561.967999998,1746721.166
2024-10-23 16:50:45,52.0,37.34962759,-121.93626867999998,4598.156,0.52,0.191,0.0,529.035,2.5149999999999997,0.25,9554562.351,1746721.664
2024-10-23 16:50:46,52.0,37.34962872,-121.93627167,4598.548,0.41500000000000004,-0.085,0.0,529.101,1.834,0.182,9554562.504,1746721.541
2024-10-23 16:50:47,52.0,37.34962745,-121.93627212999999,4598.637000000001,0.10700000000000001,-0.366,0.0,529.126,0.524,0.11000000000000001,9554562.633,1746721.686
2024-10-23 16:50:48,52.0,37.349624829999996,-121.93627202,4598.866,0.265,0.20099999999999998,0.0,529.1510000000001,1.149,0.057999999999999996,9554562.809999999,1746721.977
2024-10-23 16:50:49,52.0,37.34962509,-121.93627164,4598.87,0.031,-0.256,0.0,529.161,0.136,0.041,9554562.759,1746721.951
2024-10-23 16:50:50,52.0,37.349626439999994,-121.93627152000002,4599.004,0.05600000000000001,0.006,0.0,529.1769999999999,0.35300000000000004,0.10400000000000001,9554562.653,1746721.7989999999
2024-10-23 16:50:51,52.0,37.349632279999994,-121.93627311,4599.731,0.7030000000000001,0.673,0.0,529.208,3.8770000000000002,0.13,9554562.362,1746721.144
2024-10-23 16:50:52,52.0,37.34963942,-121.93627787,4600.647,0.9179999999999999,0.24,0.0,529.245,4.125,0.149,9554562.228,1746720.3469999998
2024-10-23 16:50:53,52.0,37.34964538,-121.93628404,4601.539,0.8640000000000001,-0.084,0.0,529.281,3.839,0.14,9554562.286,1746719.686
2024-10-23 16:50:54,52.0,37.349652309999996,-121.93628876,4602.433999999999,0.858,-0.020999999999999998,0.0,529.319,4.0200000000000005,0.178,9554562.162999999,1746718.9109999998
2024-10-23 16:50:55,52.0,37.34966061,-121.93629374,4603.49,1.04,0.182,0.0,529.368,4.956,0.187,9554561.962000001,1746717.986
2024-10-23 16:50:56,52.0,37.34967042,-121.93629989000002,4604.719999999999,1.232,0.213,0.0,529.411,5.743,0.174,9554561.747,1746716.89
2024-10-23 16:50:57,52.0,37.34968025,-121.93630599000001,4605.947999999999,1.224,-0.0030000000000000027,0.0,529.455,5.066,0.16799999999999998,9554561.524,1746715.796
2024-10-23 16:50:58,52.0,37.349689749999996,-121.93631233,4607.16,1.204,-0.028000000000000004,0.0,529.4970000000001,5.322,0.194,9554561.345,1746714.735
2024-10-23 16:50:59,52.0,37.34969958,-121.93631992,4608.46,1.296,0.094,0.0,529.549,6.1739999999999995,0.213,9554561.241,1746713.641
2024-10-23 16:51:00,52.0,37.34971169000001,-121.93632422,4609.9220000000005,1.451,0.17099999999999999,0.0,529.634,6.819,0.674,9554560.716,1746712.2850000001
2024-10-23 16:51:01,52.0,37.349729030000006,-121.9363066,4612.576,2.5540000000000003,1.028,0.0,529.913,34.411,1.529,9554558.086,1746710.3099999998
2024-10-23 16:51:02,52.0,37.34974967,-121.93626423999999,4617.009,4.487,2.051,0.0,530.3489999999999,35.172000000000004,1.8539999999999999,9554553.276,1746707.9309999999
2024-10-23 16:51:03,52.0,37.34976331,-121.93621012999999,4622.086,5.061999999999999,0.526,0.0,530.83,30.238,2.003,9554548.040000001,1746706.321
2024-10-23 16:51:04,52.0,37.34977574,-121.93614720000001,4627.851000000001,5.765,0.689,0.0,531.3779999999999,36.363,2.3899999999999997,9554542.195,1746704.837
2024-10-23 16:51:05,52.0,37.34979275,-121.93608184,4633.9529999999995,6.114,0.398,0.0,532.049,25.787,3.3979999999999997,9554535.831999999,1746702.8329999999
2024-10-23 16:51:06,52.0,37.34979915,-121.93603261999999,4638.559,4.5120000000000005,-1.553,0.0,532.911,14.536000000000001,2.353,9554531.497,1746702.0469999998
2024-10-23 16:51:07,52.0,37.34979165,-121.93600913,4640.894,2.2030000000000003,-2.459,0.0,533.251,5.2909999999999995,0.851,9554530.183,1746702.8580000002
2024-10-23 16:51:08,52.0,37.349785229999995,-121.93599394,4642.487,1.506,-0.683,0.0,533.39,5.554,0.475,9554529.447,1746703.561
2024-10-23 16:51:09,52.0,37.349771880000006,-121.93598523,4644.198,1.6829999999999998,0.19,0.0,533.552,10.431000000000001,0.8460000000000001,9554529.714,1746705.05
2024-10-23 16:51:10,52.0,37.34975195,-121.9359808,4646.47,2.291,0.662,0.0,533.784,12.099,0.8939999999999999,9554530.789,1746707.2829999998
2024-10-23 16:51:11,52.0,37.349729509999996,-121.93598361,4648.999,2.518,0.213,0.0,534.046,12.1,1.432,9554532.613,1746709.811
2024-10-23 16:51:12,52.0,37.349710290000004,-121.93598953,4651.224,2.19,-0.339,0.0,534.385,7.412999999999999,1.0070000000000001,9554534.453,1746711.981
2024-10-23 16:51:13,52.0,37.349693869999996,-121.93597838999999,4653.549,2.189,-0.047,0.0,534.641,13.01,1.109,9554534.748,1746713.811
2024-10-23 16:51:14,52.0,37.3496896,-121.93594972000001,4656.308,2.761,0.655,0.0,534.9300000000001,13.344,1.408,9554532.797,1746714.253
2024-10-23 16:51:15,52.0,37.34969743,-121.93592960999999,4658.353,2.0149999999999997,-0.738,0.0,535.3,4.823,1.061,9554530.651999999,1746713.344
2024-10-23 16:51:16,52.0,37.3497055,-121.93592759,4659.412,0.967,-1.1460000000000001,0.0,535.4269999999999,3.5480000000000005,0.21800000000000003,9554529.916,1746712.436
2024-10-23 16:51:17,52.0,37.349712370000006,-121.93593338999999,4660.35,0.9390000000000001,0.015,0.0,535.469,4.114,0.139,9554529.883,1746711.671
2024-10-23 16:51:18,52.0,37.349717659999996,-121.93594170000001,4661.353,0.953,0.025,0.0,535.508,4.186999999999999,0.177,9554530.158,1746711.0850000002
2024-10-23 16:51:19,52.0,37.34971943,-121.93595301999999,4662.402,1.004,0.061,0.0,535.558,4.2780000000000005,0.21200000000000002,9554530.923999999,1746710.9030000002
2024-10-23 16:51:20,52.0,37.34972413,-121.93596035,4663.33,0.8560000000000001,-0.165,0.0,535.6,3.7619999999999996,0.137,9554531.164,1746710.3850000002
2024-10-23 16:51:21,52.0,37.34973269,-121.9359623,4664.362999999999,1.0130000000000001,0.159,0.0,535.637,4.887,0.154,9554530.708,1746709.4239999999
2024-10-23 16:51:22,52.0,37.349742559999996,-121.93595918999999,4665.5160000000005,1.159,0.162,0.0,535.679,5.227,0.187,9554529.757,1746708.309
2024-10-23 16:51:23,52.0,37.34975215,-121.93595365000002,4666.698,1.177,0.016,0.0,535.725,5.046,0.16799999999999998,9554528.636,1746707.223
2024-10-23 16:51:24,52.0,37.3497614,-121.93594912,4667.818,1.1,-0.082,0.0,535.767,4.659,0.23500000000000001,9554527.617,1746706.178
2024-10-23 16:51:25,52.0,37.34976587,-121.9359443,4668.674,0.768,-0.34500000000000003,0.0,535.836,2.691,0.191,9554526.918,1746705.6670000001
2024-10-23 16:51:26,52.0,37.349760880000005,-121.93593844,4669.51,0.8230000000000001,0.05499999999999999,0.0,535.8729999999999,4.037,0.174,9554526.813,1746706.2210000001
2024-10-23 16:51:27,52.0,37.34975333,-121.93593358000001,4670.474,0.9629999999999999,0.172,0.0,535.9179999999999,4.35,0.172,9554526.970999999,1746707.0620000002
2024-10-23 16:51:28,52.0,37.34974462,-121.93593171,4671.477,1.009,0.041999999999999996,0.0,535.9620000000001,4.516,0.184,9554527.445999999,1746708.041
2024-10-23 16:51:29,52.0,37.34973765,-121.93593261000001,4672.288,0.805,-0.2,0.0,536.0,2.872,0.133,9554528.014,1746708.825
2024-10-23 16:51:30,52.0,37.34973622,-121.93593668999999,4672.755999999999,0.434,-0.40199999999999997,0.0,536.035,1.7879999999999998,0.123,9554528.437,1746708.992
2024-10-23 16:51:31,52.0,37.349737950000005,-121.93593877,4673.254,0.417,-0.028000000000000004,0.0,536.062,1.873,0.095,9554528.478,1746708.8
2024-10-23 16:51:32,52.0,37.34973919,-121.93593865,4673.523,0.258,-0.126,0.0,536.08,0.96,0.059,9554528.382,1746708.6600000001
2024-10-23 16:51:33,52.0,37.3497374,-121.93594204000001,4673.849,0.286,0.001999999999999996,0.0,536.097,1.377,0.08499999999999999,9554528.775,1746708.868
2024-10-23 16:51:34,52.0,37.349735190000004,-121.93594579,4674.361999999999,0.49800000000000005,0.225,0.0,536.121,2.439,0.087,9554529.228,1746709.121
2024-10-23 16:51:35,52.0,37.34973108,-121.93594975,4674.972,0.603,0.10300000000000001,0.0,536.14,2.904,0.10300000000000001,9554529.834,1746709.588
2024-10-23 16:51:36,52.0,37.349724959999996,-121.93595559,4675.880999999999,0.8959999999999999,0.315,0.0,536.175,4.2780000000000005,0.14700000000000002,9554530.731,1746710.284
2024-10-23 16:51:37,52.0,37.34972071,-121.93596497000001,4676.867,0.961,0.066,0.0,536.21,4.337000000000001,0.139,9554531.774,1746710.7759999998
2024-10-23 16:51:38,52.0,37.3497177,-121.93597582,4677.903,1.008,0.041999999999999996,0.0,536.246,4.3870000000000005,0.144,9554532.844,1746711.128
2024-10-23 16:51:39,52.0,37.34971573,-121.93598683999998,4678.943,0.992,-0.018,0.0,536.283,4.29,0.14200000000000002,9554533.853,1746711.364
2024-10-23 16:51:40,52.0,37.34971387,-121.93599761,4679.9529999999995,0.9560000000000001,-0.034,0.0,536.317,4.006,0.129,9554534.834,1746711.5899999999
2024-10-23 16:51:41,52.0,37.34971254,-121.93600738,4680.86,0.867,-0.092,0.0,536.345,3.559,0.122,9554535.698,1746711.7510000002
2024-10-23 16:51:42,52.0,37.34971108,-121.93601547,4681.673,0.7150000000000001,-0.151,0.0,536.3770000000001,2.847,0.10800000000000001,9554536.440000001,1746711.927
2024-10-23 16:51:43,52.0,37.34971132,-121.93602183,4682.329,0.576,-0.157,0.0,536.399,2.448,0.093,9554536.922999999,1746711.9100000001
2024-10-23 16:51:44,52.0,37.34971094,-121.93602695,4682.91,0.52,-0.06,0.0,536.4269999999999,2.213,0.10800000000000001,9554537.353999998,1746711.959
2024-10-23 16:51:45,52.0,37.34970867,-121.93603062,4683.584,0.571,0.031999999999999994,0.0,536.451,3.1719999999999997,0.127,9554537.805,1746712.219
2024-10-23 16:51:46,52.0,37.34969699,-121.93603391000002,4684.934,1.3800000000000001,0.827,0.0,536.504,10.164,0.4109999999999999,9554538.898,1746713.537
2024-10-23 16:51:47,52.0,37.34967738,-121.93603432,4687.127,2.245,0.909,0.0,536.699,13.907,1.0630000000000002,9554540.333,1746715.7440000002
2024-10-23 16:51:48,52.0,37.34965477,-121.93602806999999,4689.723,2.658,0.40700000000000003,0.0,536.971,13.080000000000002,1.135,9554541.456,1746718.277
2024-10-23 16:51:49,52.0,37.34963187,-121.93602513,4692.6089999999995,2.774,0.086,0.0,537.368,14.626,1.955,9554542.862,1746720.848
2024-10-23 16:51:50,52.0,37.349609279999996,-121.93605402,4696.36,3.7659999999999996,1.042,0.0,537.857,27.006,2.061,9554546.75,1746723.429
2024-10-23 16:51:51,52.0,37.349581439999994,-121.93606732,4699.8589999999995,3.378,-0.45,0.0,538.388,18.241,2.319,9554549.787999999,1746726.5780000002
2024-10-23 16:51:52,52.0,37.349548150000004,-121.93607933000001,4703.801,3.944,0.5940000000000001,0.0,539.0260000000001,18.851,2.897,9554553.113,1746730.3390000002
2024-10-23 16:51:53,52.0,37.34951786,-121.93609957999999,4707.722,3.8609999999999998,-0.082,0.0,539.647,17.991,1.6740000000000002,9554556.871000001,1746733.773
2024-10-23 16:51:54,52.0,37.34948089,-121.93609766,4711.954,4.273,0.42800000000000005,0.0,540.083,22.151999999999997,1.8800000000000001,9554559.361,1746737.928
2024-10-23 16:51:55,52.0,37.34945783,-121.93607804000001,4715.219,3.1799999999999997,-1.0710000000000002,0.0,540.4970000000001,7.051,1.592,9554559.464,1746740.4949999999
2024-10-23 16:51:56,52.0,37.349462419999995,-121.93606460999999,4717.713000000001,2.0309999999999997,-1.3599999999999999,0.0,540.999,13.748,2.206,9554558.078,1746739.959
2024-10-23 16:51:57,52.0,37.34948205,-121.93605968,4720.438,2.5780000000000003,0.732,0.0,541.5609999999999,13.981,2.073,9554556.287,1746737.746
2024-10-23 16:51:58,52.0,37.349480979999996,-121.93602981,4723.2480000000005,2.782,0.192,0.0,541.942,19.723,1.454,9554554.011,1746737.8240000003
2024-10-23 16:51:59,52.0,37.34948453,-121.93600985,4725.269,1.8559999999999999,-0.861,0.0,542.3050000000001,5.286,0.8629999999999999,9554552.186,1746737.398
2024-10-23 16:52:00,52.0,37.34948791,-121.93601100999999,4725.799,0.491,-1.504,0.0,542.382,1.6329999999999998,0.12,9554552.035,1746737.018
2024-10-23 16:52:01,52.0,37.349489829999996,-121.93601088,4726.01,0.21400000000000002,-0.21200000000000002,0.0,542.4010000000001,0.844,0.05500000000000001,9554551.889,1746736.802
2024-10-23 16:52:02,52.0,37.349489919999996,-121.9360087,4726.039999999999,0.024,-0.191,0.0,542.417,0.118,0.08,9554551.709999999,1746736.789
2024-10-23 16:52:03,52.0,37.34948956,-121.93600411,4726.421,0.36900000000000005,0.332,0.0,542.4399999999999,2.127,0.126,9554551.375,1746736.822
2024-10-23 16:52:04,52.0,37.34949641,-121.93599849,4727.383,0.932,0.58,0.0,542.481,5.582,0.196,9554550.443,1746736.045
2024-10-23 16:52:05,52.0,37.34950879,-121.93599200999999,4728.891,1.5070000000000001,0.599,0.0,542.55,8.013,0.381,9554549.046,1746734.645
2024-10-23 16:52:06,52.0,37.34952115,-121.93598982,4730.316000000001,1.405,-0.1,0.0,542.637,5.015,0.248,9554547.99,1746733.2519999999
2024-10-23 16:52:07,52.0,37.34952965,-121.93598243,4731.616,1.217,-0.22600000000000003,0.0,542.699,5.404999999999999,0.35,9554546.8,1746732.2850000001
2024-10-23 16:52:08,52.0,37.34952774,-121.93596448999999,4733.299,1.6079999999999999,0.386,0.0,542.846,10.698,0.892,9554545.524,1746732.4760000003
2024-10-23 16:52:09,52.0,37.34952798,-121.93593738,4735.808,2.503,0.9039999999999999,0.0,543.096,17.852,1.025,9554543.372,1746732.4100000001
2024-10-23 16:52:10,52.0,37.34954381,-121.93590803,4739.0,3.249,0.799,0.0,543.439,17.39,1.737,9554539.93,1746730.5920000002
2024-10-23 16:52:11,52.0,37.349561699999995,-121.93588632000001,4741.777,2.7800000000000002,-0.46299999999999997,0.0,543.88,7.114,1.661,9554536.940000001,1746728.548
2024-10-23 16:52:12,52.0,37.34957415,-121.93587996,4743.371,1.502,-1.3439999999999999,0.0,544.178,3.832,0.583,9554535.551,1746727.139
2024-10-23 16:52:13,52.0,37.34958151,-121.93588049,4744.254,0.8320000000000001,-0.657,0.0,544.26,2.638,0.22600000000000003,9554535.066,1746726.3129999998
2024-10-23 16:52:14,52.0,37.34958882,-121.93587987999999,4745.147,0.8089999999999999,-0.09699999999999999,0.0,544.31,7.144,0.372,9554534.497,1746725.4899999998
2024-10-23 16:52:15,52.0,37.34960975,-121.93586844,4747.709,2.653,1.925,0.0,544.518,28.099,1.244,9554532.1,1746723.121
2024-10-23 16:52:16,52.0,37.34963866,-121.93584791999999,4751.413,3.758,1.161,0.0,544.874,22.733,1.486,9554528.418000001,1746719.841
2024-10-23 16:52:17,52.0,37.34966905,-121.93582287,4755.466,4.058,0.26,0.0,545.2650000000001,19.493000000000002,1.7440000000000002,9554524.275,1746716.39
2024-10-23 16:52:18,52.0,37.34970054,-121.93580397999999,4759.418,3.946,-0.078,0.0,545.78,12.913,2.259,9554520.536,1746712.8239999998
2024-10-23 16:52:19,52.0,37.34972336,-121.93580257,4762.104,2.58,-1.397,0.0,546.233,5.576,1.312,9554518.794,1746710.254
2024-10-23 16:52:20,52.0,37.34973092,-121.93579695999999,4763.39,1.043,-1.558,0.0,546.454,2.6439999999999997,0.421,9554517.811,1746709.3960000002
2024-10-23 16:52:21,52.0,37.34972304,-121.93580596,4764.719999999999,1.332,0.16100000000000006,0.0,546.578,14.003,0.8019999999999999,9554519.084,1746710.295
2024-10-23 16:52:22,52.0,37.34969865,-121.93581084,4767.55,2.926,1.799,0.0,546.8689999999999,20.875999999999998,1.452,9554521.209999999,1746713.0420000001
2024-10-23 16:52:23,52.0,37.349686129999995,-121.93579648,4769.992,2.287,-0.638,0.0,547.2090000000001,5.228,1.0530000000000002,9554520.972,1746714.4309999999
2024-10-23 16:52:24,52.0,37.34969186,-121.93578883,4771.169,1.092,-1.288,0.0,547.379,2.825,0.367,9554519.959999999,1746713.777
2024-10-23 16:52:25,52.0,37.349692420000004,-121.93579503000001,4771.868,0.628,-0.499,0.0,547.433,3.181,0.169,9554520.411,1746713.7219999998
2024-10-23 16:52:26,52.0,37.3496902,-121.93580569999999,4772.876,0.984,0.40199999999999997,0.0,547.4770000000001,5.0969999999999995,0.185,9554521.411,1746713.988
2024-10-23 16:52:27,52.0,37.349686989999995,-121.93582014,4774.215,1.3279999999999998,0.35300000000000004,0.0,547.533,6.827,0.278,9554522.776,1746714.367
2024-10-23 16:52:28,52.0,37.34968265,-121.93583529,4775.648,1.4449999999999998,0.124,0.0,547.601,6.148,0.24699999999999997,9554524.28,1746714.8769999999
2024-10-23 16:52:29,52.0,37.34967899,-121.93585012999999,4777.031,1.366,-0.094,0.0,547.662,6.054,0.27599999999999997,9554525.709,1746715.309
2024-10-23 16:52:30,52.0,37.34967183,-121.93586493000001,4778.626,1.5210000000000001,0.175,0.0,547.742,6.824,0.33399999999999996,9554527.387,1746716.1350000002
2024-10-23 16:52:31,52.0,37.34966101,-121.93587346,4780.082,1.402,-0.133,0.0,547.825,5.8229999999999995,0.306,9554528.831999999,1746717.3620000002
2024-10-23 16:52:32,52.0,37.34964908,-121.9358782,4781.49,1.358,-0.06899999999999999,0.0,547.905,6.369,0.395,9554530.057,1746718.7140000002
2024-10-23 16:52:33,52.0,37.34963664,-121.93588291,4782.9529999999995,1.457,0.12,0.0,548.017,6.076,0.418,9554531.317,1746720.116
2024-10-23 16:52:34,52.0,37.34962544,-121.93588788,4784.2919999999995,1.32,-0.152,0.0,548.108,5.446,0.418,9554532.51,1746721.383
2024-10-23 16:52:35,52.0,37.349620709999996,-121.93589010999999,4785.431,0.8400000000000001,-0.46799999999999997,0.0,548.288,3.2119999999999997,1.042,9554533.024,1746721.918
2024-10-23 16:52:36,52.0,37.349635490000004,-121.93587121,4787.949,2.5119999999999996,1.5219999999999998,0.0,548.665,47.396,2.184,9554530.478,1746720.2289999998
2024-10-23 16:52:37,52.0,37.34965997,-121.93582517,4792.897,5.081,2.8259999999999996,0.0,549.2760000000001,43.769999999999996,2.59,9554525.103999998,1746717.414
2024-10-23 16:52:38,52.0,37.349698739999994,-121.93580357,4797.967,5.036,-0.10699999999999998,0.0,549.924,17.259,2.625,9554520.629999999,1746713.0239999997
2024-10-23 16:52:39,52.0,37.349727890000004,-121.93582114,4802.029,3.961,-1.121,0.0,550.577,8.896,2.26,9554519.932,1746709.769
2024-10-23 16:52:40,52.0,37.34973446,-121.93584711000001,4804.512000000001,2.3259999999999996,-1.6940000000000002,0.0,550.96,6.42,0.746,9554521.507,1746709.065
2024-10-23 16:52:41,52.0,37.34974587,-121.93586860999999,4806.8330000000005,2.2399999999999998,-0.07300000000000002,0.0,551.149,12.084999999999999,1.074,9554522.385,1746707.8120000002
2024-10-23 16:52:42,52.0,37.34975265,-121.93589338,4809.214,2.373,0.202,0.0,551.452,10.184000000000001,1.31,9554523.854,1746707.0850000002
2024-10-23 16:52:43,52.0,37.34974727,-121.93590237000001,4811.143,1.584,-0.892,0.0,551.764,7.947999999999999,1.05,9554524.945,1746707.7030000002
2024-10-23 16:52:44,52.0,37.34973164,-121.93587912000001,4813.885,2.77,1.206,0.0,552.03,25.555,1.259,9554524.229,1746709.427
2024-10-23 16:52:45,52.0,37.34971427,-121.9358533,4816.8910000000005,3.128,0.5309999999999999,0.0,552.4300000000001,11.543000000000001,1.703,9554523.439,1746711.3460000001
2024-10-23 16:52:46,52.0,37.34971045,-121.93583980999999,4818.3769999999995,1.3439999999999999,-1.887,0.0,552.725,3.2049999999999996,0.626,9554522.648,1746711.7580000001
2024-10-23 16:52:47,52.0,37.34971761,-121.9358426,4819.379,0.982,-0.44000000000000006,0.0,552.817,5.975,0.27,9554522.356999999,1746710.955
2024-10-23 16:52:48,52.0,37.349724020000004,-121.93585481,4820.712,1.349,0.449,0.0,552.89,6.349,0.30300000000000005,9554522.861,1746710.2510000002
2024-10-23 16:52:49,52.0,37.34972752,-121.93586973,4822.107,1.4129999999999998,0.052000000000000005,0.0,552.9590000000001,6.0920000000000005,0.253,9554523.785,1746709.878
2024-10-23 16:52:50,52.0,37.34973225,-121.93588478,4823.562,1.4369999999999998,0.009,0.0,553.021,6.505,0.24,9554524.633,1746709.368
2024-10-23 16:52:51,52.0,37.34973865,-121.93589907999998,4825.029,1.454,0.027000000000000003,0.0,553.082,6.177,0.23500000000000001,9554525.303,1746708.668
2024-10-23 16:52:52,52.0,37.34974483,-121.93591266000001,4826.43,1.405,-0.04,0.0,553.146,5.724,0.275,9554525.93,1746707.991
2024-10-23 16:52:53,52.0,37.34974726,-121.93592667,4827.736,1.3050000000000002,-0.12,0.0,553.206,6.049,0.238,9554526.861,1746707.736
2024-10-23 16:52:54,52.0,37.34974338,-121.9359469,4829.603,1.876,0.545,0.0,553.3199999999999,14.39,0.891,9554528.731999999,1746708.2030000002
2024-10-23 16:52:55,52.0,37.34973353,-121.93597829000001,4832.6230000000005,2.991,1.125,0.0,553.6189999999999,27.111,1.49,9554531.907,1746709.3510000003
2024-10-23 16:52:56,52.0,37.3497094,-121.93602297,4837.446,4.852,1.8780000000000001,0.0,554.13,54.79,2.605,9554537.150999999,1746712.1259999997
2024-10-23 16:52:57,52.0,37.34967209,-121.93607607999999,4843.7300000000005,6.36,1.552,0.0,554.851,49.875,3.069,9554543.998,1746716.395
2024-10-23 16:52:58,52.0,37.34963229,-121.93613758,4850.764,7.043000000000001,0.6759999999999999,0.0,555.646,38.376999999999995,3.2350000000000003,9554551.687,1746720.9559999998
2024-10-23 16:52:59,52.0,37.349594839999995,-121.93620369,4857.965,7.184,0.138,0.0,556.47,29.860000000000003,3.401,9554559.570999999,1746725.259
2024-10-23 16:53:00,52.0,37.34955743,-121.93626168,4864.604,6.581999999999999,-0.619,0.0,557.303,17.62,3.133,9554566.813,1746729.545
2024-10-23 16:53:01,52.0,37.34951582,-121.93630528000001,4870.653,5.988,-0.612,0.0,558.014,19.949,2.587,9554573.218,1746734.2859999998
2024-10-23 16:53:02,52.0,37.34948008,-121.93634666,4876.112999999999,5.43,-0.545,0.0,558.661,16.31,2.492,9554579.032000002,1746738.361
2024-10-23 16:53:03,52.0,37.349458320000004,-121.93639347999999,4880.9580000000005,4.822,-0.627,0.0,559.2149999999999,15.742,2.043,9554584.275,1746740.8730000001
2024-10-23 16:53:04,52.0,37.34944456,-121.93643897,4885.2919999999995,4.297,-0.49000000000000005,0.0,559.729,12.475,2.0469999999999997,9554588.84,1746742.4829999998
2024-10-23 16:53:05,52.0,37.34942966,-121.93647277,4888.746,3.432,-0.866,0.0,560.24,8.728,2.0780000000000003,9554592.567,1746744.202
2024-10-23 16:53:06,52.0,37.34941786,-121.93648868,4890.719,1.9240000000000002,-1.525,0.0,560.679,4.314,0.9960000000000001,9554594.662999999,1746745.553
2024-10-23 16:53:07,52.0,37.34940707,-121.93649104,4892.022999999999,1.279,-0.716,0.0,560.792,6.492,0.328,9554595.621000001,1746746.769
2024-10-23 16:53:08,52.0,37.34939316,-121.93647976,4893.9169999999995,1.9829999999999999,0.749,0.0,560.9190000000001,15.128,0.8230000000000001,9554595.725,1746748.3190000001
2024-10-23 16:53:09,52.0,37.34937572,-121.93645733999999,4896.713,2.804,0.877,0.0,561.175,15.514,1.0530000000000002,9554595.206999999,1746750.2480000001
2024-10-23 16:53:10,52.0,37.34936046,-121.93642738999999,4899.8910000000005,3.163,0.335,0.0,561.451,17.333,1.292,9554593.938,1746751.9239999999
2024-10-23 16:53:11,52.0,37.34935129,-121.936393,4903.129,3.271,0.13899999999999998,0.0,561.801,12.294,1.4060000000000001,9554591.884,1746752.9080000003
2024-10-23 16:53:12,52.0,37.34935007,-121.93636365,4905.782,2.619,-0.7060000000000001,0.0,562.153,8.209,1.411,9554589.659,1746753.004
2024-10-23 16:53:13,52.0,37.34935721,-121.93633852999999,4908.186,2.317,-0.296,0.0,562.5020000000001,8.969,1.285,9554587.172,1746752.168
2024-10-23 16:53:14,52.0,37.34936829,-121.93631897,4910.343,2.103,-0.202,0.0,562.793,8.645,1.145,9554584.839,1746750.893
2024-10-23 16:53:15,52.0,37.34938031,-121.93630235999998,4912.353,2.023,-0.06999999999999999,0.0,563.094,7.742,1.214,9554582.673,1746749.52
2024-10-23 16:53:16,52.0,37.34939094,-121.93628878,4914.062,1.677,-0.362,0.0,563.3149999999999,6.823,0.46799999999999997,9554580.842,1746748.3059999999
2024-10-23 16:53:17,52.0,37.349401920000005,-121.93627617,4915.725,1.645,-0.024,0.0,563.3969999999999,6.7989999999999995,0.284,9554579.065000001,1746747.054
2024-10-23 16:53:18,52.0,37.34941224,-121.93626452000001,4917.277,1.5370000000000001,-0.11399999999999999,0.0,563.463,6.436,0.251,9554577.41,1746745.8760000002
2024-10-23 16:53:19,52.0,37.34942358,-121.93625162999999,4918.992,1.716,0.179,0.0,563.546,8.747,0.572,9554575.584,1746744.5850000002
2024-10-23 16:53:20,52.0,37.34943565,-121.93623686999999,4920.880999999999,1.924,0.21600000000000003,0.0,563.757,9.48,0.978,9554573.558,1746743.207
2024-10-23 16:53:21,52.0,37.349445960000004,-121.93621841,4922.901,2.065,0.145,0.0,563.987,9.341,0.841,9554571.368999999,1746742.0219999999
2024-10-23 16:53:22,52.0,37.34945458,-121.9361992,4924.897,2.025,-0.046,0.0,564.205,8.195,0.925,9554569.241,1746741.025
2024-10-23 16:53:23,52.0,37.34946096,-121.93618059999999,4926.731,1.847,-0.17099999999999999,0.0,564.418,6.811,0.791,9554567.318,1746740.284
2024-10-23 16:53:24,52.0,37.3494716,-121.93617265,4928.196,1.4649999999999999,-0.414,0.0,564.616,5.551,0.634,9554565.933,1746739.077
2024-10-23 16:53:25,52.0,37.34948278,-121.93617228999999,4929.465,1.283,-0.164,0.0,564.7230000000001,4.958,0.34700000000000003,9554565.106,1746737.816
2024-10-23 16:53:26,52.0,37.34948905,-121.93616901,4930.33,0.834,-0.44400000000000006,0.0,564.795,2.693,0.181,9554564.4,1746737.107
2024-10-23 16:53:27,52.0,37.34948608,-121.93616201,4931.138,0.765,-0.088,0.0,564.833,3.9799999999999995,0.173,9554564.061,1746737.4309999999
2024-10-23 16:53:28,52.0,37.34948001,-121.93615214000002,4932.261,1.1179999999999999,0.374,0.0,564.8889999999999,5.718,0.272,9554563.715,1746738.1010000003
2024-10-23 16:53:29,52.0,37.34947398,-121.93613938000001,4933.596,1.324,0.197,0.0,564.9649999999999,6.423,0.378,9554563.142,1746738.761
2024-10-23 16:53:30,52.0,37.34946981,-121.93612284999999,4935.161999999999,1.5699999999999998,0.23900000000000002,0.0,565.104,7.87,0.79,9554562.139,1746739.209
2024-10-23 16:53:31,52.0,37.34946984,-121.93610597,4936.7339999999995,1.579,0.02,0.0,565.319,6.086,0.833,9554560.806,1746739.1800000002
2024-10-23 16:53:32,52.0,37.349481000000004,-121.93610136,4938.299,1.4769999999999999,-0.144,0.0,565.489,8.804,0.549,9554559.647,1746737.92
2024-10-23 16:53:33,52.0,37.349500840000005,-121.93610908999999,4940.623,2.398,0.9640000000000001,0.0,565.697,15.774000000000001,1.226,9554558.836,1746735.6990000003
2024-10-23 16:53:34,52.0,37.349523160000004,-121.93611701,4943.2119999999995,2.628,0.265,0.0,566.036,10.447,1.325,9554557.864,1746733.2010000001
2024-10-23 16:53:35,52.0,37.34953837,-121.93612461000001,4945.183,1.886,-0.781,0.0,566.324,5.089,0.842,9554557.377,1746731.4990000003
2024-10-23 16:53:36,52.0,37.349536130000004,-121.93614735999999,4947.427000000001,2.194,0.227,0.0,566.524,20.351,1.168,9554559.331,1746731.7820000001
2024-10-23 16:53:37,52.0,37.34951831,-121.93617839999999,4950.844,3.4880000000000004,1.4,0.0,566.883,23.946,1.486,9554563.048999999,1746733.8309999998
2024-10-23 16:53:38,52.0,37.34949686,-121.93621397,4954.808999999999,3.9840000000000004,0.485,0.0,567.284,20.93,1.7309999999999999,9554567.382,1746736.292
2024-10-23 16:53:39,52.0,37.3494776,-121.93625122,4958.777,3.9590000000000005,-0.017999999999999995,0.0,567.7149999999999,13.724,1.605,9554571.690000001,1746738.508
2024-10-23 16:53:40,52.0,37.34946592,-121.93628768,4962.2970000000005,3.474,-0.5309999999999999,0.0,568.089,13.586000000000002,1.5230000000000001,9554575.398,1746739.8730000001
2024-10-23 16:53:41,52.0,37.34945899,-121.93632683000001,4965.87,3.5780000000000003,0.118,0.0,568.484,16.207,1.565,9554578.976,1746740.704
2024-10-23 16:53:42,52.0,37.349453620000006,-121.936365,4969.317,3.418,-0.146,0.0,568.869,13.422,1.534,9554582.367,1746741.3620000002
2024-10-23 16:53:43,52.0,37.349450000000004,-121.93640215,4972.653,3.2939999999999996,-0.13,0.0,569.248,12.922999999999998,1.506,9554585.553,1746741.8190000001
2024-10-23 16:53:44,52.0,37.34944832,-121.93643646000001,4975.715,3.016,-0.27599999999999997,0.0,569.616,11.228,1.457,9554588.375,1746742.0559999999
2024-10-23 16:53:45,52.0,37.34944582,-121.93646859,4978.592,2.839,-0.207,0.0,569.95,13.14,1.167,9554591.084999999,1746742.382
2024-10-23 16:53:46,52.0,37.349441569999996,-121.93650233000001,4981.659,3.068,0.29500000000000004,0.0,570.327,13.033000000000001,2.054,9554594.045,1746742.9039999999
2024-10-23 16:53:47,52.0,37.34944668,-121.9365142,4983.38,1.491,-1.6329999999999998,0.0,570.73,4.981,0.689,9554594.614,1746742.3469999998
2024-10-23 16:53:48,52.0,37.34945341,-121.93650617,4984.55,1.1949999999999998,-0.358,0.0,570.835,6.385,0.5439999999999999,9554593.501,1746741.58
2024-10-23 16:53:49,52.0,37.34945647,-121.93648396,4986.57,2.114,0.9870000000000001,0.0,571.0319999999999,18.029,1.1400000000000001,9554591.534,1746741.207
2024-10-23 16:53:50,52.0,37.34945931,-121.93645942,4988.783,2.307,0.292,0.0,571.356,6.606,1.041,9554589.396,1746740.8510000003
2024-10-23 16:53:51,52.0,37.34946067,-121.93644425,4990.17,1.315,-1.1119999999999999,0.0,571.5609999999999,4.066,0.826,9554588.103999998,1746740.678
2024-10-23 16:53:52,52.0,37.349469369999994,-121.93642935,4991.872,1.6620000000000001,0.333,0.0,571.768,12.809999999999999,0.834,9554586.309,1746739.679
2024-10-23 16:53:53,52.0,37.349482460000004,-121.93640645999999,4994.397999999999,2.537,0.9359999999999999,0.0,572.017,16.247,1.152,9554583.571,1746738.1760000002
2024-10-23 16:53:54,52.0,37.349492500000004,-121.93636871000001,4997.981,3.647,1.1099999999999999,0.0,572.366,29.631999999999998,1.8039999999999998,9554579.882000001,1746736.9940000002
2024-10-23 16:53:55,52.0,37.34949459,-121.93632585,5001.831,3.848,0.238,0.0,572.8489999999999,13.344,1.761,9554576.356999999,1746736.7
2024-10-23 16:53:56,52.0,37.34949166,-121.93628117,5005.844,3.9840000000000004,0.028000000000000004,0.0,573.295,28.375999999999998,2.002,9554573.046,1746736.9670000002
2024-10-23 16:53:57,52.0,37.34948154,-121.93622339000001,5011.111999999999,5.276,1.353,0.0,573.8639999999999,46.503,2.7199999999999998,9554569.219,1746738.0280000002
2024-10-23 16:53:58,52.0,37.349478590000004,-121.93615367,5017.339,6.215999999999999,0.969,0.0,574.615,39.382999999999996,2.936,9554563.938,1746738.2629999998
2024-10-23 16:53:59,52.0,37.34948734,-121.93607864999998,5024.08,6.715999999999999,0.489,0.0,575.317,35.332,3.053,9554557.403,1746737.1760000002
2024-10-23 16:54:00,52.0,37.34951504,-121.93600934000001,5031.062,6.923,0.22800000000000004,0.0,576.229,30.094,3.7950000000000004,9554549.966,1746733.9640000002
2024-10-23 16:54:01,52.0,37.34954758,-121.9359583,5036.867,5.784000000000001,-1.123,0.0,577.0139999999999,12.42,2.689,9554543.620000001,1746730.236
2024-10-23 16:54:02,52.0,37.34956694,-121.93592371,5040.674000000001,3.758,-2.037,0.0,577.6899999999999,10.695,2.286,9554539.512,1746728.0100000002
2024-10-23 16:54:03,52.0,37.34956759,-121.93590985,5042.11,1.16,-2.743,0.0,578.0600000000001,6.1240000000000006,0.998,9554538.374,1746727.9189999998
2024-10-23 16:54:04,52.0,37.34957599,-121.93589046,5044.174,2.018,0.8119999999999999,0.0,578.328,29.845,1.399,9554536.246000001,1746726.948
2024-10-23 16:54:05,52.0,37.349591950000004,-121.93585306,5048.021,3.9379999999999997,2.105,0.0,578.7610000000001,29.799,2.012,9554532.16,1746725.1010000003
2024-10-23 16:54:06,52.0,37.349606869999995,-121.93580567,5052.571,4.579,0.635,0.0,579.245,23.356,1.798,9554527.361,1746723.359
2024-10-23 16:54:07,52.0,37.34963262,-121.93576902,5056.9980000000005,4.401999999999999,-0.181,0.0,579.688,14.743,1.6079999999999999,9554522.635,1746720.4100000001
2024-10-23 16:54:08,52.0,37.34966567,-121.93574020999999,5061.494000000001,4.465,-0.024,0.0,580.138,34.076,2.512,9554518.004999999,1746716.656
2024-10-23 16:54:09,52.0,37.34970763,-121.93570374000001,5067.192,5.747999999999999,1.393,0.0,580.971,39.792,3.9490000000000003,9554512.133,1746711.8879999998
2024-10-23 16:54:10,52.0,37.3497396,-121.93566788999999,5071.992,4.796,-0.861,0.0,581.888,15.236,2.7689999999999997,9554507.026,1746708.242
2024-10-23 16:54:11,52.0,37.34974365,-121.93566088,5073.4980000000005,1.176,-3.933,0.0,582.3439999999999,10.209,0.907,9554506.182,1746707.7789999999
2024-10-23 16:54:12,52.0,37.34973439,-121.93567502,5075.148,1.7259999999999998,0.615,0.0,582.476,13.626,0.625,9554507.958,1746708.8390000002
2024-10-23 16:54:13,52.0,37.34971934,-121.93569723,5077.737999999999,2.6149999999999998,1.027,0.0,582.722,17.259,1.249,9554510.785,1746710.56
2024-10-23 16:54:14,52.0,37.34970165,-121.9357247,5080.876,3.15,0.516,0.0,583.0600000000001,17.073,1.411,9554514.211,1746712.588
2024-10-23 16:54:15,52.0,37.3496825,-121.93575628,5084.407,3.53,0.371,0.0,583.421,18.634999999999998,1.5699999999999998,9554518.068,1746714.7830000003
2024-10-23 16:54:16,52.0,37.34966042,-121.93578939,5088.255,3.8289999999999997,0.29900000000000004,0.0,583.835,19.684,1.748,9554522.252,1746717.3129999998
2024-10-23 16:54:17,52.0,37.34963181,-121.93581638,5092.278,4.0009999999999994,0.179,0.0,584.3140000000001,17.667,1.996,9554526.421,1746720.5690000001
2024-10-23 16:54:18,52.0,37.349600190000004,-121.93583558,5096.199,3.8890000000000002,-0.11699999999999999,0.0,584.7909999999999,15.485999999999999,1.786,9554530.195,1746724.1490000002
2024-10-23 16:54:19,52.0,37.34957078,-121.93585516,5099.918,3.724,-0.16999999999999998,0.0,585.226,14.395,1.927,9554533.837000001,1746727.484
2024-10-23 16:54:20,52.0,37.349548060000004,-121.93587638,5103.086,3.19,-0.547,0.0,585.679,10.653,1.411,9554537.133,1746730.0699999998
2024-10-23 16:54:21,52.0,37.349533990000005,-121.93590922000001,5106.5,3.314,0.085,0.0,586.025,21.27,1.6179999999999999,9554540.726,1746731.697
2024-10-23 16:54:22,52.0,37.34953011,-121.93595105,5110.278,3.806,0.597,0.0,586.558,15.618,2.309,9554544.297,1746732.191
2024-10-23 16:54:23,52.0,37.34951957,-121.93597691,5112.968,2.602,-1.241,0.0,587.001,5.775,1.361,9554547.088,1746733.4109999998
2024-10-23 16:54:24,52.0,37.34951361,-121.93598555000001,5114.2080000000005,1.1119999999999999,-1.487,0.0,587.29,2.573,0.8140000000000001,9554548.195,1746734.0929999999
2024-10-23 16:54:25,52.0,37.34951797,-121.93597895,5115.137000000001,0.8210000000000001,-0.361,0.0,587.414,5.259,0.309,9554547.362,1746733.594
2024-10-23 16:54:26,52.0,37.34952604,-121.93597155,5116.281,1.146,0.41500000000000004,0.0,587.482,4.995,0.266,9554546.203,1746732.677
2024-10-23 16:54:27,52.0,37.3495349,-121.93597048,5117.331,1.019,-0.16,0.0,587.545,4.113,0.251,9554545.485,1746731.677
2024-10-23 16:54:28,52.0,37.349540989999994,-121.93597857,5118.396,1.0,-0.033,0.0,587.606,4.681,0.22400000000000003,9554545.686,1746731.0059999998
2024-10-23 16:54:29,52.0,37.34954372,-121.93599162999999,5119.634,1.223,0.229,0.0,587.664,6.253,0.23900000000000002,9554546.521000002,1746730.7140000002
2024-10-23 16:54:30,52.0,37.34954459,-121.9360106,5121.344,1.7120000000000002,0.5109999999999999,0.0,587.784,9.528,0.866,9554547.952,1746730.644
2024-10-23 16:54:31,52.0,37.34954368,-121.93602028999999,5122.471,0.9410000000000001,-0.745,0.0,587.965,2.581,0.41100000000000003,9554548.781,1746730.761
2024-10-23 16:54:32,52.0,37.34954148,-121.93600326,5124.0650000000005,1.626,0.518,0.0,588.104,18.695,0.842,9554547.598000001,1746730.9829999998
2024-10-23 16:54:33,52.0,37.349545410000005,-121.93596982,5127.183999999999,3.0740000000000003,1.621,0.0,588.426,21.990000000000002,2.24,9554544.682,1746730.4949999999
2024-10-23 16:54:34,52.0,37.34956709,-121.9359365,5131.107,3.901,0.7859999999999999,0.0,589.08,25.472,2.123,9554540.509,1746728.011
2024-10-23 16:54:35,52.0,37.34959528,-121.93590930999999,5135.182,4.039,0.154,0.0,589.603,15.493,2.092,9554536.353,1746724.804
2024-10-23 16:54:36,52.0,37.34962602,-121.93589449999999,5138.901,3.718,-0.314,0.0,590.0889999999999,11.548,2.239,9554532.989,1746721.327
2024-10-23 16:54:37,52.0,37.34964291,-121.93588969,5140.923000000001,1.889,-1.866,0.0,590.543,5.45,0.783,9554531.404000001,1746719.4219999998
2024-10-23 16:54:38,52.0,37.34965388,-121.93589614,5142.301,1.329,-0.628,0.0,590.6279999999999,6.755,0.29700000000000004,9554531.129999999,1746718.196
2024-10-23 16:54:39,52.0,37.349667690000004,-121.93590311,5143.968,1.671,0.42699999999999994,0.0,590.723,8.401,0.505,9554530.690000001,1746716.6530000002
2024-10-23 16:54:40,52.0,37.34968071,-121.93591233,5145.683,1.698,0.037000000000000005,0.0,590.914,6.83,0.833,9554530.486,1746715.2
2024-10-23 16:54:41,52.0,37.34968925,-121.93593096,5147.6269999999995,1.924,0.197,0.0,591.087,11.236,0.875,9554531.341,1746714.266
2024-10-23 16:54:42,52.0,37.34969681,-121.93595533,5149.961,2.314,0.418,0.0,591.37,11.956,1.276,9554532.723000001,1746713.4489999998
2024-10-23 16:54:43,52.0,37.349700590000005,-121.93598277999999,5152.462,2.488,0.17099999999999999,0.0,591.728,10.687999999999999,1.4769999999999999,9554534.614,1746713.0620000002
2024-10-23 16:54:44,52.0,37.34969851,-121.93600830999999,5154.773999999999,2.289,-0.205,0.0,592.078,8.84,1.389,9554536.775,1746713.332
2024-10-23 16:54:45,52.0,37.34969134,-121.93602903000001,5156.813,2.029,-0.254,0.0,592.443,6.94,1.454,9554538.919,1746714.164
2024-10-23 16:54:46,52.0,37.349683399999996,-121.93604282000001,5158.353,1.518,-0.532,0.0,592.6940000000001,5.331,0.44699999999999995,9554540.573,1746715.0780000002
2024-10-23 16:54:47,52.0,37.34967452,-121.9360538,5159.751,1.396,-0.124,0.0,592.766,5.92,0.28900000000000003,9554542.071,1746716.091
2024-10-23 16:54:48,52.0,37.34966593,-121.93606326,5161.033,1.2730000000000001,-0.10700000000000001,0.0,592.836,5.044,0.236,9554543.431,1746717.071
2024-10-23 16:54:49,52.0,37.34965833,-121.93607187,5162.189,1.149,-0.133,0.0,592.8889999999999,4.781000000000001,0.227,9554544.650999999,1746717.9370000002
2024-10-23 16:54:50,52.0,37.34965262,-121.93608134000002,5163.263,1.0630000000000002,-0.076,0.0,592.9449999999999,4.284000000000001,0.184,9554545.807,1746718.5920000002
2024-10-23 16:54:51,52.0,37.34964929,-121.93609085,5164.228,0.9400000000000001,-0.118,0.0,592.991,3.803,0.192,9554546.793000001,1746718.981
2024-10-23 16:54:52,52.0,37.349643889999996,-121.93609525,5165.107,0.8210000000000001,-0.11800000000000002,0.0,593.033,3.595,0.16999999999999998,9554547.524,1746719.5929999999
2024-10-23 16:54:53,52.0,37.34963823,-121.93609052,5165.923000000001,0.8089999999999999,-0.019,0.0,593.079,3.588,0.194,9554547.556,1746720.223
2024-10-23 16:54:54,52.0,37.34963278,-121.93608366000001,5166.8099999999995,0.859,0.046,0.0,593.133,3.8129999999999997,0.211,9554547.404000001,1746720.827
2024-10-23 16:54:55,52.0,37.349623969999996,-121.93607569000001,5168.028,1.174,0.27999999999999997,0.0,593.2180000000001,7.936,0.6980000000000001,9554547.407,1746721.807
2024-10-23 16:54:56,52.0,37.34960694,-121.93606367,5170.21,2.2039999999999997,1.084,0.0,593.47,15.078,1.2189999999999999,9554547.679,1746723.7059999998
2024-10-23 16:54:57,52.0,37.34958996,-121.93605052000001,5172.466,2.218,0.05199999999999999,0.0,593.803,6.961,1.267,9554547.855,1746725.5960000001
2024-10-23 16:54:58,52.0,37.349579469999995,-121.93603720000002,5174.168,1.611,-0.67,0.0,594.018,5.348,0.437,9554547.555,1746726.7600000002
2024-10-23 16:54:59,52.0,37.34957421,-121.93602553000001,5175.375,1.1380000000000001,-0.462,0.0,594.097,3.7310000000000003,0.215,9554547.013,1746727.334
2024-10-23 16:55:00,52.0,37.34957105,-121.93601725,5176.223,0.76,-0.385,0.0,594.14,2.949,0.181,9554546.586,1746727.678
2024-10-23 16:55:01,52.0,37.349568219999995,-121.93601301999999,5176.754,0.422,-0.33999999999999997,0.0,594.178,1.569,0.11499999999999999,9554546.456999999,1746727.989
2024-10-23 16:55:02,52.0,37.349568770000005,-121.93600952,5177.101000000001,0.29700000000000004,-0.12,0.0,594.2030000000001,1.234,0.081,9554546.14,1746727.9239999999
2024-10-23 16:55:03,52.0,37.3495678,-121.93600984,5177.16,0.04,-0.261,0.0,594.2180000000001,0.183,0.043,9554546.234000001,1746728.0330000003
2024-10-23 16:55:04,52.0,37.34956753,-121.93600925999999,5177.16,0.003,-0.039,0.0,594.2270000000001,0.015,0.031,9554546.209,1746728.0629999998
2024-10-23 16:55:05,52.0,37.349568829999996,-121.93600752,5177.213,0.032,0.02,0.0,594.237,0.16499999999999998,0.072,9554545.978,1746727.913
2024-10-23 16:55:06,52.0,37.34956976,-121.93601254999999,5177.737999999999,0.522,0.506,0.0,594.265,2.783,0.145,9554546.308,1746727.8169999998
2024-10-23 16:55:07,52.0,37.34957397,-121.93602012000001,5178.581,0.8460000000000001,0.32799999999999996,0.0,594.3009999999999,4.35,0.151,9554546.603999998,1746727.3539999998
2024-10-23 16:55:08,52.0,37.349580700000004,-121.93602874999999,5179.675,1.088,0.233,0.0,594.344,5.34,0.175,9554546.804,1746726.609
2024-10-23 16:55:09,52.0,37.349589800000004,-121.93603876,5181.032,1.369,0.27799999999999997,0.0,594.396,7.0,0.257,9554546.941,1746725.5969999998
2024-10-23 16:55:10,52.0,37.34960135,-121.93604822,5182.5830000000005,1.559,0.207,0.0,594.467,7.067,0.33399999999999996,9554546.862,1746724.3129999998
2024-10-23 16:55:11,52.0,37.3496131,-121.93605508,5184.034,1.468,-0.097,0.0,594.551,5.769,0.275,9554546.561,1746723.0010000002
2024-10-23 16:55:12,52.0,37.3496228,-121.93606324,5185.347,1.331,-0.147,0.0,594.614,5.411,0.254,9554546.51,1746721.92
2024-10-23 16:55:13,52.0,37.34963188,-121.93607044999999,5186.5599999999995,1.236,-0.10700000000000001,0.0,594.67,5.507,0.198,9554546.429,1746720.9100000001
2024-10-23 16:55:14,52.0,37.34964522,-121.93607195,5188.091,1.566,0.309,0.0,594.731,10.004,0.434,9554545.593,1746719.4109999998
2024-10-23 16:55:15,52.0,37.34966634,-121.93606617999998,5190.518,2.511,0.9710000000000001,0.0,594.9399999999999,18.322,1.2289999999999999,9554543.628999999,1746717.0289999999
2024-10-23 16:55:16,52.0,37.34969122,-121.93605345,5193.530000000001,3.088,0.628,0.0,595.312,14.131,1.6030000000000002,9554540.85,1746714.213
2024-10-23 16:55:17,52.0,37.34970792,-121.9360332,5196.21,2.646,-0.472,0.0,595.683,8.201,1.31,9554538.062,1746712.307
2024-10-23 16:55:18,52.0,37.349706600000005,-121.93601004,5198.586,2.283,-0.417,0.0,595.996,10.195,1.19,9554536.332,1746712.4239999999
2024-10-23 16:55:19,52.0,37.34968308,-121.93599716000001,5201.554,3.0490000000000004,0.7849999999999999,0.0,596.289,23.228,1.253,9554536.998,1746715.053
2024-10-23 16:55:20,52.0,37.34965069,-121.93599709,5205.182,3.755,0.752,0.0,596.63,20.886,1.451,9554539.307,1746718.6940000001
2024-10-23 16:55:21,52.0,37.34961858,-121.93600475999999,5208.832,3.662,-0.099,0.0,597.0,12.795,1.584,9554542.205,1746722.3170000003
2024-10-23 16:55:22,52.0,37.34959159,-121.93601136,5211.902,3.056,-0.603,0.0,597.3770000000001,8.084,1.333,9554544.651999999,1746725.36
2024-10-23 16:55:23,52.0,37.3495728,-121.93601538,5214.076999999999,2.064,-1.014,0.0,597.6859999999999,5.182,1.049,9554546.313,1746727.4789999998
2024-10-23 16:55:24,52.0,37.34956663,-121.93602502000002,5215.326999999999,1.0859999999999999,-1.006,0.0,597.863,3.064,0.339,9554547.513,1746728.1849999998
2024-10-23 16:55:25,52.0,37.349567179999994,-121.93603684,5216.4,0.9570000000000001,-0.141,0.0,597.9159999999999,4.995,0.205,9554548.406,1746728.139
2024-10-23 16:55:26,52.0,37.34957,-121.93604826999999,5217.505999999999,1.04,0.146,0.0,597.972,3.957,0.257,9554549.105,1746727.8399999999
2024-10-23 16:55:27,52.0,37.34957534,-121.9360543,5218.346,0.7889999999999999,-0.29,0.0,598.0269999999999,3.6159999999999997,0.159,9554549.198,1746727.246
2024-10-23 16:55:28,52.0,37.349582680000005,-121.93606181,5219.437,1.058,0.28300000000000003,0.0,598.0690000000001,5.281000000000001,0.195,9554549.265,1746726.4309999999
2024-10-23 16:55:29,52.0,37.349588260000004,-121.93607318,5220.646,1.199,0.155,0.0,598.1270000000001,5.263,0.262,9554549.762,1746725.8190000001
2024-10-23 16:55:30,52.0,37.349593670000004,-121.93608241,5221.694,1.004,-0.21200000000000002,0.0,598.182,3.942,0.181,9554550.102,1746725.224
2024-10-23 16:55:31,52.0,37.34960246,-121.93608417,5222.782,1.057,0.025,0.0,598.229,5.675,0.213,9554549.612,1746724.238
2024-10-23 16:55:32,52.0,37.34961585,-121.93607795,5224.388,1.666,0.643,0.0,598.325,9.907,0.732,9554548.165000001,1746722.725
2024-10-23 16:55:33,52.0,37.34963069,-121.93606693,5226.319,1.9609999999999999,0.312,0.0,598.575,9.096,1.1039999999999999,9554546.238,1746721.038
2024-10-23 16:55:34,52.0,37.34964583,-121.93605437000001,5228.362999999999,2.042,0.05700000000000001,0.0,598.842,9.538,1.073,9554544.167,1746719.321
2024-10-23 16:55:35,52.0,37.34965725,-121.93603727,5230.432,2.054,0.030000000000000006,0.0,599.138,7.918000000000001,1.194,9554542.003999999,1746718.011
2024-10-23 16:55:36,52.0,37.34965416,-121.93601802,5232.312,1.839,-0.252,0.0,599.3979999999999,9.035,0.9940000000000001,9554540.708,1746718.3329999999
2024-10-23 16:55:37,52.0,37.34964167,-121.93600079000001,5234.413,2.1109999999999998,0.31,0.0,599.677,9.482,1.1880000000000002,9554540.245000001,1746719.713
2024-10-23 16:55:38,52.0,37.34962984,-121.93598594,5236.299,1.8800000000000001,-0.227,0.0,599.9559999999999,6.468000000000001,0.915,9554539.919,1746721.023
2024-10-23 16:55:39,52.0,37.34962073,-121.93597904,5237.592,1.27,-0.625,0.0,600.106,3.8009999999999997,0.365,9554540.026999999,1746722.039
2024-10-23 16:55:40,52.0,37.3496115,-121.93598443,5238.769,1.152,-0.151,0.0,600.179,5.918,0.242,9554541.111,1746723.084
2024-10-23 16:55:41,52.0,37.34960271,-121.93599455,5240.116,1.361,0.251,0.0,600.239,6.101,0.27,9554542.536,1746724.086
2024-10-23 16:55:42,52.0,37.34959645,-121.93600537,5241.379,1.207,-0.146,0.0,600.3230000000001,4.3950000000000005,0.362,9554543.836,1746724.804
2024-10-23 16:55:43,52.0,37.349602899999994,-121.93601376,5242.654,1.171,-0.098,0.0,600.408,7.1370000000000005,0.44299999999999995,9554544.035,1746724.0899999999
2024-10-23 16:55:44,52.0,37.34962274,-121.93601057999999,5244.921,2.371,1.21,0.0,600.5899999999999,22.133,1.111,9554542.366,1746721.856
2024-10-23 16:55:45,52.0,37.349649039999996,-121.93600052,5247.998,3.143,0.85,0.0,600.933,14.459999999999999,1.4040000000000001,9554539.695,1746718.883
2024-10-23 16:55:46,52.0,37.34967782,-121.93599590000001,5251.251,3.2990000000000004,0.13999999999999999,0.0,601.317,15.469,1.9449999999999998,9554537.274,1746715.6420000002
2024-10-23 16:55:47,52.0,37.34969288,-121.93599591,5253.079,1.719,-1.5370000000000001,0.0,601.741,4.845000000000001,1.0219999999999998,9554536.198,1746713.947
2024-10-23 16:55:48,52.0,37.349688830000005,-121.93597454,5255.193,2.041,0.137,0.0,601.9680000000001,27.793,1.213,9554534.807,1746714.372
2024-10-23 16:55:49,52.0,37.34968189,-121.9359497,5257.630999999999,2.545,0.843,0.0,602.3810000000001,11.956999999999999,1.4129999999999998,9554533.344,1746715.1190000002
2024-10-23 16:55:50,52.0,37.34967866,-121.93594536999998,5258.554,0.62,-2.2600000000000002,0.0,602.5809999999999,4.665,0.743,9554533.234000001,1746715.4780000001
2024-10-23 16:55:51,52.0,37.3496864,-121.93592123,5261.004,2.461,1.8990000000000002,0.0,602.8430000000001,28.048000000000002,1.2890000000000001,9554530.782000002,1746714.5740000003
2024-10-23 16:55:52,52.0,37.34970774,-121.93588965,5264.683999999999,3.754,1.399,0.0,603.187,24.916,1.6009999999999998,9554526.769,1746712.1309999998
2024-10-23 16:55:53,52.0,37.349727740000006,-121.93585906999999,5268.207,3.571,-0.152,0.0,603.66,9.997,1.746,9554522.931,1746709.8390000002
2024-10-23 16:55:54,52.0,37.34974112,-121.93584185,5270.3730000000005,2.02,-1.748,0.0,603.9590000000001,10.827,0.974,9554520.617999999,1746708.31
2024-10-23 16:55:55,52.0,37.34974939,-121.93581449000001,5273.0830000000005,2.741,0.825,0.0,604.271,15.41,1.576,9554517.873,1746707.341
2024-10-23 16:55:56,52.0,37.34974474,-121.93578927000001,5275.439,2.391,-0.343,0.0,604.616,9.027,1.045,9554516.219,1746707.83
2024-10-23 16:55:57,52.0,37.34973393,-121.93576571999999,5277.905000000001,2.481,0.073,0.0,604.918,11.787,1.424,9554515.137,1746709.015
2024-10-23 16:55:58,52.0,37.34971965,-121.93576078000001,5280.368,2.114,-0.313,0.0,605.287,7.026999999999999,1.442,9554515.767,1746710.614
2024-10-23 16:55:59,52.0,37.349724020000004,-121.93577997,5282.461,2.005,-0.177,0.0,605.678,10.687000000000001,1.56,9554516.966,1746710.1490000002
2024-10-23 16:56:00,52.0,37.3497429,-121.93578591,5284.747,2.33,0.374,0.0,606.005,12.617,1.426,9554516.085,1746708.0330000003
2024-10-23 16:56:01,52.0,37.34975549,-121.93578901000001,5286.312,1.514,-0.778,0.0,606.331,3.3369999999999997,0.662,9554515.43,1746706.6239999998
2024-10-23 16:56:02,52.0,37.3497525,-121.93579497,5287.181,0.784,-0.845,0.0,606.438,4.172,0.525,9554516.112,1746706.966
2024-10-23 16:56:03,52.0,37.34974174,-121.93579722,5288.419,1.312,0.583,0.0,606.5409999999999,7.184,0.278,9554517.058,1746708.179
2024-10-23 16:56:04,52.0,37.34972856,-121.93579869,5289.8949999999995,1.483,0.187,0.0,606.605,6.573,0.242,9554518.116,1746709.663
2024-10-23 16:56:05,52.0,37.34971323,-121.93579837,5291.609,1.7100000000000002,0.194,0.0,606.6800000000001,9.978,0.493,9554519.188,1746711.386
2024-10-23 16:56:06,52.0,37.34969317,-121.93580166,5293.89,2.2560000000000002,0.576,0.0,606.894,12.387,1.1199999999999999,9554520.879,1746713.648
2024-10-23 16:56:07,52.0,37.34967322,-121.93581104,5296.269,2.4010000000000002,0.16899999999999998,0.0,607.175,9.422,1.0470000000000002,9554523.043000001,1746715.9039999999
2024-10-23 16:56:08,52.0,37.34965055,-121.93581265,5298.862,2.519,0.05,0.0,607.436,18.462,1.311,9554524.790000001,1746718.455
2024-10-23 16:56:09,52.0,37.34961956,-121.9358158,5302.425,3.529,1.103,0.0,607.9010000000001,20.426,2.314,9554527.253,1746721.9449999998
2024-10-23 16:56:10,52.0,37.3496079,-121.93580551,5305.173,2.352,-1.317,0.0,608.3720000000001,14.754,1.364,9554527.275,1746723.243
2024-10-23 16:56:11,52.0,37.34962605,-121.93577648,5308.608,3.624,1.3119999999999998,0.0,608.762,32.253,1.94,9554523.689,1746721.1609999998
2024-10-23 16:56:12,52.0,37.34964167,-121.93576071,5311.326,2.482,-0.8870000000000001,0.0,609.28,11.426,1.5130000000000001,9554521.333,1746719.3809999998
2024-10-23 16:56:13,52.0,37.34963302,-121.93576977000001,5312.796,1.3279999999999998,-1.503,0.0,609.494,11.909,0.774,9554522.666,1746720.3690000002
2024-10-23 16:56:14,52.0,37.34962059,-121.93578715999999,5314.892,2.086,0.9400000000000001,0.0,609.762,9.742,1.304,9554524.923,1746721.7899999998
2024-10-23 16:56:15,52.0,37.34960986,-121.93581008000001,5317.280000000001,2.301,0.142,0.0,610.052,14.587,0.983,9554527.495000001,1746723.026
2024-10-23 16:56:16,52.0,37.34959276,-121.93583951999999,5320.526,3.218,0.9480000000000001,0.0,610.345,22.256,1.443,9554531.035,1746724.9940000002
2024-10-23 16:56:17,52.0,37.34957403,-121.93587522,5324.331,3.783,0.5860000000000001,0.0,610.737,20.051,1.623,9554535.184,1746727.1469999999
2024-10-23 16:56:18,52.0,37.34955686,-121.93591518999999,5328.372,4.017,0.21800000000000003,0.0,611.156,18.963,1.748,9554539.561,1746729.133
2024-10-23 16:56:19,52.0,37.34954001,-121.93595458,5332.346,3.957,-0.064,0.0,611.588,16.101,1.7109999999999999,9554543.868,1746731.0829999999
2024-10-23 16:56:20,52.0,37.349525039999996,-121.93599309000001,5336.157,3.804,-0.16,0.0,612.038,14.578999999999999,1.8359999999999999,9554547.971,1746732.818
2024-10-23 16:56:21,52.0,37.34951254,-121.93603112999999,5339.824,3.6270000000000002,-0.177,0.0,612.469,14.725999999999999,1.6440000000000001,9554551.86,1746734.2759999998
2024-10-23 16:56:22,52.0,37.34950124,-121.93606828,5343.362999999999,3.489,-0.132,0.0,612.879,13.652000000000001,1.677,9554555.594,1746735.599
2024-10-23 16:56:23,52.0,37.34948999,-121.93610263999999,5346.675,3.282,-0.205,0.0,613.298,12.347,1.607,9554559.103999998,1746736.9109999998
2024-10-23 16:56:24,52.0,37.34948025,-121.93613525999999,5349.783,3.037,-0.252,0.0,613.684,12.001000000000001,1.465,9554562.370000001,1746738.05
2024-10-23 16:56:25,52.0,37.349469750000004,-121.9361682,5352.945,3.042,-0.003,0.0,614.034,14.206,1.355,9554565.715,1746739.2789999999
2024-10-23 16:56:26,52.0,37.34946023,-121.93620536,5356.439,3.411,0.366,0.0,614.377,21.093,1.497,9554569.320999999,1746740.398
2024-10-23 16:56:27,52.0,37.34945558,-121.93624869,5360.338,3.908,0.525,0.0,614.7729999999999,19.762,1.6260000000000001,9554573.065000001,1746740.981
2024-10-23 16:56:28,52.0,37.34945033,-121.93629347999999,5364.367,4.013,0.10400000000000001,0.0,615.2,17.419999999999998,1.827,9554576.97,1746741.633
2024-10-23 16:56:29,52.0,37.3494454,-121.93633643999999,5368.238,3.8,-0.205,0.0,615.672,12.91,1.814,9554580.704,1746742.2480000001
2024-10-23 16:56:30,52.0,37.34944134,-121.93637424,5371.642,3.2950000000000004,-0.522,0.0,616.103,10.898,1.7079999999999997,9554583.974,1746742.754
2024-10-23 16:56:31,52.0,37.349430559999995,-121.93640022,5374.327,2.6109999999999998,-0.6849999999999999,0.0,616.495,7.138,1.373,9554586.789,1746744.0050000001
2024-10-23 16:56:32,52.0,37.34941757,-121.93640972,5376.101000000001,1.725,-0.874,0.0,616.816,4.331,1.128,9554588.464,1746745.477
2024-10-23 16:56:33,52.0,37.34941472,-121.93639938000001,5377.415999999999,1.151,-0.717,0.0,617.046,11.652000000000001,0.9400000000000001,9554587.855,1746745.7830000003
2024-10-23 16:56:34,52.0,37.3494156,-121.93636383,5380.593,3.248,2.2060000000000004,0.0,617.355,35.815,1.52,9554584.991,1746745.636
2024-10-23 16:56:35,52.0,37.349416500000004,-121.93630800000001,5385.561,4.956,1.718,0.0,617.915,56.629,3.614,9554580.53,1746745.459
2024-10-23 16:56:36,52.0,37.34940505,-121.93623647,5392.134,6.598000000000001,1.668,0.0,619.1569999999999,55.374,5.493,9554575.713,1746746.648
2024-10-23 16:56:37,52.0,37.34938373,-121.93615781000001,5399.585,7.439,0.861,0.0,620.384,40.766,4.207,9554571.043,1746748.9370000002
2024-10-23 16:56:38,52.0,37.34939137,-121.93607452,5407.182,7.5280000000000005,0.052000000000000005,0.0,621.399,33.866,4.337999999999999,9554563.936,1746747.963
2024-10-23 16:56:39,52.0,37.34942744,-121.93599995,5415.011,7.7540000000000004,0.20600000000000002,0.0,622.528,42.092,4.58,9554555.483,1746743.8050000002
2024-10-23 16:56:40,52.0,37.34947906,-121.93593598,5423.099,8.105,0.371,0.0,623.638,40.410000000000004,4.13,9554546.758,1746737.9100000001
2024-10-23 16:56:41,52.0,37.34953208,-121.93587316,5431.2119999999995,8.08,0.007000000000000001,0.0,624.574,28.797000000000004,3.282,9554538.023,1746731.8620000002
2024-10-23 16:56:42,52.0,37.34958054,-121.93581806,5438.501,7.245,-0.836,0.0,625.437,17.647,3.9259999999999997,9554530.218,1746726.337
2024-10-23 16:56:43,52.0,37.34961337,-121.93576949000001,5444.198,5.702,-1.552,0.0,626.2349999999999,13.593,2.2119999999999997,9554524.047,1746722.577
2024-10-23 16:56:44,52.0,37.34963434,-121.93573015,5448.403,4.129,-1.637,0.0,626.7819999999999,10.102,2.319,9554519.452,1746720.166
2024-10-23 16:56:45,52.0,37.34965056,-121.93570478,5451.305,2.856,-1.2109999999999999,0.0,627.382,6.2090000000000005,2.1390000000000002,9554516.293000001,1746718.307
2024-10-23 16:56:46,52.0,37.34965462,-121.93568938000001,5452.825,1.397,-1.532,0.0,627.699,4.068,0.47400000000000003,9554514.791,1746717.83
2024-10-23 16:56:47,52.0,37.349651640000005,-121.93567657999999,5454.040999999999,1.194,-0.183,0.0,627.767,5.271,0.24700000000000003,9554513.993,1746718.1460000002
2024-10-23 16:56:48,52.0,37.34964552,-121.93566611000001,5455.219999999999,1.186,0.029000000000000005,0.0,627.8340000000001,4.921,0.28900000000000003,9554513.609000001,1746718.821
2024-10-23 16:56:49,52.0,37.34963876,-121.93566041,5456.184,0.951,-0.24300000000000002,0.0,627.912,3.558,0.323,9554513.640999999,1746719.573
2024-10-23 16:56:50,52.0,37.34963257,-121.93565873,5456.936,0.725,-0.23900000000000002,0.0,627.981,2.836,0.233,9554513.95,1746720.266
2024-10-23 16:56:51,52.0,37.34963063,-121.93565587999998,5457.5019999999995,0.41,-0.27199999999999996,0.0,628.0260000000001,1.47,0.14300000000000002,9554513.865,1746720.481
2024-10-23 16:56:52,52.0,37.349633770000004,-121.93566191,5458.205,0.673,0.207,0.0,628.067,4.006,0.173,9554514.117,1746720.1350000002
2024-10-23 16:56:53,52.0,37.34964043,-121.93567029,5459.275,1.098,0.479,0.0,628.113,5.447,0.21200000000000002,9554514.301,1746719.398
2024-10-23 16:56:54,52.0,37.34964864,-121.93567986000001,5460.528,1.239,0.12,0.0,628.17,5.84,0.23399999999999999,9554514.468,1746718.489
2024-10-23 16:56:55,52.0,37.34965714,-121.93568879,5461.776,1.264,0.032,0.0,628.229,5.317,0.21800000000000003,9554514.563,1746717.545
2024-10-23 16:56:56,52.0,37.34966499,-121.93569858999999,5463.023999999999,1.26,-0.013000000000000001,0.0,628.281,5.547,0.231,9554514.774,1746716.674
2024-10-23 16:56:57,52.0,37.34967202,-121.93570822,5464.198,1.186,-0.077,0.0,628.341,5.061,0.23700000000000002,9554515.03,1746715.898
2024-10-23 16:56:58,52.0,37.349679789999996,-121.93571767,5465.4169999999995,1.214,0.028000000000000004,0.0,628.3979999999999,5.378,0.21600000000000003,9554515.219,1746715.038
2024-10-23 16:56:59,52.0,37.34968852,-121.93572716000001,5466.709000000001,1.272,0.064,0.0,628.454,5.826,0.24100000000000002,9554515.344,1746714.068
2024-10-23 16:57:00,52.0,37.3496978,-121.93573748000001,5468.099,1.3820000000000001,0.11399999999999999,0.0,628.5260000000001,6.35,0.337,9554515.493999999,1746713.038
2024-10-23 16:57:01,52.0,37.34970626,-121.93574903999999,5469.4980000000005,1.438,0.05500000000000001,0.0,628.609,6.358,0.312,9554515.798,1746712.105
2024-10-23 16:57:02,52.0,37.34971389,-121.93576221999999,5470.957,1.481,0.047,0.0,628.682,6.507,0.28500000000000003,9554516.293000001,1746711.264
2024-10-23 16:57:03,52.0,37.34972097,-121.93577636,5472.444,1.486,-0.003,0.0,628.757,6.696,0.29100000000000004,9554516.900999999,1746710.4870000002
2024-10-23 16:57:04,52.0,37.349728729999995,-121.93579077,5473.993,1.534,0.05500000000000001,0.0,628.827,6.659999999999999,0.28500000000000003,9554517.481999999,1746709.634
2024-10-23 16:57:05,52.0,37.3497371,-121.93580420999999,5475.513000000001,1.502,-0.034,0.0,628.8979999999999,6.431,0.27,9554517.941,1746708.7100000002
2024-10-23 16:57:06,52.0,37.34974519,-121.93581744000001,5476.997,1.466,-0.033999999999999996,0.0,628.964,6.1450000000000005,0.266,9554518.404,1746707.8190000001
2024-10-23 16:57:07,52.0,37.34975301,-121.93583071,5478.464,1.44,-0.033,0.0,629.033,6.399,0.276,9554518.892,1746706.9579999999
2024-10-23 16:57:08,52.0,37.3497611,-121.93584466,5480.005,1.502,0.072,0.0,629.105,6.691,0.305,9554519.412,1746706.066
2024-10-23 16:57:09,52.0,37.34976859,-121.93585886000001,5481.521,1.4789999999999999,-0.028000000000000004,0.0,629.181,6.3229999999999995,0.302,9554519.995000001,1746705.2449999999
2024-10-23 16:57:10,52.0,37.34977639,-121.93587285999999,5483.038,1.467,-0.013000000000000001,0.0,629.2520000000001,6.312,0.26,9554520.540000001,1746704.387
2024-10-23 16:57:11,52.0,37.34978347,-121.93588663999999,5484.512000000001,1.422,-0.038,0.0,629.317,5.814,0.259,9554521.118,1746703.611
2024-10-23 16:57:12,52.0,37.34978868,-121.93589856999999,5485.771,1.194,-0.23199999999999998,0.0,629.4060000000001,4.485,0.45,9554521.687,1746703.0399999998
2024-10-23 16:57:13,52.0,37.34979802,-121.93590183,5486.963,1.153,-0.047,0.0,629.51,5.41,0.38,9554521.275999999,1746701.9940000002
2024-10-23 16:57:14,52.0,37.349808780000004,-121.93590073,5488.207,1.2570000000000001,0.10700000000000001,0.0,629.587,5.846,0.253,9554520.419,1746700.7820000001
2024-10-23 16:57:15,52.0,37.34981823,-121.93589211999999,5489.57,1.372,0.10700000000000001,0.0,629.653,6.5969999999999995,0.27199999999999996,9554519.068,1746699.707
2024-10-23 16:57:16,52.0,37.34982358,-121.93587529999999,5491.205,1.639,0.268,0.0,629.73,8.345,0.449,9554517.36,1746699.0829999999
2024-10-23 16:57:17,52.0,37.34982559,-121.93585492,5493.043,1.875,0.25,0.0,629.933,8.652,1.106,9554515.612,1746698.829
2024-10-23 16:57:18,52.0,37.34982724,-121.93583564000001,5494.79,1.7740000000000002,-0.10400000000000001,0.0,630.179,6.986,0.641,9554513.975,1746698.6169999999
2024-10-23 16:57:19,52.0,37.34982816,-121.93581796000001,5496.376,1.599,-0.19,0.0,630.2769999999999,6.544,0.33599999999999997,9554512.517,1746698.489
2024-10-23 16:57:20,52.0,37.349825880000004,-121.93580151,5497.876,1.5290000000000001,-0.05700000000000001,0.0,630.363,6.129,0.31,9554511.383,1746698.7219999998
2024-10-23 16:57:21,52.0,37.34982394,-121.93578774,5499.129,1.2650000000000001,-0.267,0.0,630.4359999999999,4.697,0.282,9554510.439,1746698.921
2024-10-23 16:57:22,52.0,37.34982286,-121.93577614,5500.182,1.041,-0.23199999999999998,0.0,630.492,4.0280000000000005,0.177,9554509.601,1746699.0280000002
2024-10-23 16:57:23,52.0,37.34982237,-121.93576761,5500.984,0.746,-0.297,0.0,630.5379999999999,2.774,0.179,9554508.964,1746699.071
2024-10-23 16:57:24,52.0,37.349821180000006,-121.93576374,5501.508,0.462,-0.292,0.0,630.576,1.73,0.126,9554508.746000001,1746699.2
2024-10-23 16:57:25,52.0,37.34982069,-121.93576103999999,5501.887000000001,0.33199999999999996,-0.131,0.0,630.6020000000001,1.425,0.091,9554508.566,1746699.2510000002
2024-10-23 16:57:26,52.0,37.34981895,-121.93576115,5502.1449999999995,0.147,-0.166,0.0,630.624,0.5660000000000001,0.08399999999999999,9554508.7,1746699.446
2024-10-23 16:57:27,52.0,37.34981974,-121.93576096,5502.21,0.063,-0.10700000000000001,0.0,630.644,0.301,0.086,9554508.627,1746699.3579999998
2024-10-23 16:57:28,52.0,37.34982127,-121.93575917000001,5502.446,0.20400000000000001,0.172,0.0,630.673,0.876,0.154,9554508.378,1746699.184
2024-10-23 16:57:29,52.0,37.349819939999996,-121.93575982,5502.6990000000005,0.233,0.04,0.0,630.713,1.058,0.275,9554508.524,1746699.333
2024-10-23 16:57:30,52.0,37.34981001,-121.93575672,5503.911,1.183,0.849,0.0,630.9010000000001,18.51,1.121,9554508.99,1746700.4449999998
2024-10-23 16:57:31,52.0,37.34978158,-121.9357436,5507.304,3.4840000000000004,2.4419999999999997,0.0,631.194,31.575,1.5050000000000001,9554509.988,1746703.6239999998
2024-10-23 16:57:32,52.0,37.349751420000004,-121.93574019,5510.85,3.567,0.10999999999999996,0.0,631.72,9.844,2.104,9554511.874,1746707.012
2024-10-23 16:57:33,52.0,37.34973965,-121.93575675,5513.0199999999995,2.1599999999999997,-1.55,0.0,632.043,7.831999999999999,0.754,9554514.02,1746708.359
2024-10-23 16:57:34,52.0,37.34972925,-121.93578683999999,5515.991,3.005,0.8019999999999999,0.0,632.325,35.123000000000005,1.85,9554517.134,1746709.571
2024-10-23 16:57:35,52.0,37.34970209,-121.93583029999999,5520.914,5.044,2.163,0.0,632.8979999999999,50.903000000000006,2.649,9554522.498,1746712.685
2024-10-23 16:57:36,52.0,37.349665349999995,-121.93588336,5527.148999999999,6.307,1.267,0.0,633.654,47.745,3.313,9554529.302,1746716.889
2024-10-23 16:57:37,52.0,37.349622499999995,-121.93593659999999,5533.8730000000005,6.723999999999999,0.42800000000000005,0.0,634.504,27.342000000000002,3.5479999999999996,9554536.558,1746721.78
2024-10-23 16:57:38,52.0,37.34957948,-121.93599079,5540.664,6.723000000000001,-0.06200000000000001,0.0,635.4010000000001,38.755,3.4829999999999997,9554543.899,1746726.6920000003
2024-10-23 16:57:39,52.0,37.34953224,-121.93604845,5548.005999999999,7.331,0.626,0.0,636.327,43.331,3.989,9554551.816,1746732.0850000002
2024-10-23 16:57:40,52.0,37.34948758,-121.93611667,5555.853,7.839,0.512,0.0,637.3340000000001,44.589,4.181,9554560.381000001,1746737.202
2024-10-23 16:57:41,52.0,37.34944926,-121.93619693999999,5564.169,8.299,0.46399999999999997,0.0,638.5110000000001,45.328,5.167,9554569.442,1746741.622
2024-10-23 16:57:42,52.0,37.34942132,-121.9362799,5572.179,8.026,-0.179,0.0,639.8140000000001,26.808,4.86,9554577.972,1746744.8769999999
2024-10-23 16:57:43,52.0,37.34940774,-121.93633671,5577.4490000000005,5.069,-3.097,0.0,640.7239999999999,21.732,2.366,9554583.418000001,1746746.4829999998
2024-10-23 16:57:44,52.0,37.34939265,-121.93639114,5582.594999999999,4.964,-0.20599999999999996,0.0,641.3100000000001,49.513,2.505,9554588.783,1746748.254
2024-10-23 16:57:45,52.0,37.34936279,-121.93644934000001,5588.7660000000005,6.1259999999999994,1.356,0.0,641.908,34.857,2.538,9554595.5,1746751.6920000003
2024-10-23 16:57:46,52.0,37.34932879,-121.93650269,5594.83,6.021,-0.12,0.0,642.595,19.624000000000002,2.964,9554602.133,1746755.5899999999
2024-10-23 16:57:47,52.0,37.34930219,-121.93653850000001,5599.198,4.287,-1.677,0.0,643.328,15.262,2.102,9554606.854,1746758.6309999998
2024-10-23 16:57:48,52.0,37.34929497,-121.93654526,5600.49,0.933,-3.5420000000000003,0.0,643.5809999999999,4.43,0.5980000000000001,9554607.901,1746759.451
2024-10-23 16:57:49,52.0,37.34929464,-121.93653125,5601.867,1.3980000000000001,0.433,0.0,643.813,12.452,1.21,9554606.82,1746759.4679999999
2024-10-23 16:57:50,52.0,37.34929795,-121.93650167000001,5604.543,2.77,1.517,0.0,644.107,23.474,1.2870000000000001,9554604.257,1746759.057
2024-10-23 16:57:51,52.0,37.34930637,-121.9364679,5607.71,3.2630000000000003,0.5389999999999999,0.0,644.524,12.233,1.9939999999999998,9554600.993999999,1746758.0629999998
2024-10-23 16:57:52,52.0,37.34931695,-121.93645224,5609.739,2.0100000000000002,-1.306,0.0,644.9979999999999,4.659,1.3030000000000002,9554599.004999999,1746756.8509999998
2024-10-23 16:57:53,52.0,37.349325650000004,-121.93646095,5611.143,1.405,-0.6910000000000001,0.0,645.164,7.203999999999999,0.379,9554599.069,1746755.8850000002
2024-10-23 16:57:54,52.0,37.349331340000006,-121.93647623,5612.652,1.534,0.20600000000000002,0.0,645.244,6.412000000000001,0.297,9554599.864999998,1746755.266
2024-10-23 16:57:55,52.0,37.349338089999996,-121.93649201999999,5614.248,1.544,-0.0019999999999999996,0.0,645.316,6.992999999999999,0.28300000000000003,9554600.627,1746754.53
2024-10-23 16:57:56,52.0,37.34934564,-121.93650794,5615.8949999999995,1.621,0.087,0.0,645.393,7.194,0.356,9554601.34,1746753.7
2024-10-23 16:57:57,52.0,37.34935229,-121.93652329,5617.4529999999995,1.5210000000000001,-0.10300000000000001,0.0,645.479,6.096,0.332,9554602.075,1746752.975
2024-10-23 16:57:58,52.0,37.34935900000001,-121.93653599,5618.831,1.317,-0.21000000000000002,0.0,645.568,4.946,0.309,9554602.596,1746752.2370000002
2024-10-23 16:57:59,52.0,37.34936763,-121.9365431,5620.015,1.1649999999999998,-0.158,0.0,645.64,4.794,0.362,9554602.542,1746751.276
2024-10-23 16:58:00,52.0,37.349373910000004,-121.93653734,5621.221,1.084,-0.14,0.0,645.772,7.212000000000001,0.6950000000000001,9554601.637,1746750.5629999998
2024-10-23 16:58:01,52.0,37.3493791,-121.93651480999999,5623.32,2.13,1.1300000000000001,0.0,646.021,13.190999999999999,1.51,9554599.489999998,1746749.948
2024-10-23 16:58:02,52.0,37.34938261,-121.93649688999999,5625.01,1.6759999999999997,-0.434,0.0,646.4190000000001,4.387,1.011,9554597.831,1746749.5289999999
2024-10-23 16:58:03,52.0,37.34937919,-121.93648679,5626.13,1.0539999999999998,-0.6990000000000001,0.0,646.53,3.932,0.3,9554597.278,1746749.9
2024-10-23 16:58:04,52.0,37.349370699999994,-121.93648671000001,5627.152,1.0150000000000001,-0.016000000000000004,0.0,646.63,4.796,0.514,9554597.878999999,1746750.855
2024-10-23 16:58:05,52.0,37.34935841,-121.93649319000001,5628.656,1.552,0.561,0.0,646.812,9.049,0.958,9554599.268000001,1746752.2449999999
2024-10-23 16:58:06,52.0,37.349349239999995,-121.93650097,5629.919,1.2890000000000001,-0.251,0.0,647.054,4.031000000000001,0.8089999999999999,9554600.535,1746753.287
2024-10-23 16:58:07,52.0,37.349347339999994,-121.93650223,5630.46,0.418,-0.952,0.0,647.1659999999999,1.4460000000000002,0.203,9554600.771000002,1746753.5019999999
2024-10-23 16:58:08,52.0,37.349350779999995,-121.93649329,5631.406,0.998,0.5940000000000001,0.0,647.2360000000001,6.324,0.41100000000000003,9554599.82,1746753.1039999998
2024-10-23 16:58:09,52.0,37.34935419,-121.93647673000001,5632.947999999999,1.577,0.611,0.0,647.391,10.791,0.8629999999999999,9554598.273,1746752.698
2024-10-23 16:58:10,52.0,37.34935701,-121.93645038,5635.324,2.331,0.783,0.0,647.662,13.313999999999998,1.24,9554595.996,1746752.345
2024-10-23 16:58:11,52.0,37.34935825,-121.93641935999999,5638.094999999999,2.696,0.357,0.0,647.9770000000001,13.982,1.353,9554593.464,1746752.1600000001
2024-10-23 16:58:12,52.0,37.34936081,-121.93638698,5640.999,2.891,0.194,0.0,648.336,13.4,1.446,9554590.73,1746751.829
2024-10-23 16:58:13,52.0,37.34936438,-121.9363534,5644.012000000001,2.998,0.095,0.0,648.688,13.89,1.327,9554587.831,1746751.3809999998
2024-10-23 16:58:14,52.0,37.34936801,-121.93632187,5646.846,2.804,-0.189,0.0,648.992,9.798,1.1480000000000001,9554585.088,1746750.9300000002
2024-10-23 16:58:15,52.0,37.349374690000005,-121.93629457,5649.456,2.498,-0.312,0.0,649.294,9.474,1.268,9554582.459999999,1746750.1420000002
2024-10-23 16:58:16,52.0,37.34939629,-121.93628573999999,5652.286,2.748,0.211,0.0,649.635,17.588,1.596,9554580.222,1746747.7
2024-10-23 16:58:17,52.0,37.349418889999995,-121.93629447,5654.971,2.6879999999999997,0.060999999999999985,0.0,650.051,8.128,1.425,9554579.292,1746745.17
2024-10-23 16:58:18,52.0,37.34942832,-121.93628524,5656.8,1.666,-1.166,0.0,650.332,7.596000000000001,0.9570000000000001,9554577.894,1746744.0969999998
2024-10-23 16:58:19,52.0,37.349419069999996,-121.9362623,5659.176,2.476,0.8710000000000001,0.0,650.601,15.901,1.4529999999999998,9554576.747,1746745.106
2024-10-23 16:58:20,52.0,37.34940523,-121.93624573,5661.338,2.167,-0.242,0.0,651.008,6.0809999999999995,1.24,9554576.431,1746746.639
2024-10-23 16:58:21,52.0,37.34939379,-121.93623634000001,5662.907,1.54,-0.7060000000000001,0.0,651.178,6.053,0.438,9554576.508,1746747.913
2024-10-23 16:58:22,52.0,37.34938788,-121.93622429,5664.196,1.275,-0.251,0.0,651.271,4.699,0.389,9554575.98,1746748.5629999998
2024-10-23 16:58:23,52.0,37.349387719999996,-121.93621301,5665.25,1.059,-0.244,0.0,651.399,4.899,0.45999999999999996,9554575.106,1746748.5629999998
2024-10-23 16:58:24,52.0,37.3493936,-121.93619884,5666.686,1.385,0.365,0.0,651.476,6.890000000000001,0.267,9554573.568,1746747.883
2024-10-23 16:58:25,52.0,37.34940145,-121.93618561999999,5668.157,1.436,0.06,0.0,651.543,6.207,0.268,9554571.967,1746746.982
2024-10-23 16:58:26,52.0,37.34940786,-121.93617008999999,5669.728,1.535,0.10800000000000001,0.0,651.635,6.9799999999999995,0.5559999999999999,9554570.285,1746746.241
2024-10-23 16:58:27,52.0,37.349413479999996,-121.93615527,5671.204,1.433,-0.129,0.0,651.7729999999999,6.2,0.433,9554568.715,1746745.588
2024-10-23 16:58:28,52.0,37.34941497,-121.93614201,5672.433999999999,1.218,-0.203,0.0,651.855,4.09,0.23199999999999998,9554567.564,1746745.4030000002
2024-10-23 16:58:29,52.0,37.34941384,-121.93613291,5673.273999999999,0.8310000000000001,-0.393,0.0,651.903,3.064,0.165,9554566.929000001,1746745.515
2024-10-23 16:58:30,52.0,37.34941614,-121.93612745,5673.923000000001,0.605,-0.22999999999999998,0.0,651.941,2.557,0.159,9554566.334999999,1746745.2510000002
2024-10-23 16:58:31,52.0,37.34942294,-121.93612678,5674.719,0.781,0.175,0.0,651.987,3.9189999999999996,0.211,9554565.798,1746744.484
2024-10-23 16:58:32,52.0,37.34942814,-121.93612542000001,5675.362999999999,0.5900000000000001,-0.183,0.0,652.037,2.12,0.146,9554565.318,1746743.898
2024-10-23 16:58:33,52.0,37.34942936,-121.93611883000001,5676.031,0.626,0.0020000000000000018,0.0,652.0730000000001,3.261,0.197,9554564.712000001,1746743.7519999999
2024-10-23 16:58:34,52.0,37.349426949999994,-121.93610822000001,5677.039,1.0310000000000001,0.445,0.0,652.135,5.257,0.26,9554564.047,1746744.008
2024-10-23 16:58:35,52.0,37.34942308,-121.93609766,5678.091,1.058,0.039,0.0,652.1890000000001,4.199,0.193,9554563.493,1746744.427
2024-10-23 16:58:36,52.0,37.34941984,-121.93608807000001,5679.041,0.942,-0.134,0.0,652.2360000000001,3.9730000000000003,0.183,9554562.969,1746744.78
2024-10-23 16:58:37,52.0,37.349417360000004,-121.93607958,5679.878,0.805,-0.143,0.0,652.284,3.3920000000000003,0.22599999999999998,9554562.476,1746745.046
2024-10-23 16:58:38,52.0,37.34941467,-121.93607225999999,5680.627,0.7030000000000001,-0.10300000000000001,0.0,652.34,2.782,0.189,9554562.093,1746745.341
2024-10-23 16:58:39,52.0,37.34941691,-121.93606898,5681.153,0.453,-0.266,0.0,652.379,1.8940000000000001,0.13999999999999999,9554561.673,1746745.0829999999
2024-10-23 16:58:40,52.0,37.34942247,-121.93606832999998,5681.838,0.687,0.261,0.0,652.415,3.182,0.121,9554561.226,1746744.457
2024-10-23 16:58:41,52.0,37.34942823,-121.93606981,5682.581,0.706,0.005999999999999997,0.0,652.446,3.457,0.13999999999999999,9554560.93,1746743.8120000002
2024-10-23 16:58:42,52.0,37.349436159999996,-121.93606861999999,5683.5199999999995,0.951,0.23700000000000002,0.0,652.482,4.955,0.16899999999999998,9554560.27,1746742.918
2024-10-23 16:58:43,52.0,37.34944558,-121.93606027000001,5684.824,1.306,0.377,0.0,652.5319999999999,6.409999999999999,0.221,9554558.938,1746741.8460000001
2024-10-23 16:58:44,52.0,37.34945585,-121.93604922,5686.341,1.497,0.177,0.0,652.591,7.75,0.279,9554557.336,1746740.677
2024-10-23 16:58:45,52.0,37.34946797,-121.93603551000001,5688.165,1.832,0.34500000000000003,0.0,652.7090000000001,9.15,0.8470000000000001,9554555.389,1746739.295
2024-10-23 16:58:46,52.0,37.34947752,-121.93601860999999,5690.031,1.832,0.010999999999999996,0.0,652.983,7.268000000000001,0.967,9554553.376,1746738.198
2024-10-23 16:58:47,52.0,37.34948097,-121.93600282,5691.5160000000005,1.467,-0.39,0.0,653.132,4.915,0.403,9554551.886,1746737.788
2024-10-23 16:58:48,52.0,37.34947808,-121.93599111,5692.682,1.143,-0.33399999999999996,0.0,653.221,4.384,0.281,9554551.17,1746738.0960000001
2024-10-23 16:58:49,52.0,37.349470350000004,-121.93598438,5693.763,1.095,-0.039,0.0,653.29,4.982,0.254,9554551.192,1746738.9559999998
2024-10-23 16:58:50,52.0,37.34946194,-121.93598005999999,5694.794,1.048,-0.029000000000000005,0.0,653.342,4.209,0.217,9554551.453,1746739.8969999999
2024-10-23 16:58:51,52.0,37.349454730000005,-121.93597766,5695.659,0.799,-0.26,0.0,653.395,2.956,0.174,9554551.779000001,1746740.704
2024-10-23 16:58:52,52.0,37.34945109,-121.93598200000001,5696.318,0.607,-0.211,0.0,653.432,2.659,0.134,9554552.382000001,1746741.1190000002
2024-10-23 16:58:53,52.0,37.34944968,-121.93598926,5697.054,0.734,0.146,0.0,653.464,3.3089999999999997,0.128,9554553.054,1746741.288
2024-10-23 16:58:54,52.0,37.34944899,-121.93599829,5697.903,0.851,0.11499999999999999,0.0,653.499,4.16,0.162,9554553.813,1746741.3800000001
2024-10-23 16:58:55,52.0,37.34944789,-121.93600973,5698.954,1.026,0.183,0.0,653.5409999999999,4.629,0.188,9554554.795,1746741.519
2024-10-23 16:58:56,52.0,37.3494471,-121.93602003000001,5699.923,0.898,-0.13,0.0,653.595,3.443,0.21000000000000002,9554555.662999999,1746741.621
2024-10-23 16:58:57,52.0,37.34944491,-121.93602541,5700.539,0.545,-0.359,0.0,653.644,1.848,0.186,9554556.242999999,1746741.8739999998
2024-10-23 16:58:58,52.0,37.34944731,-121.93602490999999,5701.052000000001,0.349,-0.194,0.0,653.682,1.7530000000000001,0.11500000000000002,9554556.032,1746741.6030000001
2024-10-23 16:58:59,52.0,37.34945252,-121.93602474,5701.677,0.64,0.286,0.0,653.7090000000001,3.347,0.122,9554555.645,1746741.019
2024-10-23 16:59:00,52.0,37.34945899,-121.93602376999999,5702.436,0.755,0.121,0.0,653.74,3.215,0.14300000000000002,9554555.108,1746740.2899999998
2024-10-23 16:59:01,52.0,37.34946466,-121.93602151999998,5703.136,0.712,-0.031999999999999994,0.0,653.779,2.787,0.14100000000000001,9554554.526,1746739.6489999997
2024-10-23 16:59:02,52.0,37.3494671,-121.93601937000001,5703.576999999999,0.386,-0.335,0.0,653.808,1.5130000000000001,0.096,9554554.181,1746739.371
2024-10-23 16:59:03,52.0,37.3494639,-121.93602174,5704.192,0.5,0.093,0.0,653.838,2.912,0.155,9554554.595999999,1746739.734
2024-10-23 16:59:04,52.0,37.34946119,-121.93603845,5705.727000000001,1.533,1.001,0.0,653.915,15.791,0.7070000000000001,9554556.106999999,1746740.0629999998
2024-10-23 16:59:05,52.0,37.34945582,-121.93607478999999,5709.0160000000005,3.357,1.895,0.0,654.214,30.744,1.609,9554559.352,1746740.7149999999
2024-10-23 16:59:06,52.0,37.34944985,-121.93611869000001,5712.976,3.992,0.6639999999999999,0.0,654.688,18.268,2.051,9554563.238,1746741.447
2024-10-23 16:59:07,52.0,37.34944419,-121.93616143,5716.836,3.821,-0.23199999999999998,0.0,655.164,15.572,1.723,9554567.007,1746742.1420000002
2024-10-23 16:59:08,52.0,37.34944412,-121.93620462999999,5720.692,3.8600000000000003,0.067,0.0,655.6270000000001,15.475999999999999,2.0309999999999997,9554570.416,1746742.2100000002
2024-10-23 16:59:09,52.0,37.34944234,-121.93623735999999,5723.719999999999,2.962,-0.882,0.0,656.091,6.871,1.348,9554573.118999999,1746742.455
2024-10-23 16:59:10,52.0,37.34943038,-121.93626237000001,5726.338,2.521,-0.519,0.0,656.361,13.66,1.182,9554575.944,1746743.8350000002
2024-10-23 16:59:11,52.0,37.3494216,-121.93629099,5729.09,2.724,0.256,0.0,656.696,11.489,1.405,9554578.825,1746744.86
2024-10-23 16:59:12,52.0,37.34941825,-121.93632021,5731.7300000000005,2.5780000000000003,-0.16699999999999998,0.0,657.011,10.97,1.111,9554581.367,1746745.277
2024-10-23 16:59:13,52.0,37.34941627,-121.93635189,5734.567,2.819,0.24,0.0,657.303,14.253,1.3679999999999999,9554584.004,1746745.5440000002
2024-10-23 16:59:14,52.0,37.34941691,-121.93638175999999,5737.239,2.6149999999999998,-0.166,0.0,657.672,8.366,1.335,9554586.309,1746745.5129999998
2024-10-23 16:59:15,52.0,37.34942003,-121.93640459999999,5739.3150000000005,2.027,-0.626,0.0,657.994,6.385,1.33,9554587.886,1746745.1940000001
2024-10-23 16:59:16,52.0,37.34942617,-121.9364182,5740.784,1.402,-0.647,0.0,658.238,4.928,0.657,9554588.518000001,1746744.5239999997
2024-10-23 16:59:17,52.0,37.34943455,-121.93643749,5742.84,1.94,0.523,0.0,658.451,15.274000000000001,1.283,9554589.440000001,1746743.606
2024-10-23 16:59:18,52.0,37.34943595,-121.93645475000001,5744.497,1.5779999999999998,-0.23500000000000001,0.0,658.827,4.8340000000000005,1.2730000000000001,9554590.699,1746743.474
2024-10-23 16:59:19,52.0,37.34942907,-121.93646242,5745.681,1.111,-0.603,0.0,659.067,6.509,0.8460000000000001,9554591.794,1746744.2559999998
2024-10-23 16:59:20,52.0,37.34941799,-121.93644977,5747.675,1.8509999999999998,0.73,0.0,659.27,20.969,0.9789999999999999,9554591.591,1746745.486
2024-10-23 16:59:21,52.0,37.34941117,-121.93641471999999,5750.933,3.447,1.7169999999999999,0.0,659.637,21.832,2.023,9554589.318,1746746.205
2024-10-23 16:59:22,52.0,37.34939845,-121.9363983,5753.743,2.602,-0.889,0.0,660.132,7.705,1.462,9554588.931,1746747.6120000002
2024-10-23 16:59:23,52.0,37.34938165,-121.93642969,5757.313,3.586,0.851,0.0,660.4689999999999,48.9,1.7559999999999998,9554592.603999998,1746749.543
2024-10-23 16:59:24,52.0,37.34936711,-121.93648804,5762.7480000000005,5.54,2.129,0.0,661.034,47.787,2.7199999999999998,9554598.24,1746751.261
2024-10-23 16:59:25,52.0,37.349356369999995,-121.93654604000001,5768.066,5.343,-0.12000000000000002,0.0,661.924,17.223999999999997,3.461,9554603.575,1746752.5469999998
2024-10-23 16:59:26,52.0,37.34936346,-121.93656942,5770.597,2.254,-3.285,0.0,662.424,10.297,1.153,9554604.911,1746751.7820000001
2024-10-23 16:59:27,52.0,37.34937591,-121.93657329,5772.164,1.449,-0.826,0.0,662.674,5.8149999999999995,0.766,9554604.326000001,1746750.387
2024-10-23 16:59:28,52.0,37.349386089999996,-121.93655796,5774.117,1.8809999999999998,0.485,0.0,662.848,13.892000000000001,0.9030000000000001,9554602.39,1746749.2219999998
2024-10-23 16:59:29,52.0,37.349392390000006,-121.93652444,5777.196,3.1100000000000003,1.2550000000000001,0.0,663.13,26.331,1.33,9554599.3,1746748.4679999999
2024-10-23 16:59:30,52.0,37.34939993,-121.93647923,5781.311,4.1,1.003,0.0,663.499,28.685000000000002,1.671,9554595.201,1746747.557
2024-10-23 16:59:31,52.0,37.34941106,-121.93642388,5786.388000000001,5.072,0.96,0.0,663.983,36.581,2.153,9554590.046,1746746.2280000001
2024-10-23 16:59:32,52.0,37.34942548,-121.93636253,5792.072,5.647,0.6,0.0,664.553,28.464999999999996,2.35,9554584.184,1746744.5219999999
2024-10-23 16:59:33,52.0,37.34944093,-121.93630152,5797.761,5.638,-0.025,0.0,665.172,22.923000000000002,2.588,9554578.273,1746742.7
2024-10-23 16:59:34,52.0,37.349453499999996,-121.93624299999999,5803.153,5.357,-0.254,0.0,665.902,16.84,3.2640000000000002,9554572.765999999,1746741.2059999998
2024-10-23 16:59:35,52.0,37.34945993,-121.93620032000001,5807.030000000001,3.901,-1.455,0.0,666.687,8.467,2.726,9554568.947,1746740.4260000002
2024-10-23 16:59:36,52.0,37.34946024,-121.93618154999999,5808.741,1.7280000000000002,-2.248,0.0,667.116,4.542,0.662,9554567.445,1746740.366
2024-10-23 16:59:37,52.0,37.34945819,-121.93617351,5809.527,0.6839999999999999,-1.067,0.0,667.1850000000001,2.342,0.166,9554566.959,1746740.584
2024-10-23 16:59:38,52.0,37.34945583,-121.93617084,5809.991,0.32999999999999996,-0.304,0.0,667.2270000000001,1.268,0.151,9554566.918000001,1746740.845
2024-10-23 16:59:39,52.0,37.349455160000005,-121.93617265,5810.205,0.236,-0.087,0.0,667.257,1.0150000000000001,0.11400000000000002,9554567.108,1746740.9239999999
2024-10-23 16:59:40,52.0,37.34945546,-121.93617147,5810.464,0.13599999999999998,-0.12,0.0,667.286,0.711,0.096,9554566.993,1746740.8879999998
2024-10-23 16:59:41,52.0,37.34945836,-121.93617323999999,5810.888,0.434,0.325,0.0,667.309,1.9460000000000002,0.097,9554566.925,1746740.566
2024-10-23 16:59:42,52.0,37.34946121,-121.93617443000001,5811.271,0.393,-0.043000000000000003,0.0,667.333,1.6789999999999998,0.091,9554566.815000001,1746740.246
2024-10-23 16:59:43,52.0,37.34946261,-121.93617438999999,5811.496,0.227,-0.184,0.0,667.355,1.004,0.081,9554566.709999999,1746740.0890000002
2024-10-23 16:59:44,52.0,37.349465429999995,-121.9361744,5811.946,0.41100000000000003,0.174,0.0,667.38,2.1079999999999997,0.11100000000000002,9554566.51,1746739.7710000002
2024-10-23 16:59:45,52.0,37.34947108,-121.93617743,5812.664,0.704,0.317,0.0,667.41,3.4769999999999994,0.15,9554566.345,1746739.14
2024-10-23 16:59:46,52.0,37.349477539999995,-121.93618360999999,5813.6050000000005,0.9490000000000001,0.24700000000000003,0.0,667.4490000000001,4.547,0.158,9554566.372,1746738.421
2024-10-23 16:59:47,52.0,37.34948457,-121.93619075,5814.6269999999995,1.024,0.073,0.0,667.491,4.531,0.161,9554566.431,1746737.6420000002
2024-10-23 16:59:48,52.0,37.3494905,-121.93620003999999,5815.704,1.073,0.028000000000000004,0.0,667.529,5.325,0.18,9554566.739,1746736.9870000002
2024-10-23 16:59:49,52.0,37.34949733,-121.93621479000001,5817.237,1.552,0.497,0.0,667.5989999999999,8.519,0.41200000000000003,9554567.412999999,1746736.239
2024-10-23 16:59:50,52.0,37.34950142,-121.93623194,5818.844999999999,1.6030000000000002,0.08299999999999999,0.0,667.722,6.058,0.472,9554568.470999999,1746735.804
2024-10-23 16:59:51,52.0,37.34949865,-121.93624380000001,5820.097,1.166,-0.45899999999999996,0.0,667.848,4.059,0.5780000000000001,9554569.602,1746736.1309999998
2024-10-23 16:59:52,52.0,37.34949109,-121.93623984000001,5821.215,1.06,-0.144,0.0,667.982,5.575,0.52,9554569.831,1746736.975
2024-10-23 16:59:53,52.0,37.34948704,-121.93622644,5822.51,1.357,0.335,0.0,668.1,6.0920000000000005,0.373,9554569.065,1746737.4109999998
2024-10-23 16:59:54,52.0,37.34948451,-121.93621261999999,5823.822,1.322,-0.014000000000000002,0.0,668.202,5.415,0.4640000000000001,9554568.157,1746737.678
2024-10-23 16:59:55,52.0,37.34947947,-121.93621076,5824.725,0.805,-0.5640000000000001,0.0,668.296,3.127,0.254,9554568.370000001,1746738.242
2024-10-23 16:59:56,52.0,37.3494737,-121.93622000999999,5825.8330000000005,1.108,0.28500000000000003,0.0,668.359,6.21,0.318,9554569.514,1746738.9039999999
2024-10-23 16:59:57,52.0,37.34946463,-121.93623013999999,5827.205,1.401,0.34199999999999997,0.0,668.443,6.352,0.31,9554570.959,1746739.9370000002
2024-10-23 16:59:58,52.0,37.34945459,-121.93623861,5828.562,1.364,-0.05,0.0,668.519,6.0969999999999995,0.316,9554572.344,1746741.08
2024-10-23 16:59:59,52.0,37.34944547,-121.93624535,5829.773999999999,1.193,-0.154,0.0,668.589,4.0329999999999995,0.231,9554573.524,1746742.114
2024-10-23 17:00:00,52.0,37.349444829999996,-121.93625234000001,5830.564,0.649,-0.596,0.0,668.6519999999999,2.504,0.26,9554574.122,1746742.196
2024-10-23 17:00:01,52.0,37.34944894,-121.93626155,5831.525,0.908,0.266,0.0,668.7040000000001,4.891,0.181,9554574.553,1746741.746
2024-10-23 17:00:02,52.0,37.34945397,-121.93627445,5832.822999999999,1.246,0.361,0.0,668.7529999999999,6.589,0.223,9554575.209,1746741.198
2024-10-23 17:00:03,52.0,37.349455160000005,-121.93629286000001,5834.504,1.64,0.403,0.0,668.823,8.466,0.396,9554576.574000001,1746741.0899999999
2024-10-23 17:00:04,52.0,37.34945046,-121.9363108,5836.2,1.625,-0.028000000000000004,0.0,668.95,6.866,0.501,9554578.325,1746741.641
2024-10-23 17:00:05,52.0,37.349442849999996,-121.93634029,5838.961,2.709,1.008,0.0,669.147,37.339999999999996,1.467,9554581.191,1746742.539
2024-10-23 17:00:06,52.0,37.34942606,-121.93639593,5844.246,5.387,2.773,0.0,669.775,75.031,3.628,9554586.772999998,1746744.504
2024-10-23 17:00:07,52.0,37.349404570000004,-121.93647013,5851.26,7.064,1.734,0.0,670.743,52.032,3.6740000000000004,9554594.151999999,1746747.023
2024-10-23 17:00:08,52.0,37.34939869,-121.93655014999999,5858.501,7.231,0.183,0.0,671.74,24.933,4.351,9554600.875999998,1746747.795
2024-10-23 17:00:09,52.0,37.349397929999995,-121.93660517,5863.615,4.982,-2.286,0.0,672.7059999999999,17.426,2.8850000000000002,9554605.264,1746747.954
2024-10-23 17:00:10,52.0,37.34937594,-121.93662368999999,5866.799,3.12,-1.996,0.0,673.204,9.06,1.326,9554608.293000001,1746750.454
2024-10-23 17:00:11,52.0,37.34935515,-121.93662291000001,5869.216,2.409,-0.638,0.0,673.466,7.431,1.029,9554609.717,1746752.789
2024-10-23 17:00:12,52.0,37.34934372,-121.93660311000001,5871.572999999999,2.248,-0.17,0.0,673.696,11.367,0.921,9554608.974,1746754.0489999999
2024-10-23 17:00:13,52.0,37.34934384,-121.93657335,5874.264,2.6870000000000003,0.46699999999999997,0.0,673.984,14.405000000000001,1.285,9554606.621,1746753.993
2024-10-23 17:00:14,52.0,37.34935094,-121.9365432,5877.075,2.805,0.125,0.0,674.3140000000001,12.113,1.33,9554603.739,1746753.1539999999
2024-10-23 17:00:15,52.0,37.34936042,-121.93651498,5879.807,2.717,-0.10300000000000001,0.0,674.637,11.312999999999999,1.2429999999999999,9554600.841,1746752.0489999999
2024-10-23 17:00:16,52.0,37.34937251,-121.93648773,5882.590999999999,2.7960000000000003,0.075,0.0,674.9480000000001,12.825999999999999,1.306,9554597.829,1746750.65
2024-10-23 17:00:17,52.0,37.34938657,-121.93646257,5885.332,2.732,-0.043000000000000003,0.0,675.283,10.99,1.3960000000000001,9554594.844,1746749.037
2024-10-23 17:00:18,52.0,37.34939936,-121.93644056999999,5887.759,2.44,-0.3,0.0,675.644,8.431999999999999,1.325,9554592.196,1746747.568
2024-10-23 17:00:19,52.0,37.34940661,-121.9364223,5889.5830000000005,1.8509999999999998,-0.587,0.0,675.886,5.3100000000000005,0.623,9554590.239,1746746.7280000001
2024-10-23 17:00:20,52.0,37.34941068,-121.93640826000001,5890.928,1.316,-0.558,0.0,676.0,4.687,0.316,9554588.843,1746746.2509999997
2024-10-23 17:00:21,52.0,37.34941415,-121.93639794,5891.967,0.985,-0.329,0.0,676.063,3.7,0.231,9554587.782,1746745.845
2024-10-23 17:00:22,52.0,37.349419160000004,-121.93638653000001,5893.158,1.1019999999999999,0.122,0.0,676.119,5.58,0.209,9554586.526,1746745.266
2024-10-23 17:00:23,52.0,37.349424469999995,-121.93637457,5894.382,1.199,0.11400000000000002,0.0,676.168,5.39,0.196,9554585.205,1746744.6539999999
2024-10-23 17:00:24,52.0,37.34942913,-121.93636197000001,5895.632,1.223,0.018,0.0,676.2180000000001,5.2829999999999995,0.211,9554583.879,1746744.1120000002
2024-10-23 17:00:25,52.0,37.349433579999996,-121.93634864,5896.926,1.2449999999999999,0.016,0.0,676.278,5.579,0.252,9554582.511,1746743.5929999999
2024-10-23 17:00:26,52.0,37.34943861,-121.93633503000001,5898.263000000001,1.3,0.061,0.0,676.336,5.811,0.22800000000000004,9554581.08,1746743.0100000002
2024-10-23 17:00:27,52.0,37.34944235,-121.93632052000001,5899.647999999999,1.468,0.184,0.0,676.395,7.019,0.255,9554579.668,1746742.5690000001
2024-10-23 17:00:28,52.0,37.34944195,-121.93630463,5901.085,1.447,-0.048,0.0,676.483,7.116,0.588,9554578.445,1746742.591
2024-10-23 17:00:29,52.0,37.34943957,-121.93628378999999,5902.986,1.918,0.48200000000000004,0.0,676.6980000000001,10.57,0.9960000000000001,9554576.975,1746742.83
2024-10-23 17:00:30,52.0,37.34944433,-121.93626242,5905.007,2.054,0.164,0.0,676.941,8.314,0.874,9554574.952000001,1746742.266
2024-10-23 17:00:31,52.0,37.34945538,-121.93624866,5906.778,1.7429999999999999,-0.33399999999999996,0.0,677.1,6.65,0.445,9554573.076000001,1746741.004
2024-10-23 17:00:32,52.0,37.34946572,-121.93623919,5908.218,1.421,-0.31100000000000005,0.0,677.192,4.720000000000001,0.29300000000000004,9554571.592999998,1746739.827
2024-10-23 17:00:33,52.0,37.3494709,-121.93622984999999,5909.303,1.053,-0.374,0.0,677.256,3.993,0.215,9554570.488,1746739.2329999998
2024-10-23 17:00:34,52.0,37.34946966,-121.93622285,5909.996,0.6759999999999999,-0.383,0.0,677.3,2.489,0.135,9554570.025,1746739.363
2024-10-23 17:00:35,52.0,37.349467520000005,-121.93621997,5910.397,0.426,-0.262,0.0,677.3290000000001,1.746,0.10200000000000001,9554569.951000001,1746739.598
2024-10-23 17:00:36,52.0,37.34946736,-121.93621880999999,5910.558,0.11200000000000002,-0.318,0.0,677.347,0.422,0.054000000000000006,9554569.871,1746739.6149999998
2024-10-23 17:00:37,52.0,37.3494695,-121.93621877999999,5910.608,0.022000000000000002,-0.099,0.0,677.3610000000001,0.11400000000000002,0.091,9554569.714,1746739.3740000003
2024-10-23 17:00:38,52.0,37.34946721,-121.93622443,5911.146,0.538,0.521,0.0,677.394,3.129,0.14100000000000001,9554570.325,1746739.64
2024-10-23 17:00:39,52.0,37.349464999999995,-121.93623586000001,5912.207,1.044,0.533,0.0,677.4390000000001,5.661,0.217,9554571.384,1746739.906
2024-10-23 17:00:40,52.0,37.34946318,-121.93625093,5913.571,1.331,0.284,0.0,677.493,6.502,0.225,9554572.7,1746740.1300000001
2024-10-23 17:00:41,52.0,37.34946281,-121.93626847,5915.135,1.529,0.189,0.0,677.554,7.616,0.28700000000000003,9554574.106,1746740.1939999997
2024-10-23 17:00:42,52.0,37.34946329,-121.93629000000001,5917.054,1.886,0.348,0.0,677.6479999999999,10.511,0.622,9554575.769,1746740.173
2024-10-23 17:00:43,52.0,37.349463480000004,-121.93631746999999,5919.509,2.44,0.5559999999999999,0.0,677.886,14.912,1.1460000000000001,9554577.918,1746740.186
2024-10-23 17:00:44,52.0,37.34946305,-121.93634906,5922.325999999999,2.804,0.394,0.0,678.205,12.768,1.412,9554580.437,1746740.2789999999
2024-10-23 17:00:45,52.0,37.34946258,-121.93638025,5925.104,2.75,-0.079,0.0,678.558,11.548,1.3699999999999999,9554582.929,1746740.375
2024-10-23 17:00:46,52.0,37.34946201,-121.93641097,5927.84,2.714,-0.038,0.0,678.911,11.620000000000001,1.4689999999999999,9554585.389,1746740.48
2024-10-23 17:00:47,52.0,37.3494617,-121.9364404,5930.467,2.597,-0.10800000000000001,0.0,679.268,10.159,1.409,9554587.728,1746740.557
2024-10-23 17:00:48,52.0,37.34946092,-121.93646800000002,5932.933,2.439,-0.16599999999999998,0.0,679.62,9.797,1.359,9554589.958,1746740.6809999999
2024-10-23 17:00:49,52.0,37.34946055,-121.93649258999999,5935.130999999999,2.165,-0.261,0.0,679.954,7.337999999999999,1.1860000000000002,9554591.921,1746740.757
2024-10-23 17:00:50,52.0,37.34946014,-121.93651163,5936.838000000001,1.6460000000000001,-0.537,0.0,680.138,5.623,0.356,9554593.45,1746740.829
2024-10-23 17:00:51,52.0,37.349460019999995,-121.9365281,5938.308999999999,1.412,-0.24100000000000002,0.0,680.206,5.7299999999999995,0.257,9554594.756000001,1746740.867
2024-10-23 17:00:52,52.0,37.34946,-121.93654375999999,5939.704,1.332,-0.064,0.0,680.269,5.399,0.25,9554595.99,1746740.89
2024-10-23 17:00:53,52.0,37.34945973,-121.93655722999999,5940.913,1.157,-0.175,0.0,680.3320000000001,4.5520000000000005,0.233,9554597.070999999,1746740.9370000002
2024-10-23 17:00:54,52.0,37.3494589,-121.93656858,5941.954,1.0130000000000001,-0.15,0.0,680.382,4.119,0.175,9554598.024,1746741.048
2024-10-23 17:00:55,52.0,37.34945875,-121.93657863000001,5942.898999999999,0.8720000000000001,-0.14100000000000001,0.0,680.4219999999999,3.636,0.16299999999999998,9554598.827,1746741.0780000002
2024-10-23 17:00:56,52.0,37.34946675,-121.93658674000001,5944.124,1.149,0.261,0.0,680.476,6.7170000000000005,0.266,9554598.894,1746740.19
2024-10-23 17:00:57,52.0,37.34947873,-121.93659305000001,5945.585,1.4449999999999998,0.32799999999999996,0.0,680.544,6.462000000000001,0.341,9554598.535,1746738.8509999998
2024-10-23 17:00:58,52.0,37.349496,-121.93660071,5947.64,2.041,0.562,0.0,680.721,15.881,1.075,9554597.905,1746736.92
2024-10-23 17:00:59,52.0,37.34951927,-121.93660829999999,5950.331,2.715,0.743,0.0,681.013,12.808000000000002,1.3,9554596.84,1746734.3129999998
2024-10-23 17:01:00,52.0,37.34953966,-121.93661331999999,5952.687,2.286,-0.504,0.0,681.323,9.281,1.089,9554595.779,1746732.027
2024-10-23 17:01:01,52.0,37.34956835,-121.93660761999999,5955.985,3.2960000000000003,0.954,0.0,681.631,35.980000000000004,1.6179999999999999,9554593.276,1746728.793
2024-10-23 17:01:02,52.0,37.34960538,-121.93658201000001,5960.755999999999,4.8420000000000005,1.684,0.0,682.1270000000001,34.175,2.446,9554588.616,1746724.594
2024-10-23 17:01:03,52.0,37.34963622,-121.93655816,5965.027,4.202,-0.5609999999999999,0.0,682.858,12.985,2.59,9554584.532000002,1746721.091
2024-10-23 17:01:04,52.0,37.349652379999995,-121.93657873,5968.085,2.9690000000000003,-1.407,0.0,683.423,15.416999999999998,2.551,9554584.999,1746719.302
2024-10-23 17:01:05,52.0,37.34964804,-121.9365991,5970.393,2.1550000000000002,-0.7869999999999999,0.0,683.893,6.5569999999999995,1.001,9554586.912999999,1746719.8199999998
2024-10-23 17:01:06,52.0,37.34962757,-121.93660016000001,5972.752,2.4050000000000002,0.21800000000000003,0.0,684.164,15.395000000000001,1.283,9554588.459999999,1746722.122
2024-10-23 17:01:07,52.0,37.34960291,-121.93659557000001,5975.536,2.783,0.437,0.0,684.507,13.887,1.4209999999999998,9554589.86,1746724.8879999998
2024-10-23 17:01:08,52.0,37.34957909,-121.93659133999999,5978.223,2.7169999999999996,-0.06899999999999999,0.0,684.872,9.602,1.498,9554591.228999998,1746727.5629999998
2024-10-23 17:01:09,52.0,37.34955773,-121.93658334,5980.728,2.502,-0.24,0.0,685.23,10.722,1.277,9554592.126,1746729.952
2024-10-23 17:01:10,52.0,37.34953755,-121.93656441,5983.584000000001,2.872,0.35,0.0,685.519,19.401,1.2570000000000001,9554592.077,1746732.197
2024-10-23 17:01:11,52.0,37.34952224,-121.93653116,5987.037,3.53,0.727,0.0,685.909,17.747,1.811,9554590.549,1746733.875
2024-10-23 17:01:12,52.0,37.349513710000004,-121.93649894,5990.074,3.061,-0.462,0.0,686.3979999999999,8.233,1.9899999999999998,9554588.624,1746734.789
2024-10-23 17:01:13,52.0,37.349508650000004,-121.93647779,5992.067,1.951,-1.159,0.0,686.8050000000001,4.802,1.0390000000000001,9554587.319,1746735.3280000002
2024-10-23 17:01:14,52.0,37.349504769999996,-121.93646344999999,5993.4349999999995,1.333,-0.644,0.0,686.947,4.897,0.302,9554586.467,1746735.7440000002
2024-10-23 17:01:15,52.0,37.34949926,-121.93645219,5994.621,1.1949999999999998,-0.10200000000000001,0.0,687.005,4.8759999999999994,0.198,9554585.973000001,1746736.349
2024-10-23 17:01:16,52.0,37.34949314,-121.93644389,5995.642,1.0150000000000001,-0.187,0.0,687.054,4.111,0.187,9554585.757,1746737.0259999998
2024-10-23 17:01:17,52.0,37.34948718,-121.93643554999998,5996.659,1.0,-0.009999999999999998,0.0,687.101,4.362,0.182,9554585.524,1746737.6829999997
2024-10-23 17:01:18,52.0,37.349483559999996,-121.93642511,5997.693,0.992,-0.006999999999999999,0.0,687.146,4.381,0.192,9554584.962000001,1746738.077
2024-10-23 17:01:19,52.0,37.349483320000004,-121.93641368000002,5998.736,0.9630000000000001,-0.036,0.0,687.193,4.279,0.188,9554584.079,1746738.0890000002
2024-10-23 17:01:20,52.0,37.34948601,-121.93640241,5999.807,1.012,0.05,0.0,687.242,4.4590000000000005,0.193,9554583.0,1746737.77
2024-10-23 17:01:21,52.0,37.34948999,-121.93639189000001,6000.856,1.003,-0.003,0.0,687.2909999999999,4.224,0.21200000000000002,9554581.886,1746737.309
2024-10-23 17:01:22,52.0,37.34949431,-121.93638146999999,6001.921,1.016,0.016,0.0,687.341,4.442,0.177,9554580.757,1746736.8079999997
2024-10-23 17:01:23,52.0,37.34950005,-121.9363736,6002.924,0.974,-0.037,0.0,687.385,4.0600000000000005,0.18,9554579.726,1746736.15
2024-10-23 17:01:24,52.0,37.34950691,-121.93636799999999,6003.872,0.898,-0.09,0.0,687.428,4.05,0.16099999999999998,9554578.795,1746735.3739999998
2024-10-23 17:01:25,52.0,37.34951398,-121.93636179,6004.854,0.97,0.08299999999999999,0.0,687.472,4.253,0.197,9554577.802,1746734.5690000001
2024-10-23 17:01:26,52.0,37.349521270000004,-121.93635576,6005.849,0.9730000000000001,-0.003999999999999999,0.0,687.518,4.302,0.157,9554576.805,1746733.738
2024-10-23 17:01:27,52.0,37.34952907,-121.93635078,6006.854,0.978,0.009999999999999998,0.0,687.56,4.191,0.16899999999999998,9554575.856,1746732.8579999998
2024-10-23 17:01:28,52.0,37.34953657,-121.93634578999999,6007.82,0.93,-0.046,0.0,687.5989999999999,3.87,0.158,9554574.928,1746732.008
2024-10-23 17:01:29,52.0,37.349543749999995,-121.93634076999999,6008.755999999999,0.944,0.014000000000000002,0.0,687.638,4.167,0.157,9554574.017,1746731.19
2024-10-23 17:01:30,52.0,37.34955087,-121.93633575999999,6009.689,0.914,-0.032,0.0,687.678,4.008,0.157,9554573.115,1746730.3879999998
2024-10-23 17:01:31,52.0,37.349557780000005,-121.93632973999999,6010.662,0.9359999999999999,0.018,0.0,687.722,4.197,0.195,9554572.147,1746729.6
2024-10-23 17:01:32,52.0,37.349564709999996,-121.93632290000001,6011.664,0.966,0.026000000000000002,0.0,687.767,4.287,0.16699999999999998,9554571.114,1746728.8129999998
2024-10-23 17:01:33,52.0,37.34957167,-121.93631614,6012.664,0.978,0.012,0.0,687.81,4.163,0.16999999999999998,9554570.083,1746728.019
2024-10-23 17:01:34,52.0,37.349578429999994,-121.93630969,6013.6269999999995,0.9470000000000001,-0.025,0.0,687.851,3.9869999999999997,0.162,9554569.09,1746727.2510000002
2024-10-23 17:01:35,52.0,37.34958545,-121.93630350000001,6014.61,0.9720000000000001,0.028000000000000004,0.0,687.893,4.371,0.17,9554568.103,1746726.45
2024-10-23 17:01:36,52.0,37.34959288,-121.93629768000001,6015.622,0.9949999999999999,0.022,0.0,687.9390000000001,4.509,0.18,9554567.114,1746725.607
2024-10-23 17:01:37,52.0,37.3496012,-121.93629366,6016.64,0.998,0.005000000000000001,0.0,687.979,4.378,0.164,9554566.204,1746724.668
2024-10-23 17:01:38,52.0,37.34961019,-121.93629141,6017.686,1.0310000000000001,0.024,0.0,688.021,4.6530000000000005,0.161,9554565.382,1746723.6530000002
2024-10-23 17:01:39,52.0,37.34961948,-121.93628958,6018.747,1.0610000000000002,0.034,0.0,688.0640000000001,4.5329999999999995,0.191,9554564.575,1746722.605
2024-10-23 17:01:40,52.0,37.34962946,-121.93628874000001,6019.88,1.1030000000000002,0.015000000000000003,0.0,688.146,5.811999999999999,0.636,9554563.794,1746721.4830000002
2024-10-23 17:01:41,52.0,37.34964195,-121.93628787,6021.294,1.47,0.4,0.0,688.289,6.776000000000001,0.309,9554562.834,1746720.077
2024-10-23 17:01:42,52.0,37.34965254,-121.93628755,6022.513,1.267,-0.205,0.0,688.351,4.832,0.2,9554562.053,1746718.886
2024-10-23 17:01:43,52.0,37.34966224,-121.93628513000002,6023.628,1.143,-0.131,0.0,688.395,4.832,0.16999999999999998,9554561.169,1746717.791
2024-10-23 17:01:44,52.0,37.349671820000005,-121.93628108,6024.764,1.115,-0.016999999999999998,0.0,688.4399999999999,4.7780000000000005,0.182,9554560.164,1746716.7059999998
2024-10-23 17:01:45,52.0,37.34968088,-121.93627782000002,6025.825,1.108,-0.008,0.0,688.485,4.821,0.159,9554559.261,1746715.685
2024-10-23 17:01:46,52.0,37.349689739999995,-121.93627545,6026.846,1.106,0.0019999999999999996,0.0,688.525,4.766,0.185,9554558.442,1746714.685
2024-10-23 17:01:47,52.0,37.34969916,-121.93627280000001,6027.938,1.084,-0.026000000000000002,0.0,688.5690000000001,4.705,0.166,9554557.559999999,1746713.622
2024-10-23 17:01:48,52.0,37.34970876,-121.93626991,6029.0470000000005,1.0850000000000002,0.004000000000000001,0.0,688.615,4.759,0.199,9554556.645,1746712.539
2024-10-23 17:01:49,52.0,37.34971831,-121.93626684,6030.154,1.0930000000000002,0.004,0.0,688.665,4.801,0.178,9554555.721,1746711.4600000002
2024-10-23 17:01:50,52.0,37.34972749,-121.93626320999999,6031.233,1.0870000000000002,-0.006,0.0,688.7070000000001,4.754,0.157,9554554.779,1746710.423
2024-10-23 17:01:51,52.0,37.349736560000004,-121.93625850000001,6032.337,1.116,0.031,0.0,688.745,4.899,0.162,9554553.761,1746709.3969999999
2024-10-23 17:01:52,52.0,37.34974555,-121.93625371,6033.438,1.104,-0.013000000000000001,0.0,688.789,4.84,0.181,9554552.742,1746708.379
2024-10-23 17:01:53,52.0,37.34975516,-121.93624962999999,6034.58,1.123,0.017,0.0,688.8340000000001,4.918,0.18,9554551.733,1746707.2920000001
2024-10-23 17:01:54,52.0,37.34976477,-121.93624627,6035.7029999999995,1.104,-0.017,0.0,688.881,4.681,0.196,9554550.783,1746706.207
2024-10-23 17:01:55,52.0,37.34977426,-121.93624276999999,6036.813,1.086,-0.024,0.0,688.928,4.7,0.175,9554549.827,1746705.1350000002
2024-10-23 17:01:56,52.0,37.34978385,-121.93623914,6037.945,1.0930000000000002,0.01,0.0,688.97,4.827,0.17,9554548.856999999,1746704.05
2024-10-23 17:01:57,52.0,37.34979354,-121.93623518,6039.088,1.107,0.017,0.0,689.013,4.772,0.162,9554547.851,1746702.9559999998
2024-10-23 17:01:58,52.0,37.34980438,-121.93623041000001,6040.377,1.282,0.15,0.0,689.0600000000001,7.199,0.242,9554546.702,1746701.731
2024-10-23 17:01:59,52.0,37.34981438,-121.93622552,6041.6050000000005,1.233,-0.015000000000000003,0.0,689.133,4.575,0.33999999999999997,9554545.604,1746700.599
2024-10-23 17:02:00,52.0,37.34982327,-121.93622177,6042.695,1.058,-0.177,0.0,689.214,4.089,0.358,9554544.673,1746699.594
2024-10-23 17:02:01,52.0,37.34983082,-121.93621513999999,6043.735,1.059,-0.030999999999999993,0.0,689.328,6.017,0.393,9554543.61,1746698.736
2024-10-23 17:02:02,52.0,37.34984079,-121.93620847,6045.001,1.254,0.236,0.0,689.395,5.397,0.22400000000000003,9554542.372,1746697.6039999998
2024-10-23 17:02:03,52.0,37.34985091,-121.93620349,6046.227000000001,1.1969999999999998,-0.073,0.0,689.4449999999999,5.029999999999999,0.175,9554541.258,1746696.459
2024-10-23 17:02:04,52.0,37.34986055,-121.93619808000001,6047.41,1.153,-0.049,0.0,689.487,4.968999999999999,0.181,9554540.142,1746695.368
2024-10-23 17:02:05,52.0,37.34986962,-121.93619235000001,6048.551,1.1199999999999999,-0.031,0.0,689.533,4.769,0.181,9554539.041,1746694.341
2024-10-23 17:02:06,52.0,37.3498783,-121.93618609,6049.68,1.102,-0.016999999999999998,0.0,689.575,4.759,0.16999999999999998,9554537.93,1746693.357
2024-10-23 17:02:07,52.0,37.34988694,-121.93617945999999,6050.822,1.126,0.028999999999999998,0.0,689.6229999999999,4.909000000000001,0.202,9554536.791,1746692.375
2024-10-23 17:02:08,52.0,37.34989618,-121.93617377000001,6051.981,1.137,0.009000000000000001,0.0,689.674,5.089,0.196,9554535.68,1746691.3280000002
2024-10-23 17:02:09,52.0,37.34990565,-121.93616822999999,6053.155000000001,1.17,0.039,0.0,689.72,5.077,0.182,9554534.568,1746690.257
2024-10-23 17:02:10,52.0,37.3499147,-121.93616218,6054.311,1.136,-0.039,0.0,689.771,4.8740000000000006,0.20800000000000002,9554533.445,1746689.23
2024-10-23 17:02:11,52.0,37.34992332,-121.93615598,6055.43,1.101,-0.041,0.0,689.817,4.819,0.16799999999999998,9554532.341,1746688.2519999999
2024-10-23 17:02:12,52.0,37.34993214,-121.93614995,6056.558999999999,1.1190000000000002,0.020999999999999998,0.0,689.857,4.840999999999999,0.164,9554531.235,1746687.2510000002
2024-10-23 17:02:13,52.0,37.34994059,-121.93614409,6057.647,1.086,-0.032,0.0,689.9,4.581,0.173,9554530.17,1746686.295
2024-10-23 17:02:14,52.0,37.34994871,-121.93613809000001,6058.716,1.0390000000000001,-0.053000000000000005,0.0,689.941,4.504,0.154,9554529.117,1746685.3739999998
2024-10-23 17:02:15,52.0,37.349957110000005,-121.93613195,6059.817,1.078,0.044,0.0,689.985,4.808,0.172,9554528.033,1746684.4190000002
2024-10-23 17:02:16,52.0,37.34996591,-121.93612659,6060.919,1.075,-0.0020000000000000005,0.0,690.024,4.629,0.157,9554526.982,1746683.4219999998
2024-10-23 17:02:17,52.0,37.34997465,-121.93612118000001,6062.016,1.0770000000000002,0.002,0.0,690.06,4.684,0.149,9554525.932,1746682.432
2024-10-23 17:02:18,52.0,37.34998296,-121.93611524999999,6063.099,1.062,-0.014000000000000002,0.0,690.1030000000001,4.487,0.193,9554524.871,1746681.4899999998
2024-10-23 17:02:19,52.0,37.34999087,-121.93610897,6064.159000000001,1.035,-0.031,0.0,690.1479999999999,4.559,0.153,9554523.811,1746680.5929999999
2024-10-23 17:02:20,52.0,37.34999891,-121.93610226000001,6065.255999999999,1.0690000000000002,0.036000000000000004,0.0,690.1890000000001,4.766,0.185,9554522.709,1746679.679
2024-10-23 17:02:21,52.0,37.35000708,-121.93609547999999,6066.36,1.0610000000000002,-0.006,0.0,690.237,4.555,0.183,9554521.59,1746678.7490000003
2024-10-23 17:02:22,52.0,37.350014699999996,-121.93608855,6067.426,1.027,-0.04,0.0,690.284,4.396,0.2,9554520.499,1746677.8850000002
2024-10-23 17:02:23,52.0,37.35002212,-121.93608208,6068.447,0.984,-0.049,0.0,690.3320000000001,4.24,0.179,9554519.461,1746677.0420000001
2024-10-23 17:02:24,52.0,37.35002986,-121.93607568,6069.500999999999,1.0290000000000001,0.046,0.0,690.375,4.584,0.178,9554518.405,1746676.159
2024-10-23 17:02:25,52.0,37.35003724,-121.93606869,6070.5470000000005,1.016,-0.001999999999999999,0.0,690.4179999999999,4.252000000000001,0.16599999999999998,9554517.326000001,1746675.321
2024-10-23 17:02:26,52.0,37.35004418,-121.93606105,6071.599,1.033,0.016,0.0,690.4620000000001,4.587999999999999,0.18,9554516.227,1746674.527
2024-10-23 17:02:27,52.0,37.35005084,-121.93605282000001,6072.66,1.044,0.013000000000000001,0.0,690.506,4.618,0.16999999999999998,9554515.105,1746673.77
2024-10-23 17:02:28,52.0,37.35005623,-121.93604303,6073.745,1.044,-0.003,0.0,690.55,4.671,0.19,9554513.947,1746673.15
2024-10-23 17:02:29,52.0,37.350061239999995,-121.93603239,6074.858,1.085,0.039,0.0,690.596,4.854,0.182,9554512.751,1746672.573
2024-10-23 17:02:30,52.0,37.350066299999995,-121.93602198,6075.956,1.056,-0.026000000000000002,0.0,690.641,4.399,0.17,9554511.568,1746671.9870000002
2024-10-23 17:02:31,52.0,37.350071279999995,-121.93601243999998,6076.983,1.016,-0.051000000000000004,0.0,690.6850000000001,4.417,0.176,9554510.462000001,1746671.416
2024-10-23 17:02:32,52.0,37.350076539999996,-121.93600351,6077.9800000000005,0.991,-0.021,0.0,690.729,4.148,0.187,9554509.382,1746670.811
2024-10-23 17:02:33,52.0,37.35008176,-121.93599549000001,6078.925,0.922,-0.06799999999999999,0.0,690.7719999999999,3.8259999999999996,0.16499999999999998,9554508.378,1746670.2140000002
2024-10-23 17:02:34,52.0,37.35008636,-121.93598747000001,6079.829,0.881,-0.043000000000000003,0.0,690.812,3.761,0.156,9554507.418000001,1746669.684
2024-10-23 17:02:35,52.0,37.350090089999995,-121.93597938999999,6080.693,0.843,-0.028000000000000004,0.0,690.8530000000001,3.566,0.181,9554506.515999999,1746669.254
2024-10-23 17:02:36,52.0,37.35009121,-121.93597254000001,6081.424,0.727,-0.11100000000000002,0.0,690.894,2.945,0.137,9554505.895,1746669.1199999999
2024-10-23 17:02:37,52.0,37.350087710000004,-121.93597283,6081.957,0.39899999999999997,-0.332,0.0,690.9309999999999,1.484,0.165,9554506.169,1746669.512
2024-10-23 17:02:38,52.0,37.35008621,-121.93597627,6082.349,0.369,-0.056999999999999995,0.0,690.971,1.725,0.15,9554506.547,1746669.6870000002
2024-10-23 17:02:39,52.0,37.35008397,-121.93598096999999,6082.939,0.562,0.219,0.0,691.006,2.6,0.15,9554507.076000001,1746669.946
2024-10-23 17:02:40,52.0,37.350082650000004,-121.93598617,6083.514,0.5509999999999999,-0.019,0.0,691.037,2.321,0.076,9554507.581,1746670.1
2024-10-23 17:02:41,52.0,37.350081720000006,-121.93598709999999,6083.68,0.143,-0.41600000000000004,0.0,691.05,0.466,0.041,9554507.720999999,1746670.2059999998
2024-10-23 17:02:42,52.0,37.35008159,-121.93598617,6083.68,0.01,-0.13999999999999999,0.0,691.06,0.051000000000000004,0.043,9554507.656,1746670.22
2024-10-23 17:02:43,52.0,37.350079750000006,-121.93598689000001,6083.68,0.0,0.006,0.0,691.072,0.003,0.047,9554507.845,1746670.427
2024-10-23 17:02:44,52.0,37.3500804,-121.93598645,6083.68,0.0,0.0,0.0,691.0820000000001,0.0,0.032,9554507.763,1746670.355
2024-10-23 17:02:45,52.0,37.350080760000004,-121.93598598999999,6083.68,0.0,0.0,0.0,691.09,0.0,0.034999999999999996,9554507.701000001,1746670.316
2024-10-23 17:02:46,52.0,37.35007954,-121.93598726999998,6083.721,0.022,0.011000000000000001,0.0,691.1030000000001,0.10200000000000001,0.079,9554507.889999999,1746670.454
2024-10-23 17:02:47,52.0,37.35008012,-121.93598564999999,6083.919,0.203,0.20099999999999998,0.0,691.12,0.8720000000000001,0.05600000000000001,9554507.72,1746670.383
2024-10-23 17:02:48,52.0,37.35008194,-121.93598649,6083.94,0.024,-0.192,0.0,691.133,0.10800000000000001,0.05800000000000001,9554507.656,1746670.1809999999
2024-10-23 17:02:49,52.0,37.35008414,-121.93598432000002,6083.976,0.034,-0.006,0.0,691.15,0.164,0.083,9554507.328,1746669.9309999999
2024-10-23 17:02:50,52.0,37.35008581,-121.93598473,6084.1,0.182,0.178,0.0,691.169,0.78,0.05700000000000001,9554507.241,1746669.743
2024-10-23 17:02:51,52.0,37.35008648,-121.93598262,6084.108,0.026000000000000002,-0.174,0.0,691.184,0.11699999999999999,0.06000000000000001,9554507.028,1746669.664
2024-10-23 17:02:52,52.0,37.35008623,-121.93598442,6084.281000000001,0.147,0.13999999999999999,0.0,691.195,0.647,0.042,9554507.186,1746669.697
2024-10-23 17:02:53,52.0,37.350086450000006,-121.93598539,6084.31,0.034999999999999996,-0.123,0.0,691.21,0.16499999999999998,0.091,9554507.246000001,1746669.673
2024-10-23 17:02:54,52.0,37.35008758,-121.93598462,6084.517,0.158,0.11699999999999999,0.0,691.229,0.712,0.05,9554507.108,1746669.545
2024-10-23 17:02:55,52.0,37.35008884,-121.93598495,6084.61,0.08199999999999999,-0.06699999999999999,0.0,691.241,0.34500000000000003,0.046,9554507.044,1746669.402
2024-10-23 17:02:56,52.0,37.35008934,-121.9359862,6084.619,0.013000000000000001,-0.086,0.0,691.251,0.06,0.041999999999999996,9554507.106,1746669.3460000001
2024-10-23 17:02:57,52.0,37.35008896,-121.93598408,6084.789999999999,0.184,0.196,0.0,691.26,0.8019999999999999,0.028999999999999998,9554506.966,1746669.3879999998
2024-10-23 17:02:58,52.0,37.35008914,-121.93598417999999,6084.82,0.028000000000000004,-0.16399999999999998,0.0,691.268,0.133,0.04,9554506.962000001,1746669.3699999999
2024-10-23 17:02:59,52.0,37.35008998,-121.93598574,6084.82,0.002,-0.034999999999999996,0.0,691.279,0.011,0.033999999999999996,9554507.025,1746669.273
2024-10-23 17:03:00,52.0,37.3500894,-121.93598395,6084.889,0.071,0.046,0.0,691.292,0.384,0.082,9554506.923999999,1746669.3399999999
2024-10-23 17:03:01,52.0,37.35008946,-121.93598039999999,6085.231,0.337,0.286,0.0,691.316,1.591,0.11399999999999999,9554506.639,1746669.327
2024-10-23 17:03:02,52.0,37.35008987,-121.93597511,6085.829,0.549,0.223,0.0,691.345,2.505,0.10800000000000001,9554506.193,1746669.2740000002
2024-10-23 17:03:03,52.0,37.350092860000004,-121.93597012000001,6086.427000000001,0.561,0.003999999999999999,0.0,691.37,2.565,0.099,9554505.587000001,1746668.9309999999
2024-10-23 17:03:04,52.0,37.35009615,-121.93596772000001,6086.929,0.44800000000000006,-0.10200000000000001,0.0,691.395,1.7289999999999999,0.092,9554505.162999999,1746668.5550000002
2024-10-23 17:03:05,52.0,37.35009771,-121.93596335,6087.389,0.442,-0.011000000000000001,0.0,691.415,1.984,0.05500000000000001,9554504.706,1746668.3769999999
2024-10-23 17:03:06,52.0,37.350100299999994,-121.93596102,6087.59,0.164,-0.27799999999999997,0.0,691.4259999999999,0.611,0.07,9554504.338,1746668.082
2024-10-23 17:03:07,52.0,37.35010272,-121.93595673,6087.924,0.335,0.16299999999999998,0.0,691.4480000000001,1.6989999999999998,0.089,9554503.828,1746667.802
2024-10-23 17:03:08,52.0,37.350106260000004,-121.93595632000002,6088.413,0.44400000000000006,0.121,0.0,691.472,1.9940000000000002,0.11000000000000001,9554503.542,1746667.4039999999
2024-10-23 17:03:09,52.0,37.35010855,-121.93595511000001,6088.89,0.425,-0.019999999999999997,0.0,691.4970000000001,1.736,0.081,9554503.284,1746667.1469999999
2024-10-23 17:03:10,52.0,37.350108230000004,-121.93595805,6089.12,0.221,-0.223,0.0,691.515,0.925,0.07,9554503.537,1746667.186
2024-10-23 17:03:11,52.0,37.35010765,-121.93595591,6089.36,0.20800000000000002,-0.023999999999999994,0.0,691.535,1.0699999999999998,0.126,9554503.409,1746667.2480000001
2024-10-23 17:03:12,52.0,37.350109020000005,-121.93595357,6089.57,0.21800000000000003,0.047,0.0,691.566,0.836,0.068,9554503.128,1746667.091
2024-10-23 17:03:13,52.0,37.35011054,-121.93595257,6089.57,0.022,-0.22200000000000003,0.0,691.577,0.10900000000000001,0.03,9554502.939,1746666.918
2024-10-23 17:03:14,52.0,37.35011222,-121.93595117,6089.57,0.0,-0.015,0.0,691.583,0.006,0.033999999999999996,9554502.711,1746666.7280000001
2024-10-23 17:03:15,52.0,37.350113629999996,-121.93595061,6089.57,0.0,0.0,0.0,691.596,0.0,0.068,9554502.567,1746666.5670000003
2024-10-23 17:03:16,52.0,37.3501142,-121.93595103,6089.572,0.038,0.037,0.0,691.615,0.159,0.076,9554502.557,1746666.503
2024-10-23 17:03:17,52.0,37.350113730000004,-121.93595024999999,6089.59,0.064,0.034999999999999996,0.0,691.633,0.282,0.067,9554502.532,1746666.557
2024-10-23 17:03:18,52.0,37.35011377,-121.93594949999999,6089.59,0.001,-0.068,0.0,691.6479999999999,0.019,0.047,9554502.469,1746666.553
2024-10-23 17:03:19,52.0,37.35011362,-121.93594786999999,6089.59,0.0,-0.002,0.0,691.662,0.0,0.062,9554502.351,1746666.568
2024-10-23 17:03:20,52.0,37.35011298,-121.93594600000002,6089.59,0.0,0.0,0.0,691.675,0.0,0.045,9554502.251,1746666.633
2024-10-23 17:03:21,52.0,37.350112769999996,-121.93594774,6089.655000000001,0.067,0.052000000000000005,0.0,691.703,0.309,0.22200000000000003,9554502.401999999,1746666.663
2024-10-23 17:03:22,52.0,37.3501135,-121.93594837,6089.862999999999,0.182,0.135,0.0,691.759,0.8,0.20099999999999998,9554502.398,1746666.58
2024-10-23 17:03:23,52.0,37.35011428,-121.93594751999998,6090.067,0.20600000000000002,0.024,0.0,691.8019999999999,0.8959999999999999,0.11399999999999999,9554502.274,1746666.4899999998
2024-10-23 17:03:24,52.0,37.35011478,-121.93594751999998,6090.17,0.12,-0.087,0.0,691.833,0.501,0.139,9554502.238,1746666.4329999997
2024-10-23 17:03:25,52.0,37.35011353,-121.93594771999999,6090.38,0.10800000000000001,-0.004999999999999999,0.0,691.868,0.485,0.14300000000000002,9554502.347,1746666.575
2024-10-23 17:03:26,52.0,37.35011394,-121.93594691000001,6090.651,0.195,0.092,0.0,691.899,0.8539999999999999,0.091,9554502.253,1746666.5289999999
2024-10-23 17:03:27,52.0,37.35011201,-121.93594622999998,6090.74,0.052000000000000005,-0.156,0.0,691.9159999999999,0.23199999999999998,0.047,9554502.338,1746666.7449999999
2024-10-23 17:03:28,52.0,37.35011158,-121.93594627,6090.74,0.003,-0.052000000000000005,0.0,691.924,0.016,0.034,9554502.372,1746666.7920000001
2024-10-23 17:03:29,52.0,37.35011128,-121.93594608000001,6090.74,0.0,0.0,0.0,691.93,0.0,0.022,9554502.379999999,1746666.822
2024-10-23 17:03:30,52.0,37.35011121,-121.93594617000001,6090.74,0.0,0.0,0.0,691.938,0.0,0.033,9554502.39,1746666.8350000002
2024-10-23 17:03:31,52.0,37.35011237,-121.93594560000001,6090.74,0.0,0.0,0.0,691.945,0.0,0.027999999999999997,9554502.26,1746666.7030000002
2024-10-23 17:03:32,52.0,37.3501122,-121.93594499000001,6090.74,0.0,0.0,0.0,691.951,0.0,0.027000000000000003,9554502.224,1746666.7219999998
2024-10-23 17:03:33,52.0,37.35011067,-121.93594607,6090.74,0.0,0.0,0.0,691.96,0.0,0.025,9554502.421,1746666.895
2024-10-23 17:03:34,52.0,37.350110210000004,-121.93594621,6090.74,0.0,0.0,0.0,691.965,0.0,0.027000000000000003,9554502.461000001,1746666.9489999998
2024-10-23 17:03:35,52.0,37.350110459999996,-121.93594604,6090.74,0.0,0.0,0.0,691.97,0.0,0.020999999999999998,9554502.434,1746666.918
2024-10-23 17:03:36,52.0,37.35011157,-121.93594579,6090.794,0.044000000000000004,0.023,0.0,691.984,0.24699999999999997,0.11599999999999999,9554502.333,1746666.793
2024-10-23 17:03:37,52.0,37.35011486,-121.93594546,6091.120000000001,0.363,0.366,0.0,692.016,1.611,0.072,9554502.074,1746666.4219999998
2024-10-23 17:03:38,52.0,37.35011477,-121.93594487,6091.171,0.044,-0.356,0.0,692.028,0.20299999999999999,0.06999999999999999,9554502.034,1746666.434
2024-10-23 17:03:39,52.0,37.35011255,-121.93594619000001,6091.469,0.282,0.248,0.0,692.0469999999999,1.293,0.05600000000000001,9554502.295,1746666.684
2024-10-23 17:03:40,52.0,37.35011299,-121.93594785999998,6091.664,0.164,-0.143,0.0,692.067,0.8469999999999999,0.137,9554502.395,1746666.6350000002
2024-10-23 17:03:41,52.0,37.35011518,-121.93594908999998,6091.88,0.281,0.152,0.0,692.097,1.131,0.059,9554502.334,1746666.3919999998
2024-10-23 17:03:42,52.0,37.35011473,-121.9359488,6091.88,0.012,-0.29,0.0,692.11,0.061,0.077,9554502.344,1746666.441
2024-10-23 17:03:43,52.0,37.35011192,-121.93594825,6091.88,0.0,-0.003,0.0,692.1279999999999,0.004,0.043,9554502.502,1746666.7580000001
2024-10-23 17:03:44,52.0,37.35011092,-121.93594805999999,6091.88,0.0,0.002,0.0,692.135,0.0,0.022,9554502.557,1746666.868
2024-10-23 17:03:45,52.0,37.3501109,-121.93594823999999,6091.88,0.0,0.0,0.0,692.14,0.0,0.015,9554502.574000001,1746666.8699999999
2024-10-23 17:03:46,52.0,37.350112159999995,-121.93594995000001,6091.88,0.0,0.0,0.0,692.1469999999999,0.0,0.045,9554502.620000001,1746666.7329999998
2024-10-23 17:03:47,52.0,37.35011321,-121.93595533,6092.103,0.258,0.22999999999999998,0.0,692.165,1.595,0.094,9554502.967,1746666.6230000001
2024-10-23 17:03:48,52.0,37.35011302,-121.9359582,6092.34,0.23700000000000002,0.03200000000000001,0.0,692.183,0.783,0.05600000000000001,9554503.208,1746666.648
2024-10-23 17:03:49,52.0,37.3501128,-121.93595766000001,6092.34,0.016,-0.266,0.0,692.1990000000001,0.06899999999999999,0.07200000000000001,9554503.18,1746666.67
2024-10-23 17:03:50,52.0,37.35011245,-121.93595703000001,6092.359,0.021,0.022,0.0,692.22,0.088,0.081,9554503.156,1746666.709
2024-10-23 17:03:51,52.0,37.35011157,-121.93595356,6092.817,0.284,0.28600000000000003,0.0,692.241,1.376,0.093,9554502.945,1746666.804
2024-10-23 17:03:52,52.0,37.35011077,-121.93595257,6093.081,0.096,-0.211,0.0,692.262,0.40599999999999997,0.072,9554502.924,1746666.893
2024-10-23 17:03:53,52.0,37.350110750000006,-121.93595004000001,6093.239,0.131,0.022999999999999996,0.0,692.279,0.569,0.07,9554502.727,1746666.891
2024-10-23 17:03:54,52.0,37.35011149,-121.93595267,6093.451999999999,0.28500000000000003,0.16299999999999998,0.0,692.298,1.297,0.074,9554502.881000001,1746666.811
2024-10-23 17:03:55,52.0,37.35011115,-121.93595398,6093.639,0.122,-0.17099999999999999,0.0,692.317,0.554,0.098,9554503.008,1746666.85
2024-10-23 17:03:56,52.0,37.35010593,-121.93595513,6094.341,0.614,0.483,0.0,692.3489999999999,3.687,0.16299999999999998,9554503.471,1746667.4420000003
2024-10-23 17:03:57,52.0,37.35009793,-121.93596072,6095.377,1.042,0.46799999999999997,0.0,692.393,5.072,0.17099999999999999,9554504.483,1746668.348
2024-10-23 17:03:58,52.0,37.35008919,-121.93596711,6096.521,1.126,0.068,0.0,692.437,5.139,0.205,9554505.61,1746669.3390000002
2024-10-23 17:03:59,52.0,37.350080000000005,-121.93597326,6097.697,1.177,0.06,0.0,692.49,4.936,0.202,9554506.751,1746670.3809999998
2024-10-23 17:04:00,52.0,37.35006988,-121.93597863,6098.9349999999995,1.233,0.045000000000000005,0.0,692.54,6.054,0.186,9554507.9,1746671.527
2024-10-23 17:04:01,52.0,37.35005846,-121.93598191000001,6100.251,1.3190000000000002,0.1,0.0,692.586,5.5920000000000005,0.182,9554508.974,1746672.814
2024-10-23 17:04:02,52.0,37.35004769,-121.93598442,6101.4800000000005,1.225,-0.10700000000000001,0.0,692.629,5.127,0.171,9554509.941,1746674.03
2024-10-23 17:04:03,52.0,37.35003656,-121.93598729,6102.75,1.2810000000000001,0.051000000000000004,0.0,692.6719999999999,5.997,0.164,9554510.961,1746675.2850000001
2024-10-23 17:04:04,52.0,37.35002545,-121.9359896,6104.008,1.267,-0.0040000000000000036,0.0,692.715,5.141,0.183,9554511.938,1746676.538
2024-10-23 17:04:05,52.0,37.35001476,-121.9359911,6105.212,1.217,-0.06,0.0,692.762,5.316,0.19,9554512.82,1746677.743
2024-10-23 17:04:06,52.0,37.35000491,-121.93599202,6106.322,1.142,-0.075,0.0,692.812,4.837,0.201,9554513.596,1746678.852
2024-10-23 17:04:07,52.0,37.34999436,-121.93599162999999,6107.503,1.223,0.089,0.0,692.86,5.443,0.20400000000000001,9554514.319,1746680.037
2024-10-23 17:04:08,52.0,37.3499839,-121.93598961000001,6108.689,1.239,0.019,0.0,692.912,5.5009999999999994,0.189,9554514.907,1746681.211
2024-10-23 17:04:09,52.0,37.34997328,-121.93598784000001,6109.8910000000005,1.215,-0.026000000000000002,0.0,692.9570000000001,5.181,0.187,9554515.526,1746682.4030000002
2024-10-23 17:04:10,52.0,37.349963,-121.93598632999999,6111.052,1.172,-0.048,0.0,693.005,4.982,0.193,9554516.143000001,1746683.5559999999
2024-10-23 17:04:11,52.0,37.34995302,-121.93598478999999,6112.187,1.1400000000000001,-0.031,0.0,693.0509999999999,4.865,0.16899999999999998,9554516.731999999,1746684.677
2024-10-23 17:04:12,52.0,37.3499425,-121.93598272,6113.386,1.2029999999999998,0.062,0.0,693.094,5.578,0.181,9554517.325,1746685.855
2024-10-23 17:04:13,52.0,37.34993188,-121.93597978,6114.614,1.246,0.05,0.0,693.1389999999999,5.375,0.181,9554517.851,1746687.0469999998
2024-10-23 17:04:14,52.0,37.349921189999996,-121.93597655,6115.852000000001,1.246,-0.007000000000000001,0.0,693.1859999999999,5.566,0.188,9554518.359000001,1746688.2449999999
2024-10-23 17:04:15,52.0,37.34990979,-121.93597315,6117.1630000000005,1.324,0.082,0.0,693.234,5.949,0.198,9554518.907000002,1746689.523
2024-10-23 17:04:16,52.0,37.34989851,-121.93597006,6118.454,1.3030000000000002,-0.019,0.0,693.284,5.556,0.181,9554519.469,1746690.7859999998
2024-10-23 17:04:17,52.0,37.34988781,-121.93596829,6119.67,1.223,-0.086,0.0,693.329,5.082,0.19,9554520.094,1746691.9870000002
2024-10-23 17:04:18,52.0,37.3498774,-121.93596611000001,6120.853,1.19,-0.033,0.0,693.38,5.125,0.207,9554520.666,1746693.156
2024-10-23 17:04:19,52.0,37.34986755,-121.93596294,6121.993,1.146,-0.045,0.0,693.4269999999999,4.868,0.182,9554521.121000001,1746694.258
2024-10-23 17:04:20,52.0,37.34985809,-121.93595884999999,6123.116,1.1469999999999998,0.002,0.0,693.471,5.056,0.16699999999999998,9554521.475,1746695.318
2024-10-23 17:04:21,52.0,37.349848980000004,-121.93595468999999,6124.206,1.127,-0.017,0.0,693.513,4.708,0.176,9554521.799,1746696.337
2024-10-23 17:04:22,52.0,37.349840549999996,-121.93595086,6125.223,1.043,-0.087,0.0,693.559,4.311999999999999,0.16699999999999998,9554522.099000001,1746697.28
2024-10-23 17:04:23,52.0,37.34983302,-121.93594794999998,6126.126,0.917,-0.12,0.0,693.5989999999999,3.657,0.157,9554522.409,1746698.121
2024-10-23 17:04:24,52.0,37.349825599999996,-121.93594619999999,6126.991,0.8469999999999999,-0.075,0.0,693.634,3.687,0.136,9554522.8,1746698.9530000002
2024-10-23 17:04:25,52.0,37.34981815,-121.93594507,6127.861,0.852,0.008,0.0,693.667,3.728,0.127,9554523.242,1746699.788
2024-10-23 17:04:26,52.0,37.34981099,-121.93594408999999,6128.7,0.8140000000000001,-0.038,0.0,693.6990000000001,3.461,0.127,9554523.677,1746700.5929999999
2024-10-23 17:04:27,52.0,37.34980474,-121.93594239,6129.473,0.763,-0.046,0.0,693.73,3.1350000000000002,0.11399999999999999,9554523.99,1746701.2940000002
2024-10-23 17:04:28,52.0,37.3497986,-121.93594183,6130.205,0.726,-0.047,0.0,693.757,3.2730000000000006,0.11000000000000001,9554524.385,1746701.984
2024-10-23 17:04:29,52.0,37.3497922,-121.93594119,6130.968,0.736,0.017,0.0,693.786,3.159,0.11499999999999999,9554524.792,1746702.7030000002
2024-10-23 17:04:30,52.0,37.34978676,-121.93594041000001,6131.669,0.648,-0.085,0.0,693.8149999999999,2.581,0.11000000000000001,9554525.120000001,1746703.314
2024-10-23 17:04:31,52.0,37.34978383,-121.93593836,6132.16,0.44400000000000006,-0.217,0.0,693.839,1.811,0.076,9554525.169,1746703.64
2024-10-23 17:04:32,52.0,37.349781539999995,-121.93593782999999,6132.406,0.158,-0.278,0.0,693.855,0.583,0.064,9554525.289,1746703.8960000002
2024-10-23 17:04:33,52.0,37.34977894,-121.93593587999999,6132.42,0.011,-0.158,0.0,693.87,0.061,0.05600000000000001,9554525.321,1746704.1879999998
2024-10-23 17:04:34,52.0,37.349777769999996,-121.93593358000001,6132.42,0.0,-0.003,0.0,693.88,0.004,0.027999999999999997,9554525.224000001,1746704.3129999998
2024-10-23 17:04:35,52.0,37.34977886,-121.93593456,6132.42,0.0,0.0,0.0,693.887,0.0,0.027000000000000003,9554525.224000001,1746704.193
2024-10-23 17:04:36,52.0,37.34977839,-121.93593471,6132.42,0.0,0.0,0.0,693.893,0.0,0.027999999999999997,9554525.269,1746704.2480000001
2024-10-23 17:04:37,52.0,37.34977627,-121.93593346,6132.42,0.0,0.0,0.0,693.9,0.0,0.02,9554525.32,1746704.482
2024-10-23 17:04:38,52.0,37.3497768,-121.93593430000001,6132.42,0.0,0.0,0.0,693.906,0.0,0.028999999999999998,9554525.351,1746704.4259999997
2024-10-23 17:04:39,52.0,37.34977683,-121.93593386,6132.42,0.052000000000000005,0.046,0.0,693.9159999999999,0.231,0.033,9554525.314,1746704.421
2024-10-23 17:04:40,52.0,37.34977593,-121.9359328,6132.42,0.09,0.051000000000000004,0.0,693.92,0.391,0.007000000000000001,9554525.293000001,1746704.5219999999
2024-10-23 17:04:41,52.0,37.34977515,-121.93593258000001,6132.42,0.004,-0.099,0.0,693.923,0.022,0.012,9554525.331999999,1746704.609
2024-10-23 17:04:42,52.0,37.3497745,-121.93593272999999,6132.42,0.0,-0.002,0.0,693.93,0.0,0.01,9554525.390999999,1746704.682
2024-10-23 17:04:43,52.0,37.349773649999996,-121.93593329000001,6132.42,0.0,0.0,0.0,693.9309999999999,0.0,0.023,9554525.496000001,1746704.7780000002
2024-10-23 17:04:44,52.0,37.34977381,-121.93593634999999,6132.42,0.0,0.0,0.0,693.94,0.0,0.027000000000000003,9554525.725,1746704.764
2024-10-23 17:04:45,52.0,37.34977346,-121.93593719999998,6132.42,0.0,0.0,0.0,693.947,0.0,0.018,9554525.816,1746704.8059999999
2024-10-23 17:04:46,52.0,37.34977241,-121.93593481,6132.42,0.0,0.0,0.0,693.95,0.0,0.008,9554525.704,1746704.9189999998
2024-10-23 17:04:47,52.0,37.34977212,-121.93593471,6132.42,0.0,0.0,0.0,693.952,0.0,0.01,9554525.715,1746704.952
2024-10-23 17:04:48,52.0,37.34977186,-121.93593447999999,6132.42,0.0,0.0,0.0,693.96,0.0,0.005,9554525.715,1746704.984
2024-10-23 17:04:49,52.0,37.34977153,-121.93593456,6132.42,0.0,0.0,0.0,693.96,0.0,0.024,9554525.743999999,1746705.018
2024-10-23 17:04:50,52.0,37.349771139999994,-121.93593705999999,6132.42,0.0,0.0,0.0,693.9730000000001,0.0,0.053000000000000005,9554525.972,1746705.066
2024-10-23 17:04:51,52.0,37.34977017,-121.93593837,6132.42,0.0,0.0,0.0,693.985,0.0,0.063,9554526.146000002,1746705.1760000002
2024-10-23 17:04:52,52.0,37.349768319999995,-121.93593903000001,6132.42,0.0,0.0,0.0,693.999,0.0,0.048,9554526.329,1746705.3869999996
2024-10-23 17:04:53,52.0,37.34976787,-121.93594015000001,6132.42,0.0,0.0,0.0,694.01,0.0,0.037,9554526.45,1746705.44
2024-10-23 17:04:54,52.0,37.34976692,-121.93594076,6132.42,0.0,0.0,0.0,694.02,0.0,0.024,9554526.564,1746705.545
2024-10-23 17:04:55,52.0,37.34976602,-121.93594089999999,6132.42,0.0,0.0,0.0,694.02,0.0,0.009,9554526.642,1746705.648
2024-10-23 17:04:56,52.0,37.3497658,-121.93594060000001,6132.42,0.0,0.0,0.0,694.03,0.0,0.006,9554526.629999999,1746705.67
2024-10-23 17:04:57,52.0,37.349765940000005,-121.9359403,6132.42,0.0,0.0,0.0,694.03,0.0,0.0,9554526.595999999,1746705.656
2024-10-23 17:04:58,52.0,37.349766,-121.9359402,6132.42,0.0,0.0,0.0,694.03,0.0,0.0,9554526.59,1746705.65
2024-10-23 17:04:59,52.0,37.349765940000005,-121.93594,6132.42,0.0,0.0,0.0,694.035,0.0,0.0,9554526.576000001,1746705.656
2024-10-23 17:05:00,52.0,37.349765860000005,-121.9359398,6132.42,0.0,0.0,0.0,694.04,0.0,0.0,9554526.567,1746705.664
2024-10-23 17:05:01,52.0,37.34976554,-121.9359399,6132.42,0.0,0.0,0.0,694.04,0.0,0.0,9554526.597,1746705.6989999998
2024-10-23 17:05:02,52.0,37.349765059999996,-121.9359399,6132.42,0.0,0.0,0.0,694.04,0.0,0.0,9554526.632000001,1746705.754
2024-10-23 17:05:03,52.0,37.34976486,-121.93593970000002,6132.42,0.0,0.0,0.0,694.0429999999999,0.0,0.0,9554526.627,1746705.7740000002
2024-10-23 17:05:04,52.0,37.34976477,-121.93593975000002,6132.42,0.0,0.0,0.0,694.05,0.0,0.009,9554526.638,1746705.7830000003
2024-10-23 17:05:05,52.0,37.349764760000006,-121.93593992000001,6132.42,0.0,0.0,0.0,694.053,0.0,0.027000000000000003,9554526.652,1746705.784
2024-10-23 17:05:06,52.0,37.34976386,-121.93594021999999,6132.42,0.0,0.0,0.0,694.0609999999999,0.0,0.039,9554526.741,1746705.89
2024-10-23 17:05:07,52.0,37.34976104,-121.93594173,6132.42,0.0,0.0,0.0,694.07,0.0,0.04,9554527.062,1746706.2079999999
2024-10-23 17:05:08,52.0,37.34975961,-121.93594248,6132.42,0.0,0.0,0.0,694.08,0.0,0.024,9554527.223000001,1746706.3699999999
2024-10-23 17:05:09,52.0,37.3497587,-121.93594243999999,6132.42,0.0,0.0,0.0,694.083,0.0,0.02,9554527.285,1746706.4710000001
2024-10-23 17:05:10,52.0,37.34975805,-121.93594193999999,6132.42,0.0,0.0,0.0,694.09,0.0,0.014000000000000002,9554527.291,1746706.545
2024-10-23 17:05:11,52.0,37.34975737,-121.93594145,6132.42,0.0,0.0,0.0,694.09,0.0,0.015,9554527.303,1746706.621
2024-10-23 17:05:12,52.0,37.34975679,-121.93594089000001,6132.42,0.0,0.0,0.0,694.1,0.0,0.016,9554527.299,1746706.6809999999
2024-10-23 17:05:13,52.0,37.3497576,-121.93593994,6132.42,0.0,0.0,0.0,694.104,0.0,0.034999999999999996,9554527.164,1746706.5919999997
2024-10-23 17:05:14,52.0,37.349759469999995,-121.93593928,6132.42,0.0,0.0,0.0,694.112,0.0,0.02,9554526.981,1746706.379
2024-10-23 17:05:15,52.0,37.349759389999996,-121.93593896,6132.42,0.0,0.0,0.0,694.12,0.0,0.01,9554526.963,1746706.389
2024-10-23 17:05:16,52.0,37.34975764,-121.93593938000001,6132.42,0.0,0.0,0.0,694.12,0.0,0.011,9554527.118999999,1746706.5890000002
2024-10-23 17:05:17,52.0,37.34975798,-121.93593928,6132.42,0.0,0.0,0.0,694.129,0.0,0.013000000000000001,9554527.087000001,1746706.549
2024-10-23 17:05:18,52.0,37.349759219999996,-121.93593906000001,6132.42,0.0,0.0,0.0,694.13,0.0,0.022,9554526.982,1746706.4079999998
2024-10-23 17:05:19,52.0,37.34975826,-121.93593949999999,6132.42,0.0,0.0,0.0,694.14,0.0,0.033,9554527.086,1746706.5169999998
2024-10-23 17:05:20,52.0,37.34975651,-121.93594015000001,6132.42,0.0,0.0,0.0,694.1479999999999,0.0,0.023,9554527.261,1746706.7169999997
2024-10-23 17:05:21,52.0,37.34975708,-121.93593999,6132.42,0.0,0.0,0.0,694.15,0.0,0.013000000000000001,9554527.206999999,1746706.65
2024-10-23 17:05:22,52.0,37.349758959999996,-121.93593935999999,6132.42,0.0,0.0,0.0,694.156,0.0,0.019,9554527.023,1746706.439
2024-10-23 17:05:23,52.0,37.34975931,-121.93593948,6132.42,0.0,0.0,0.0,694.1629999999999,0.0,0.034,9554527.011,1746706.4
2024-10-23 17:05:24,52.0,37.34975803,-121.93593942,6132.42,0.0,0.0,0.0,694.1719999999999,0.0,0.037,9554527.092999998,1746706.543
2024-10-23 17:05:25,52.0,37.349759649999996,-121.93593958000001,6132.42,0.0,0.0,0.0,694.18,0.0,0.03,9554526.992,1746706.36
2024-10-23 17:05:26,52.0,37.349760939999996,-121.93593898000002,6132.42,0.0,0.0,0.0,694.19,0.0,0.024,9554526.851,1746706.216
2024-10-23 17:05:27,52.0,37.34976098,-121.93593843000001,6132.42,0.0,0.0,0.0,694.19,0.0,0.008,9554526.805,1746706.212
2024-10-23 17:05:28,52.0,37.3497608,-121.93593796999998,6132.42,0.0,0.0,0.0,694.1990000000001,0.0,0.0,9554526.781,1746706.23
2024-10-23 17:05:29,52.0,37.34976084,-121.93593739,6132.42,0.0,0.0,0.0,694.2,0.0,0.004,9554526.736,1746706.2259999998
2024-10-23 17:05:30,52.0,37.34976067,-121.93593658,6132.42,0.0,0.0,0.0,694.2,0.0,0.003,9554526.681,1746706.243
2024-10-23 17:05:31,52.0,37.3497603,-121.93593566,6132.42,0.0,0.0,0.0,694.205,0.0,0.007000000000000001,9554526.638,1746706.28
2024-10-23 17:05:32,52.0,37.349759829999996,-121.93593498,6132.42,0.0,0.0,0.0,694.21,0.0,0.0,9554526.616,1746706.337
2024-10-23 17:05:33,52.0,37.34975946,-121.93593476999999,6132.42,0.0,0.0,0.0,694.21,0.0,0.0,9554526.627,1746706.3740000003
2024-10-23 17:05:34,52.0,37.349759039999995,-121.93593472,6132.42,0.0,0.0,0.0,694.21,0.0,0.001,9554526.652,1746706.4239999999
2024-10-23 17:05:35,52.0,37.34975809,-121.93593428,6132.42,0.0,0.0,0.0,694.2180000000001,0.0,0.028000000000000004,9554526.684999999,1746706.5289999999
2024-10-23 17:05:36,52.0,37.34975552,-121.93593384,6132.42,0.0,0.0,0.0,694.226,0.0,0.025,9554526.834999999,1746706.818
2024-10-23 17:05:37,52.0,37.34975482,-121.93593362000001,6132.42,0.0,0.0,0.0,694.23,0.0,0.02,9554526.870000001,1746706.898
2024-10-23 17:05:38,52.0,37.3497552,-121.9359337,6132.42,0.0,0.0,0.0,694.238,0.0,0.011,9554526.848,1746706.852
2024-10-23 17:05:39,52.0,37.349755259999995,-121.93593341,6132.42,0.0,0.0,0.0,694.24,0.0,0.01,9554526.816,1746706.844
2024-10-23 17:05:40,52.0,37.34975525,-121.93593308,6132.42,0.0,0.0,0.0,694.243,0.0,0.013000000000000001,9554526.793,1746706.845
2024-10-23 17:05:41,52.0,37.34975476,-121.93593279,6132.42,0.0,0.0,0.0,694.25,0.0,0.032,9554526.805,1746706.9
2024-10-23 17:05:42,52.0,37.34975428,-121.93593256,6132.42,0.0,0.0,0.0,694.26,0.0,0.022,9554526.823,1746706.952
2024-10-23 17:05:43,52.0,37.34975423,-121.93593194,6132.42,0.0,0.0,0.0,694.262,0.0,0.024,9554526.776999999,1746706.957
2024-10-23 17:05:44,52.0,37.34975412,-121.93593117,6132.42,0.0,0.0,0.0,694.27,0.0,0.013000000000000001,9554526.725,1746706.969
2024-10-23 17:05:45,52.0,37.34975408,-121.9359304,6132.42,0.0,0.0,0.0,694.2719999999999,0.0,0.01,9554526.666,1746706.9719999998
2024-10-23 17:05:46,52.0,37.3497539,-121.93592982,6132.42,0.0,0.0,0.0,694.28,0.0,0.01,9554526.634,1746706.9949999999
2024-10-23 17:05:47,52.0,37.3497538,-121.93592925,6132.42,0.0,0.0,0.0,694.28,0.0,0.009,9554526.597,1746707.0019999999
2024-10-23 17:05:48,52.0,37.34975392,-121.93592874999999,6132.42,0.0,0.0,0.0,694.2819999999999,0.0,0.013000000000000001,9554526.548,1746706.988
2024-10-23 17:05:49,52.0,37.349754239999996,-121.93592854,6132.42,0.0,0.0,0.0,694.29,0.0,0.038,9554526.508,1746706.9559999998
2024-10-23 17:05:50,52.0,37.34975402,-121.93592858,6132.42,0.041,0.04,0.0,694.307,0.179,0.075,9554526.528,1746706.9780000001
2024-10-23 17:05:51,52.0,37.34975512,-121.93592827,6132.42,0.073,0.040999999999999995,0.0,694.3230000000001,0.322,0.05500000000000001,9554526.426,1746706.8539999998
2024-10-23 17:05:52,52.0,37.3497546,-121.93592842000001,6132.42,0.002,-0.079,0.0,694.336,0.018,0.06,9554526.475,1746706.913
2024-10-23 17:05:53,52.0,37.349753750000005,-121.93592924,6132.42,0.0,-0.002,0.0,694.3480000000001,0.0,0.024,9554526.601,1746707.012
2024-10-23 17:05:54,52.0,37.34975408,-121.93592921,6132.42,0.0,0.0,0.0,694.35,0.0,0.018,9554526.574000001,1746706.9719999998
2024-10-23 17:05:55,52.0,37.34975412,-121.93592900000002,6132.42,0.0,0.0,0.0,694.36,0.0,0.021,9554526.554000001,1746706.9679999999
2024-10-23 17:05:56,52.0,37.34975464,-121.93592874999999,6132.42,0.0,0.0,0.0,694.369,0.0,0.057999999999999996,9554526.497,1746706.9100000001
2024-10-23 17:05:57,52.0,37.34975684,-121.93592804,6132.42,0.0,0.0,0.0,694.38,0.0,0.033999999999999996,9554526.282,1746706.6609999998
2024-10-23 17:05:58,52.0,37.34975599,-121.93592758,6132.42,0.0,0.0,0.0,694.3889999999999,0.0,0.027000000000000003,9554526.308,1746706.757
2024-10-23 17:05:59,52.0,37.349755959999996,-121.93592762,6132.42,0.0,0.0,0.0,694.393,0.0,0.024,9554526.314,1746706.761
2024-10-23 17:06:00,52.0,37.34975671,-121.93592701,6132.42,0.0,0.0,0.0,694.4,0.0,0.027000000000000003,9554526.213,1746706.6739999999
2024-10-23 17:06:01,52.0,37.34975562,-121.93592587,6132.42,0.0,0.0,0.0,694.408,0.0,0.036,9554526.199,1746706.795
2024-10-23 17:06:02,52.0,37.34975432,-121.93592521000001,6132.42,0.0,0.0,0.0,694.417,0.0,0.034999999999999996,9554526.242,1746706.9379999998
2024-10-23 17:06:03,52.0,37.34975489,-121.93592505,6132.42,0.0,0.0,0.0,694.42,0.0,0.036,9554526.187,1746706.8760000002
2024-10-23 17:06:04,52.0,37.349755019999996,-121.9359251,6132.42,0.045,0.046,0.0,694.445,0.187,0.089,9554526.183,1746706.859
2024-10-23 17:06:05,52.0,37.3497553,-121.93592514,6132.42,0.038,-0.005,0.0,694.456,0.17099999999999999,0.02,9554526.164,1746706.83
2024-10-23 17:06:06,52.0,37.3497555,-121.93592575,6132.42,0.0,-0.043000000000000003,0.0,694.461,0.011,0.034999999999999996,9554526.197,1746706.81
2024-10-23 17:06:07,52.0,37.34975548,-121.93592681,6132.42,0.036,0.037,0.0,694.476,0.152,0.066,9554526.284,1746706.8120000002
2024-10-23 17:06:08,52.0,37.34975548,-121.93592767,6132.567,0.06200000000000001,0.015,0.0,694.495,0.278,0.08,9554526.351,1746706.814
2024-10-23 17:06:09,52.0,37.349755959999996,-121.93592814000002,6132.825,0.152,0.10800000000000001,0.0,694.512,0.658,0.05,9554526.354,1746706.7600000002
2024-10-23 17:06:10,52.0,37.349755040000005,-121.93592843000002,6132.9,0.037,-0.126,0.0,694.524,0.163,0.035,9554526.444,1746706.866
2024-10-23 17:06:11,52.0,37.34975504,-121.93592882,6132.9,0.0,-0.034999999999999996,0.0,694.53,0.01,0.033,9554526.473000001,1746706.867
2024-10-23 17:06:12,52.0,37.34975498,-121.93592911,6132.9,0.0,0.0,0.0,694.5429999999999,0.0,0.056999999999999995,9554526.5,1746706.8730000001
2024-10-23 17:06:13,52.0,37.34975635,-121.93592996,6132.9,0.0,0.0,0.0,694.5559999999999,0.0,0.049,9554526.47,1746706.7179999999
2024-10-23 17:06:14,52.0,37.349754790000006,-121.93593032999999,6132.9,0.003,0.001,0.0,694.572,0.013000000000000001,0.088,9554526.612,1746706.895
2024-10-23 17:06:15,52.0,37.349755269999996,-121.93593281000001,6132.9,0.086,0.092,0.0,694.595,0.367,0.086,9554526.772,1746706.844
2024-10-23 17:06:16,52.0,37.34975346,-121.93593537,6133.115,0.252,0.162,0.0,694.618,1.278,0.087,9554527.103,1746707.0509999997
2024-10-23 17:06:17,52.0,37.34975189,-121.93593839,6133.365,0.209,-0.019999999999999997,0.0,694.636,0.796,0.07300000000000001,9554527.452,1746707.232
2024-10-23 17:06:18,52.0,37.34974964,-121.93594020999998,6133.37,0.013000000000000001,-0.233,0.0,694.654,0.061,0.065,9554527.757,1746707.488
2024-10-23 17:06:19,52.0,37.34975128,-121.93593901,6133.37,0.0,1.7347234759768072e-19,0.0,694.6679999999999,0.002,0.05600000000000001,9554527.545,1746707.3010000002
2024-10-23 17:06:20,52.0,37.34975048,-121.93593928,6133.375,0.001,0.0,0.0,694.6850000000001,0.006,0.07300000000000001,9554527.624,1746707.3920000002
2024-10-23 17:06:21,52.0,37.349751850000004,-121.93594063999998,6133.611,0.223,0.22999999999999998,0.0,694.7030000000001,1.018,0.08700000000000001,9554527.633,1746707.2399999998
2024-10-23 17:06:22,52.0,37.34975484,-121.93594548000002,6134.2,0.475,0.17099999999999999,0.0,694.758,5.248,0.5730000000000001,9554527.801,1746706.9109999998
2024-10-23 17:06:23,52.0,37.349771090000004,-121.93596032999999,6136.485,2.3600000000000003,2.013,0.0,695.017,19.238,1.3210000000000002,9554527.807,1746705.1030000001
2024-10-23 17:06:24,52.0,37.3497844,-121.93596302,6138.236,1.577,-0.8140000000000001,0.0,695.391,5.0,2.0490000000000004,9554527.068,1746703.61
2024-10-23 17:06:25,52.0,37.34978239,-121.93594303,6140.621,2.262,0.5189999999999999,0.0,696.008,28.002,2.481,9554525.637,1746703.809
2024-10-23 17:06:26,52.0,37.34976545,-121.93591478,6143.805,3.404,1.449,0.0,696.6899999999999,19.113,2.401,9554524.622,1746705.674
2024-10-23 17:06:27,52.0,37.349766720000005,-121.93591199,6145.153,0.9890000000000001,-2.647,0.0,697.028,5.476999999999999,0.817,9554524.315000001,1746705.53
2024-10-23 17:06:28,52.0,37.34975832,-121.93592014999999,6146.725,1.434,0.462,0.0,697.221,12.113,0.85,9554525.554000001,1746706.484
2024-10-23 17:06:29,52.0,37.34974441,-121.93592548,6148.523,1.778,0.45500000000000007,0.0,697.454,6.103,1.0550000000000002,9554526.97,1746708.0550000002
2024-10-23 17:06:30,52.0,37.3497422,-121.93589942999999,6151.344,2.6350000000000002,0.728,0.0,697.794,32.158,1.765,9554525.075,1746708.268
2024-10-23 17:06:31,52.0,37.34977136,-121.93586625,6155.8949999999995,4.611,2.075,0.0,698.293,44.301,2.107,9554520.378999999,1746704.943
2024-10-23 17:06:32,52.0,37.3498111,-121.93584309999999,6160.794,4.9479999999999995,0.40800000000000003,0.0,698.927,15.078,2.7199999999999998,9554515.716,1746700.4420000003
2024-10-23 17:06:33,52.0,37.34983698,-121.9358424,6164.011,3.05,-1.9899999999999998,0.0,699.5029999999999,7.715000000000001,1.8539999999999999,9554513.814,1746697.531
2024-10-23 17:06:34,52.0,37.3498378,-121.93586391000001,6166.268,2.189,-0.953,0.0,699.879,9.953,1.331,9554515.447,1746697.4679999999
2024-10-23 17:06:35,52.0,37.349823040000004,-121.93588296,6168.664,2.379,0.279,0.0,700.214,10.639,1.371,9554518.001,1746699.1530000002
2024-10-23 17:06:36,52.0,37.34980606,-121.93589867,6171.022999999999,2.302,-0.075,0.0,700.559,9.565999999999999,1.3889999999999998,9554520.452,1746701.0850000002
2024-10-23 17:06:37,52.0,37.349790760000005,-121.93591288,6173.162,2.1420000000000003,-0.155,0.0,700.918,8.004999999999999,1.478,9554522.664,1746702.826
2024-10-23 17:06:38,52.0,37.34978169,-121.93592778,6174.851000000001,1.69,-0.462,0.0,701.225,5.644,0.7030000000000001,9554524.487,1746703.866
2024-10-23 17:06:39,52.0,37.34977557,-121.93594221999999,6176.308,1.4460000000000002,-0.24700000000000003,0.0,701.3109999999999,5.718,0.22599999999999998,9554526.061,1746704.5739999998
2024-10-23 17:06:40,52.0,37.34976837,-121.93595513999999,6177.722,1.375,-0.08299999999999999,0.0,701.366,6.487,0.236,9554527.592,1746705.401
2024-10-23 17:06:41,52.0,37.34975928,-121.93596778000001,6179.24,1.5,0.137,0.0,701.429,6.7909999999999995,0.256,9554529.239,1746706.441
2024-10-23 17:06:42,52.0,37.3497495,-121.93598053999999,6180.8150000000005,1.5550000000000002,0.053000000000000005,0.0,701.494,7.064,0.29300000000000004,9554530.942,1746707.559
2024-10-23 17:06:43,52.0,37.349735859999996,-121.93598990000001,6182.587,1.791,0.227,0.0,701.596,9.338,0.759,9554532.655,1746709.106
2024-10-23 17:06:44,52.0,37.34971968,-121.93599799,6184.551,2.018,0.24500000000000002,0.0,701.871,9.437000000000001,1.18,9554534.448,1746710.936
2024-10-23 17:06:45,52.0,37.34970538,-121.93601019,6186.485,1.9420000000000002,-0.074,0.0,702.1569999999999,7.303,1.0219999999999998,9554536.432,1746712.561
2024-10-23 17:06:46,52.0,37.34969329,-121.93602074,6188.134,1.625,-0.339,0.0,702.324,6.297,0.376,9554538.126,1746713.936
2024-10-23 17:06:47,52.0,37.34968055,-121.93602834000001,6189.725,1.597,-0.025,0.0,702.403,6.95,0.281,9554539.634,1746715.3800000001
2024-10-23 17:06:48,52.0,37.34966808,-121.93603422999999,6191.217,1.5130000000000001,-0.073,0.0,702.4680000000001,6.098000000000001,0.252,9554540.99,1746716.788
2024-10-23 17:06:49,52.0,37.34965807,-121.9360428,6192.596,1.369,-0.151,0.0,702.531,5.492,0.22600000000000003,9554542.381000001,1746717.9260000002
2024-10-23 17:06:50,52.0,37.34965212,-121.93605382999999,6193.79,1.223,-0.15,0.0,702.579,4.936999999999999,0.18,9554543.673,1746718.611
2024-10-23 17:06:51,52.0,37.349647,-121.93606517999999,6194.965,1.169,-0.051000000000000004,0.0,702.6279999999999,4.968999999999999,0.197,9554544.934,1746719.202
2024-10-23 17:06:52,52.0,37.34964245,-121.93607638,6196.104,1.091,-0.074,0.0,702.673,4.502,0.164,9554546.142,1746719.7289999998
2024-10-23 17:06:53,52.0,37.34963871,-121.93608653999999,6197.130999999999,1.027,-0.065,0.0,702.715,4.438,0.16699999999999998,9554547.208,1746720.163
2024-10-23 17:06:54,52.0,37.34963501,-121.93609687,6198.177000000001,1.014,-0.009,0.0,702.7529999999999,4.457,0.164,9554548.287999999,1746720.5960000001
2024-10-23 17:06:55,52.0,37.3496322,-121.9361073,6199.186,0.96,-0.064,0.0,702.807,4.1850000000000005,0.22599999999999998,9554549.308,1746720.923
2024-10-23 17:06:56,52.0,37.34962906,-121.93611861,6200.264,1.0790000000000002,0.129,0.0,702.8520000000001,4.808,0.159,9554550.423999999,1746721.2940000002
2024-10-23 17:06:57,52.0,37.34962753,-121.93612897,6201.225,0.97,-0.11100000000000002,0.0,702.891,4.071,0.164,9554551.349,1746721.4780000001
2024-10-23 17:06:58,52.0,37.349628759999995,-121.93613869999999,6202.146,0.9179999999999999,-0.054000000000000006,0.0,702.932,3.8329999999999997,0.153,9554552.028,1746721.355
2024-10-23 17:06:59,52.0,37.34963182,-121.93614781,6203.052000000001,0.892,-0.024,0.0,702.9730000000001,3.879,0.191,9554552.529000001,1746721.0239999997
2024-10-23 17:07:00,52.0,37.34963408,-121.93615522,6203.786,0.722,-0.156,0.0,703.017,2.5949999999999998,0.145,9554552.949,1746720.7789999999
2024-10-23 17:07:01,52.0,37.34963362,-121.93616096999999,6204.384,0.538,-0.193,0.0,703.049,2.331,0.095,9554553.434,1746720.838
2024-10-23 17:07:02,52.0,37.34963083,-121.9361621,6204.7919999999995,0.308,-0.23500000000000001,0.0,703.067,1.2650000000000001,0.068,9554553.720999999,1746721.1539999999
2024-10-23 17:07:03,52.0,37.34962965,-121.93616534,6205.138,0.337,0.044,0.0,703.0870000000001,1.435,0.063,9554554.063,1746721.2920000001
2024-10-23 17:07:04,52.0,37.34962901,-121.93616554,6205.16,0.04,-0.317,0.0,703.096,0.183,0.016,9554554.125,1746721.3620000002
2024-10-23 17:07:05,52.0,37.34962872999999,-121.93616528,6205.16,0.002,-0.041,0.0,703.1,0.015,0.018,9554554.125,1746721.3969999999
2024-10-23 17:07:06,52.0,37.34962844,-121.93616486,6205.16,0.0,0.002,0.0,703.105,0.0,0.01,9554554.112,1746721.4259999997
2024-10-23 17:07:07,52.0,37.34962815,-121.93616475000002,6205.16,0.0,0.0,0.0,703.11,0.0,0.01,9554554.123,1746721.4579999999
2024-10-23 17:07:08,52.0,37.34962777,-121.93616470000002,6205.16,0.0,0.0,0.0,703.11,0.0,0.01,9554554.144,1746721.503
2024-10-23 17:07:09,52.0,37.34962734,-121.93616470000002,6205.16,0.0,0.0,0.0,703.116,0.0,0.01,9554554.179,1746721.548
2024-10-23 17:07:10,52.0,37.349626920000006,-121.93616460000001,6205.16,0.0,0.0,0.0,703.12,0.0,0.01,9554554.203,1746721.598
2024-10-23 17:07:11,52.0,37.349626900000004,-121.93616464000002,6205.16,0.0,0.0,0.0,703.1220000000001,0.0,0.025,9554554.206,1746721.5990000002
2024-10-23 17:07:12,52.0,37.34962813,-121.93616334999999,6205.16,0.0,0.0,0.0,703.13,0.0,0.033999999999999996,9554554.014,1746721.459
2024-10-23 17:07:13,52.0,37.349629289999996,-121.93616537999999,6205.16,0.0,0.0,0.0,703.14,0.0,0.03,9554554.091,1746721.3310000002
2024-10-23 17:07:14,52.0,37.3496296,-121.93616625,6205.16,0.0,0.0,0.0,703.1479999999999,0.0,0.014000000000000002,9554554.136,1746721.3
2024-10-23 17:07:15,52.0,37.34962974,-121.93616618000001,6205.16,0.0,0.0,0.0,703.15,0.0,0.012,9554554.123,1746721.2859999998
2024-10-23 17:07:16,52.0,37.34963032,-121.93616632999999,6205.204,0.034999999999999996,0.028000000000000004,0.0,703.1569999999999,0.161,0.041999999999999996,9554554.092,1746721.2169999997
2024-10-23 17:07:17,52.0,37.34963102,-121.93616463000001,6205.392,0.148,0.136,0.0,703.167,0.641,0.026000000000000002,9554553.909,1746721.136
2024-10-23 17:07:18,52.0,37.349631529999996,-121.93616624,6205.529,0.132,-0.06,0.0,703.175,0.7310000000000001,0.048,9554553.998,1746721.079
2024-10-23 17:07:19,52.0,37.34963243,-121.93616867,6205.74,0.233,0.149,0.0,703.188,0.925,0.044,9554554.127,1746720.982
2024-10-23 17:07:20,52.0,37.34963458,-121.93616801,6205.74,0.012,-0.252,0.0,703.1990000000001,0.05600000000000001,0.043,9554553.921,1746720.741
2024-10-23 17:07:21,52.0,37.34963647,-121.93617054,6205.74,0.0,-0.0009999999999999998,0.0,703.2090000000001,0.002,0.036,9554553.983,1746720.5330000003
2024-10-23 17:07:22,52.0,37.3496367,-121.9361695,6205.74,0.0,0.0,0.0,703.215,0.0,0.016,9554553.886,1746720.5010000002
2024-10-23 17:07:23,52.0,37.34963718,-121.93617047000001,6205.74,0.0,0.0,0.0,703.221,0.0,0.038,9554553.93,1746720.4510000001
2024-10-23 17:07:24,52.0,37.349640019999995,-121.93617036,6205.74,0.0,0.0,0.0,703.23,0.0,0.032,9554553.716,1746720.1309999998
2024-10-23 17:07:25,52.0,37.34964188,-121.93617333,6205.74,0.0,0.0,0.0,703.24,0.0,0.040999999999999995,9554553.818,1746719.927
2024-10-23 17:07:26,52.0,37.3496447,-121.93617346,6205.938,0.21200000000000002,0.217,0.0,703.254,1.025,0.052000000000000005,9554553.626,1746719.61
2024-10-23 17:07:27,52.0,37.34964599,-121.93617744999999,6206.19,0.184,-0.009999999999999998,0.0,703.267,0.733,0.052000000000000005,9554553.851,1746719.4710000001
2024-10-23 17:07:28,52.0,37.34964707,-121.93617728,6206.19,0.009,-0.20600000000000002,0.0,703.279,0.054000000000000006,0.052000000000000005,9554553.758,1746719.348
2024-10-23 17:07:29,52.0,37.34964806,-121.93617824,6206.275,0.084,0.053000000000000005,0.0,703.292,0.479,0.048,9554553.764,1746719.238
2024-10-23 17:07:30,52.0,37.34964857,-121.93618074999999,6206.527,0.265,0.23399999999999999,0.0,703.3,1.108,0.033,9554553.925,1746719.1829999997
2024-10-23 17:07:31,52.0,37.34964787,-121.93617855,6206.53,0.013000000000000001,-0.28300000000000003,0.0,703.31,0.067,0.033,9554553.8,1746719.262
2024-10-23 17:07:32,52.0,37.349648509999994,-121.93618063,6206.53,0.0,-0.007000000000000001,0.0,703.318,0.003,0.022,9554553.919,1746719.19
2024-10-23 17:07:33,52.0,37.3496485,-121.93618077,6206.53,0.0,0.001,0.0,703.32,0.0,0.01,9554553.931,1746719.19
2024-10-23 17:07:34,52.0,37.34964806,-121.93617959999999,6206.53,0.0,0.0,0.0,703.3280000000001,0.0,0.01,9554553.871,1746719.242
2024-10-23 17:07:35,52.0,37.34964858,-121.93618117000001,6206.53,0.0,0.0,0.0,703.33,0.0,0.007000000000000001,9554553.955,1746719.182
2024-10-23 17:07:36,52.0,37.34964849,-121.93618061,6206.53,0.0,0.0,0.0,703.331,0.0,0.014000000000000002,9554553.92,1746719.1919999998
2024-10-23 17:07:37,52.0,37.34964841,-121.93618018,6206.53,0.0,0.0,0.0,703.3430000000001,0.0,0.05600000000000001,9554553.893000001,1746719.202
2024-10-23 17:07:38,52.0,37.34965095,-121.93618245,6206.53,0.0,0.0,0.0,703.356,0.0,0.063,9554553.887,1746718.9190000002
2024-10-23 17:07:39,52.0,37.34965263,-121.93618181,6206.536999999999,0.002,0.0,0.0,703.376,0.013999999999999999,0.12,9554553.719,1746718.731
2024-10-23 17:07:40,52.0,37.349653290000006,-121.93618561999999,6206.814,0.262,0.292,0.0,703.415,1.1880000000000002,0.11699999999999999,9554553.97,1746718.6609999998
2024-10-23 17:07:41,52.0,37.34965222,-121.93618317,6207.01,0.146,-0.128,0.0,703.434,0.639,0.05900000000000001,9554553.856999999,1746718.7780000002
2024-10-23 17:07:42,52.0,37.34965285,-121.93618309000001,6207.01,0.009,-0.16,0.0,703.443,0.045,0.026000000000000002,9554553.804,1746718.7059999998
2024-10-23 17:07:43,52.0,37.34965332,-121.93618259,6207.01,0.0,-0.006,0.0,703.4530000000001,0.002,0.04,9554553.73,1746718.6529999997
2024-10-23 17:07:44,52.0,37.34965362,-121.93618244,6207.01,0.0,0.0,0.0,703.46,0.0,0.027000000000000003,9554553.697999999,1746718.618
2024-10-23 17:07:45,52.0,37.3496537,-121.93618248,6207.01,0.0,0.0,0.0,703.469,0.0,0.034,9554553.697999999,1746718.61
2024-10-23 17:07:46,52.0,37.34965528,-121.93618292000001,6207.342,0.173,0.153,0.0,703.494,0.977,0.178,9554553.616,1746718.4330000002
2024-10-23 17:07:47,52.0,37.34965794,-121.93618275000001,6207.721,0.43500000000000005,0.315,0.0,703.5379999999999,1.7730000000000001,0.133,9554553.411,1746718.132
2024-10-23 17:07:48,52.0,37.34965767,-121.93618298999999,6207.772,0.098,-0.382,0.0,703.566,0.418,0.11200000000000002,9554553.448,1746718.166
2024-10-23 17:07:49,52.0,37.34965788,-121.93618312999999,6207.8150000000005,0.06999999999999999,-0.024,0.0,703.597,0.308,0.142,9554553.447,1746718.139
2024-10-23 17:07:50,52.0,37.34965699,-121.93618423999999,6207.91,0.05500000000000001,-0.01,0.0,703.633,0.23500000000000001,0.13,9554553.599,1746718.242
2024-10-23 17:07:51,52.0,37.34965672,-121.93618465,6207.971,0.055999999999999994,0.006,0.0,703.664,0.25,0.141,9554553.648,1746718.2740000002
2024-10-23 17:07:52,52.0,37.34965633,-121.93618535,6208.093999999999,0.073,0.015999999999999997,0.0,703.6990000000001,0.32,0.10900000000000001,9554553.733,1746718.3170000003
2024-10-23 17:07:53,52.0,37.34965868,-121.93618426,6208.416,0.27999999999999997,0.191,0.0,703.733,1.5710000000000002,0.159,9554553.479,1746718.053
2024-10-23 17:07:54,52.0,37.349663379999996,-121.93618487,6208.9220000000005,0.5269999999999999,0.308,0.0,703.767,2.147,0.11699999999999999,9554553.192,1746717.525
2024-10-23 17:07:55,52.0,37.34966439,-121.93618369000001,6209.0779999999995,0.142,-0.44699999999999995,0.0,703.804,0.632,0.16899999999999998,9554553.026999999,1746717.409
2024-10-23 17:07:56,52.0,37.34966527,-121.93617981,6209.487999999999,0.403,0.271,0.0,703.869,2.0780000000000003,0.488,9554552.657,1746717.3050000002
2024-10-23 17:07:57,52.0,37.34966662,-121.93617832,6209.9529999999995,0.33,-0.05600000000000001,0.0,703.982,1.259,0.381,9554552.441,1746717.1509999998
2024-10-23 17:07:58,52.0,37.34967016,-121.93617289,6210.803,0.717,0.31799999999999995,0.0,704.1479999999999,5.419,0.945,9554551.762,1746716.7440000002
2024-10-23 17:07:59,52.0,37.3496764,-121.93615700000001,6212.42,1.669,1.0950000000000002,0.0,704.5260000000001,9.116,1.848,9554550.066,1746716.0219999999
2024-10-23 17:08:00,52.0,37.34967686,-121.93615349,6213.103,0.532,-1.234,0.0,704.7729999999999,1.5530000000000002,0.37,9554549.754999999,1746715.966
2024-10-23 17:08:01,52.0,37.34967815,-121.93614927000002,6213.852000000001,0.549,-0.074,0.0,704.884,4.294,0.394,9554549.331,1746715.814
2024-10-23 17:08:02,52.0,37.34968381,-121.93613581,6215.219,1.405,0.99,0.0,704.965,7.4079999999999995,0.28,9554547.867,1746715.1600000001
2024-10-23 17:08:03,52.0,37.34969022,-121.93612195,6216.646,1.424,0.005000000000000003,0.0,705.031,5.965,0.271,9554546.318,1746714.42
2024-10-23 17:08:04,52.0,37.349697379999995,-121.93611059,6217.947,1.28,-0.15,0.0,705.094,4.786,0.20299999999999999,9554544.91,1746713.5969999998
2024-10-23 17:08:05,52.0,37.34970374,-121.93610321999999,6218.931,0.9470000000000001,-0.347,0.0,705.134,3.589,0.139,9554543.875999998,1746712.8730000001
2024-10-23 17:08:06,52.0,37.34970993,-121.93610053,6219.749,0.8039999999999999,-0.12,0.0,705.162,3.071,0.089,9554543.222,1746712.1719999998
2024-10-23 17:08:07,52.0,37.349711400000004,-121.93610372,6220.128,0.29700000000000004,-0.519,0.0,705.182,1.084,0.059,9554543.367,1746712.0100000002
2024-10-23 17:08:08,52.0,37.34971106,-121.93610441000001,6220.2519999999995,0.052000000000000005,-0.265,0.0,705.2,0.259,0.181,9554543.445999999,1746712.052
2024-10-23 17:08:09,52.0,37.34971202,-121.93611312,6221.154,0.845,0.8210000000000001,0.0,705.307,5.481,0.701,9554544.064,1746711.955
2024-10-23 17:08:10,52.0,37.34971012,-121.93612026000001,6221.9580000000005,0.7310000000000001,-0.08399999999999999,0.0,705.508,2.378,0.704,9554544.761,1746712.1800000002
2024-10-23 17:08:11,52.0,37.34971721,-121.93612159,6222.95,0.959,0.173,0.0,705.667,5.331,0.697,9554544.36,1746711.384
2024-10-23 17:08:12,52.0,37.34972262,-121.93610687,6224.472,1.545,0.596,0.0,705.861,11.817,0.9349999999999999,9554542.814,1746710.758
2024-10-23 17:08:13,52.0,37.349727200000004,-121.93608205999999,6226.74,2.293,0.786,0.0,706.138,11.828,1.236,9554540.531,1746710.204
2024-10-23 17:08:14,52.0,37.34973148,-121.93605789,6228.947999999999,2.197,-0.10400000000000001,0.0,706.463,7.667,1.266,9554538.325,1746709.691
2024-10-23 17:08:15,52.0,37.349736310000004,-121.93604051,6230.594,1.6059999999999999,-0.62,0.0,706.6980000000001,5.0920000000000005,0.47000000000000003,9554536.61,1746709.1239999998
2024-10-23 17:08:16,52.0,37.34973892,-121.9360269,6231.857,1.2280000000000002,-0.386,0.0,706.768,4.5009999999999994,0.24500000000000002,9554535.351,1746708.8120000002
2024-10-23 17:08:17,52.0,37.34973835,-121.93601729,6232.7480000000005,0.825,-0.395,0.0,706.8230000000001,2.83,0.182,9554534.635,1746708.8620000002
2024-10-23 17:08:18,52.0,37.349736990000004,-121.93601118,6233.356,0.5,-0.30999999999999994,0.0,706.857,1.9240000000000002,0.11000000000000001,9554534.251,1746709.008
2024-10-23 17:08:19,52.0,37.34973797,-121.93601292999999,6233.612,0.22999999999999998,-0.281,0.0,706.885,1.02,0.11000000000000001,9554534.318,1746708.9
2024-10-23 17:08:20,52.0,37.34973725,-121.9360138,6233.737999999999,0.11699999999999999,-0.131,0.0,706.919,0.5740000000000001,0.18,9554534.438,1746708.982
2024-10-23 17:08:21,52.0,37.34973546,-121.93601478999999,6234.025,0.292,0.211,0.0,706.9620000000001,1.276,0.142,9554534.644,1746709.184
2024-10-23 17:08:22,52.0,37.349736,-121.93601392000001,6234.03,0.089,-0.221,0.0,706.992,0.39,0.10800000000000001,9554534.537999999,1746709.121
2024-10-23 17:08:23,52.0,37.349736310000004,-121.936014,6234.03,0.06,-0.028000000000000004,0.0,707.017,0.262,0.093,9554534.52,1746709.0890000002
2024-10-23 17:08:24,52.0,37.34973622,-121.93601406,6234.03,0.044,-0.018,0.0,707.049,0.194,0.158,9554534.532,1746709.098
2024-10-23 17:08:25,52.0,37.34973657,-121.9360131,6234.199,0.11200000000000002,0.06,0.0,707.085,0.52,0.11300000000000002,9554534.429,1746709.0580000002
2024-10-23 17:08:26,52.0,37.34973886,-121.93601192999999,6234.530000000001,0.22800000000000004,0.147,0.0,707.104,0.974,0.063,9554534.176,1746708.7989999999
2024-10-23 17:08:27,52.0,37.349742299999996,-121.93601179,6234.6900000000005,0.144,-0.12,0.0,707.1220000000001,0.7060000000000001,0.077,9554533.919,1746708.4109999998
2024-10-23 17:08:28,52.0,37.349744650000005,-121.93601106000001,6234.905000000001,0.205,0.077,0.0,707.142,0.8720000000000001,0.08,9554533.693,1746708.1460000002
2024-10-23 17:08:29,52.0,37.34974552,-121.93600727999998,6235.257,0.358,0.14400000000000002,0.0,707.164,1.6649999999999998,0.10800000000000001,9554533.334,1746708.0440000002
2024-10-23 17:08:30,52.0,37.34974621,-121.93600260999999,6235.701,0.449,0.125,0.0,707.1890000000001,1.973,0.068,9554532.916,1746707.9600000002
2024-10-23 17:08:31,52.0,37.34974844,-121.93600415,6235.79,0.07,-0.40700000000000003,0.0,707.206,0.268,0.06000000000000001,9554532.879999999,1746707.711
2024-10-23 17:08:32,52.0,37.34974879,-121.93600552000001,6235.79,0.005,-0.076,0.0,707.219,0.028000000000000004,0.05600000000000001,9554532.961,1746707.6719999998
2024-10-23 17:08:33,52.0,37.34974856,-121.93600547999999,6235.79,0.0,0.006,0.0,707.23,0.0,0.022,9554532.975,1746707.701
2024-10-23 17:08:34,52.0,37.34974917,-121.93600670000001,6235.79,0.0,0.0,0.0,707.2360000000001,0.0,0.05600000000000001,9554533.028,1746707.6309999998
2024-10-23 17:08:35,52.0,37.34975058,-121.93600899999998,6235.793,0.001,0.0,0.0,707.2520000000001,0.005,0.076,9554533.106,1746707.4759999998
2024-10-23 17:08:36,52.0,37.34974959,-121.93600839000001,6235.927,0.049,0.052000000000000005,0.0,707.279,0.21400000000000002,0.091,9554533.129,1746707.586
2024-10-23 17:08:37,52.0,37.3497502,-121.93600945,6236.025,0.02,-0.033,0.0,707.292,0.09,0.04,9554533.17,1746707.518
2024-10-23 17:08:38,52.0,37.34975116,-121.9360111,6236.03,0.002,-0.017,0.0,707.3009999999999,0.011,0.042,9554533.232,1746707.414
2024-10-23 17:08:39,52.0,37.34975043,-121.93601115999999,6236.0470000000005,0.031,0.027000000000000003,0.0,707.3199999999999,0.128,0.265,9554533.289,1746707.496
2024-10-23 17:08:40,52.0,37.34974509,-121.9360044,6236.986,0.774,0.693,0.0,707.479,8.906,0.9,9554533.137,1746708.088
2024-10-23 17:08:41,52.0,37.34972813,-121.9359936,6239.168,2.21,1.543,0.0,707.7520000000001,12.934999999999999,1.369,9554533.499,1746709.98
2024-10-23 17:08:42,52.0,37.349707949999996,-121.93598188000001,6241.691000000001,2.4899999999999998,0.22599999999999998,0.0,708.1949999999999,15.666999999999998,2.186,9554534.019,1746712.2329999998
2024-10-23 17:08:43,52.0,37.34970036,-121.93596227999998,6244.340999999999,2.335,-0.10699999999999998,0.0,708.778,6.704000000000001,2.402,9554533.015,1746713.061
2024-10-23 17:08:44,52.0,37.34971492,-121.93595593,6246.232,1.6670000000000003,-0.739,0.0,709.197,5.695,0.558,9554531.475,1746711.414
2024-10-23 17:08:45,52.0,37.34972525,-121.93595746000001,6247.456,1.139,-0.529,0.0,709.251,4.318,0.187,9554530.858,1746710.2519999999
2024-10-23 17:08:46,52.0,37.349732599999996,-121.93596553,6248.5650000000005,1.1489999999999998,0.027000000000000003,0.0,709.292,5.0969999999999995,0.159,9554530.968,1746709.439
2024-10-23 17:08:47,52.0,37.34973728,-121.93597502,6249.601000000001,1.05,-0.08299999999999999,0.0,709.3320000000001,4.148,0.149,9554531.381000001,1746708.925
2024-10-23 17:08:48,52.0,37.34973909,-121.93598435999999,6250.483,0.901,-0.149,0.0,709.367,3.5740000000000003,0.14,9554531.988,1746708.735
2024-10-23 17:08:49,52.0,37.34973968,-121.93598990000001,6251.023,0.5519999999999999,-0.366,0.0,709.4010000000001,2.049,0.122,9554532.383,1746708.6739999999
2024-10-23 17:08:50,52.0,37.34974206,-121.93599123999999,6251.474,0.39,-0.188,0.0,709.428,1.778,0.11400000000000002,9554532.316,1746708.4100000001
2024-10-23 17:08:51,52.0,37.349744480000005,-121.93598711,6252.033,0.5269999999999999,0.174,0.0,709.463,2.2689999999999997,0.159,9554531.819,1746708.134
2024-10-23 17:08:52,52.0,37.34974737,-121.93598073999999,6252.7660000000005,0.7030000000000001,0.156,0.0,709.501,3.874,0.137,9554531.11,1746707.7969999998
2024-10-23 17:08:53,52.0,37.34975269,-121.93597163,6253.7970000000005,1.028,0.35300000000000004,0.0,709.5379999999999,4.904,0.153,9554530.013,1746707.189
2024-10-23 17:08:54,52.0,37.34975791,-121.93596199000001,6254.851000000001,1.034,-0.0020000000000000005,0.0,709.5730000000001,4.292,0.142,9554528.879999999,1746706.588
2024-10-23 17:08:55,52.0,37.34976264,-121.93595323,6255.813,0.932,-0.11300000000000002,0.0,709.608,3.8579999999999997,0.134,9554527.853,1746706.043
2024-10-23 17:08:56,52.0,37.34976713,-121.93594587,6256.6669999999995,0.835,-0.086,0.0,709.64,3.304,0.148,9554526.954,1746705.5280000002
2024-10-23 17:08:57,52.0,37.34976965,-121.935941,6257.308999999999,0.573,-0.223,0.0,709.6809999999999,2.145,0.133,9554526.389,1746705.2399999998
2024-10-23 17:08:58,52.0,37.34976753,-121.93594318000001,6257.716,0.341,-0.279,0.0,709.7040000000001,1.567,0.069,9554526.712000001,1746705.4789999998
2024-10-23 17:08:59,52.0,37.3497652,-121.93594434000002,6257.83,0.089,-0.251,0.0,709.72,0.343,0.059,9554526.97,1746705.743
2024-10-23 17:09:00,52.0,37.34976446,-121.9359477,6257.83,0.006,-0.093,0.0,709.733,0.029000000000000005,0.049,9554527.287999999,1746705.832
2024-10-23 17:09:01,52.0,37.34976474,-121.93594431,6257.83,0.0,0.003,0.0,709.7470000000001,0.0,0.047,9554527.0,1746705.796
2024-10-23 17:09:02,52.0,37.349764650000004,-121.93594456999999,6257.83,0.0,0.0,0.0,709.757,0.0,0.045,9554527.028,1746705.8050000002
2024-10-23 17:09:03,52.0,37.3497633,-121.93594404999999,6257.83,0.0,0.0,0.0,709.77,0.0,0.05600000000000001,9554527.084,1746705.957
2024-10-23 17:09:04,52.0,37.349762659999996,-121.93594288,6257.83,0.0,0.0,0.0,709.78,0.0,0.034,9554527.036,1746706.026
2024-10-23 17:09:05,52.0,37.349764379999996,-121.93594401,6257.83,0.0,0.0,0.0,709.79,0.0,0.024,9554527.002,1746705.834
2024-10-23 17:09:06,52.0,37.349763339999996,-121.93594295,6257.83,0.0,0.0,0.0,709.7959999999999,0.0,0.039,9554526.993,1746705.95
2024-10-23 17:09:07,52.0,37.34976269,-121.93594149999998,6257.853,0.017,0.007000000000000001,0.0,709.81,0.083,0.069,9554526.923999999,1746706.0219999999
2024-10-23 17:09:08,52.0,37.34976354,-121.93593959,6257.978,0.202,0.20700000000000002,0.0,709.8230000000001,0.876,0.044,9554526.714,1746705.9239999999
2024-10-23 17:09:09,52.0,37.349762240000004,-121.93593777999999,6257.98,0.022,-0.194,0.0,709.839,0.10500000000000001,0.079,9554526.664,1746706.0670000003
2024-10-23 17:09:10,52.0,37.34976455,-121.93593586,6258.179,0.223,0.21200000000000002,0.0,709.862,1.0310000000000001,0.11399999999999999,9554526.348000001,1746705.8050000002
2024-10-23 17:09:11,52.0,37.349763519999996,-121.93593624,6258.424000000001,0.176,-0.055999999999999994,0.0,709.888,0.756,0.08299999999999999,9554526.451000001,1746705.92
2024-10-23 17:09:12,52.0,37.34976322,-121.935936,6258.544,0.061,-0.123,0.0,709.9069999999999,0.254,0.082,9554526.453,1746705.954
2024-10-23 17:09:13,52.0,37.34976127,-121.93593589,6258.55,0.005,-0.05600000000000001,0.0,709.9269999999999,0.031,0.05900000000000001,9554526.586,1746706.173
2024-10-23 17:09:14,52.0,37.34976006,-121.93593604,6258.5650000000005,0.004,0.0,0.0,709.941,0.02,0.076,9554526.682,1746706.311
2024-10-23 17:09:15,52.0,37.349761640000004,-121.93593514,6258.706,0.17099999999999999,0.178,0.0,709.958,0.7470000000000001,0.041,9554526.499,1746706.1309999998
2024-10-23 17:09:16,52.0,37.34976185,-121.93593499,6258.71,0.038,-0.138,0.0,709.966,0.17099999999999999,0.049,9554526.472,1746706.1080000002
2024-10-23 17:09:17,52.0,37.349760579999995,-121.93593576999999,6258.71,0.003,-0.042,0.0,709.981,0.014000000000000002,0.052000000000000005,9554526.625,1746706.25
2024-10-23 17:09:18,52.0,37.34976218,-121.93593632,6258.71,0.0,0.0,0.0,709.993,0.0,0.042,9554526.554,1746706.073
2024-10-23 17:09:19,52.0,37.34976185000001,-121.93593547,6258.71,0.0,0.0,0.0,710.0,0.0,0.034999999999999996,9554526.511,1746706.105
2024-10-23 17:09:20,52.0,37.34976066,-121.93593596000001,6258.878,0.096,0.062,0.0,710.043,0.778,0.45999999999999996,9554526.635,1746706.2399999998
2024-10-23 17:09:21,52.0,37.34974654,-121.93592971000001,6260.618,1.7149999999999999,1.636,0.0,710.2270000000001,17.111,1.052,9554527.151,1746707.822
2024-10-23 17:09:22,52.0,37.34973078,-121.93591710999999,6262.933,2.2150000000000003,0.615,0.0,710.6,7.797,1.6760000000000002,9554527.284,1746709.577
2024-10-23 17:09:23,52.0,37.34974434,-121.93589460000001,6265.8330000000005,2.866,0.512,0.0,710.992,32.721,1.8030000000000002,9554524.545,1746708.0210000002
2024-10-23 17:09:24,52.0,37.34976594,-121.93587456,6268.907,3.149,0.46799999999999997,0.0,711.67,9.662,2.7880000000000003,9554521.423,1746705.5629999998
2024-10-23 17:09:25,52.0,37.34977311,-121.93587231,6270.455,1.2369999999999999,-2.175,0.0,712.059,6.311,0.8699999999999999,9554520.731,1746704.7550000001
2024-10-23 17:09:26,52.0,37.34977155,-121.93589348,6272.479,2.018,0.853,0.0,712.302,13.735,1.123,9554522.51,1746704.9600000002
2024-10-23 17:09:27,52.0,37.34975865,-121.93591644,6275.000999999999,2.495,0.549,0.0,712.5989999999999,12.838999999999999,1.215,9554525.239,1746706.443
2024-10-23 17:09:28,52.0,37.34974069,-121.93593745000001,6277.745,2.694,0.18,0.0,712.9100000000001,12.915000000000001,1.332,9554528.177,1746708.491
2024-10-23 17:09:29,52.0,37.34972184,-121.93595877,6280.579,2.8,0.10600000000000001,0.0,713.26,12.406,1.4229999999999998,9554531.206,1746710.641
2024-10-23 17:09:30,52.0,37.349705119999996,-121.93598184,6283.357,2.7510000000000003,-0.05600000000000001,0.0,713.611,11.561,1.375,9554534.216,1746712.5510000002
2024-10-23 17:09:31,52.0,37.3496909,-121.93600401,6285.897999999999,2.5469999999999997,-0.174,0.0,713.963,8.387,1.282,9554536.978,1746714.1809999999
2024-10-23 17:09:32,52.0,37.34968507,-121.93601708000001,6287.472,1.417,-1.096,0.0,714.199,3.479,0.757,9554538.425,1746714.855
2024-10-23 17:09:33,52.0,37.34969385,-121.93600692,6289.035,1.443,-0.08399999999999996,0.0,714.408,14.515,1.2550000000000001,9554536.996,1746713.8530000001
2024-10-23 17:09:34,52.0,37.34970122,-121.93600086,6290.486,1.262,-0.07299999999999998,0.0,714.757,4.263,0.974,9554535.993999999,1746713.015
2024-10-23 17:09:35,52.0,37.34969322,-121.93602157999999,6292.636,2.175,0.763,0.0,714.98,23.377,1.206,9554538.195999999,1746713.943
2024-10-23 17:09:36,52.0,37.34967886,-121.93604835000001,6295.509,2.859,0.8459999999999999,0.0,715.347,11.711,1.554,9554541.331,1746715.5969999998
2024-10-23 17:09:37,52.0,37.349667190000005,-121.93607258,6298.034000000001,2.511,-0.418,0.0,715.71,8.787,1.384,9554544.075,1746716.9420000003
2024-10-23 17:09:38,52.0,37.34965847,-121.93609305,6300.11,2.064,-0.449,0.0,716.0609999999999,6.565,1.115,9554546.309,1746717.9510000001
2024-10-23 17:09:39,52.0,37.349652320000004,-121.93610945,6301.7300000000005,1.598,-0.483,0.0,716.208,5.887,0.30300000000000005,9554548.041,1746718.664
2024-10-23 17:09:40,52.0,37.34964824,-121.93612445000001,6303.155000000001,1.415,-0.18,0.0,716.27,5.619,0.22200000000000003,9554549.513,1746719.145
2024-10-23 17:09:41,52.0,37.34964601,-121.93613869,6304.462,1.3030000000000002,-0.11000000000000001,0.0,716.329,5.438,0.227,9554550.796,1746719.414
2024-10-23 17:09:42,52.0,37.34964458,-121.93615272,6305.74,1.2550000000000001,-0.038,0.0,716.382,5.378,0.20400000000000001,9554552.001,1746719.5960000001
2024-10-23 17:09:43,52.0,37.349642,-121.93616594999999,6306.961,1.193,-0.067,0.0,716.426,5.046,0.15,9554553.228999998,1746719.902
2024-10-23 17:09:44,52.0,37.34963954,-121.9361787,6308.139,1.158,-0.034999999999999996,0.0,716.465,4.978,0.157,9554554.407,1746720.197
2024-10-23 17:09:45,52.0,37.34963703,-121.93619053,6309.231,1.081,-0.076,0.0,716.504,4.445,0.157,9554555.521,1746720.496
2024-10-23 17:09:46,52.0,37.34963447,-121.93620173,6310.278,1.0310000000000001,-0.05600000000000001,0.0,716.54,4.382,0.138,9554556.584999999,1746720.799
2024-10-23 17:09:47,52.0,37.3496327,-121.93621273000001,6311.293,0.974,-0.05500000000000001,0.0,716.574,4.0920000000000005,0.125,9554557.578,1746721.0129999998
2024-10-23 17:09:48,52.0,37.34963255,-121.93622287000001,6312.219,0.906,-0.061,0.0,716.604,3.7159999999999997,0.10600000000000001,9554558.385,1746721.0440000002
2024-10-23 17:09:49,52.0,37.349635,-121.9362314,6313.054,0.841,-0.076,0.0,716.6279999999999,3.6990000000000003,0.10800000000000001,9554558.883,1746720.777
2024-10-23 17:09:50,52.0,37.34963936,-121.93623794,6313.862999999999,0.805,-0.039,0.0,716.658,3.465,0.11599999999999999,9554559.084999999,1746720.3
2024-10-23 17:09:51,52.0,37.349644819999995,-121.93624312,6314.673,0.8150000000000001,0.015,0.0,716.686,3.495,0.10200000000000001,9554559.106,1746719.693
2024-10-23 17:09:52,52.0,37.34965032,-121.93624585,6315.383,0.728,-0.082,0.0,716.711,2.912,0.10300000000000001,9554558.926,1746719.077
2024-10-23 17:09:53,52.0,37.34965441,-121.93624811,6315.943,0.602,-0.126,0.0,716.735,2.495,0.08499999999999999,9554558.813,1746718.6199999999
2024-10-23 17:09:54,52.0,37.349655080000005,-121.93624894,6316.08,0.159,-0.44699999999999995,0.0,716.7520000000001,0.518,0.05500000000000001,9554558.83,1746718.5440000002
2024-10-23 17:09:55,52.0,37.34965492,-121.93624904,6316.08,0.04,-0.13399999999999998,0.0,716.7639999999999,0.16999999999999998,0.037,9554558.848,1746718.566
2024-10-23 17:09:56,52.0,37.349654740000005,-121.93624910000001,6316.08,0.026000000000000002,0.005,0.0,716.77,0.11600000000000002,0.016,9554558.866,1746718.586
2024-10-23 17:09:57,52.0,37.349654580000006,-121.93624892,6316.08,0.001,-0.028999999999999998,0.0,716.7760000000001,0.007000000000000001,0.007000000000000001,9554558.864,1746718.602
2024-10-23 17:09:58,52.0,37.34965426,-121.93624875999998,6316.08,0.0,-0.001,0.0,716.78,0.0,0.01,9554558.87,1746718.634
2024-10-23 17:09:59,52.0,37.34965408000001,-121.93624874,6316.08,0.0,0.0,0.0,716.78,0.0,0.007000000000000001,9554558.886,1746718.6579999998
2024-10-23 17:10:00,52.0,37.34965414,-121.93624884,6316.08,0.0,0.0,0.0,716.784,0.0,0.0,9554558.889,1746718.65
2024-10-23 17:10:01,52.0,37.34965433,-121.93624884,6316.08,0.0,0.0,0.0,716.79,0.0,0.0,9554558.874,1746718.628
2024-10-23 17:10:02,52.0,37.34965464,-121.93624915000001,6316.08,0.0,0.0,0.0,716.79,0.0,0.0,9554558.88,1746718.5960000001
2024-10-23 17:10:03,52.0,37.34965484000001,-121.93624930000001,6316.08,0.0,0.0,0.0,716.79,0.0,0.003,9554558.876,1746718.5760000001
2024-10-23 17:10:04,52.0,37.34965504,-121.93624946,6316.08,0.0,0.0,0.0,716.798,0.0,0.004,9554558.874000002,1746718.554
2024-10-23 17:10:05,52.0,37.349655240000004,-121.9362494,6316.08,0.0,0.0,0.0,716.8,0.0,0.004,9554558.856,1746718.526
2024-10-23 17:10:06,52.0,37.34965527,-121.93624919999999,6316.08,0.0,0.0,0.0,716.8,0.0,0.0,9554558.833,1746718.523
2024-10-23 17:10:07,52.0,37.34965516,-121.93624921,6316.08,0.0,0.0,0.0,716.8,0.0,0.002,9554558.845,1746718.5359999998
2024-10-23 17:10:08,52.0,37.3496545,-121.93624827000001,6316.08,0.0,0.0,0.0,716.809,0.0,0.033,9554558.818,1746718.6120000002
2024-10-23 17:10:09,52.0,37.34965416,-121.93624606,6316.08,0.0,0.0,0.0,716.818,0.0,0.048,9554558.669,1746718.645
2024-10-23 17:10:10,52.0,37.34965631,-121.93624382,6316.08,0.0,0.0,0.0,716.8320000000001,0.0,0.048,9554558.339,1746718.4
2024-10-23 17:10:11,52.0,37.34965581,-121.93623994,6316.096,0.006999999999999999,0.002,0.0,716.842,0.040999999999999995,0.054000000000000006,9554558.068,1746718.4530000002
2024-10-23 17:10:12,52.0,37.3496575,-121.93623643000001,6316.415,0.319,0.323,0.0,716.8530000000001,1.472,0.033,9554557.672,1746718.2559999998
2024-10-23 17:10:13,52.0,37.34965653,-121.93623381,6316.554,0.10200000000000001,-0.21600000000000003,0.0,716.865,0.406,0.065,9554557.535,1746718.363
2024-10-23 17:10:14,52.0,37.349657660000005,-121.93623571,6316.751,0.227,0.123,0.0,716.883,1.002,0.051000000000000004,9554557.603,1746718.2370000002
2024-10-23 17:10:15,52.0,37.349657840000006,-121.93623579,6316.77,0.039,-0.187,0.0,716.89,0.17099999999999999,0.019,9554557.597,1746718.216
2024-10-23 17:10:16,52.0,37.349657730000004,-121.93623562,6316.77,0.003,-0.044,0.0,716.894,0.014000000000000002,0.007000000000000001,9554557.591,1746718.227
2024-10-23 17:10:17,52.0,37.34965771,-121.93623534000001,6316.77,0.0,0.002,0.0,716.9,0.0,0.0,9554557.571,1746718.2289999998
2024-10-23 17:10:18,52.0,37.34965768,-121.93623529000001,6316.77,0.0,0.0,0.0,716.9,0.0,0.0,9554557.57,1746718.2329999998
2024-10-23 17:10:19,52.0,37.34965778,-121.93623517,6316.77,0.0,0.0,0.0,716.9,0.0,0.0,9554557.551,1746718.2219999998
2024-10-23 17:10:20,52.0,37.34965813,-121.93623518,6316.77,0.0,0.0,0.0,716.904,0.0,0.0,9554557.526999999,1746718.186
2024-10-23 17:10:21,52.0,37.34965856,-121.93623516,6316.77,0.0,0.0,0.0,716.91,0.001,0.049,9554557.496,1746718.136
2024-10-23 17:10:22,52.0,37.34965869,-121.9362316,6317.0599999999995,0.305,0.296,0.0,716.938,1.706,0.123,9554557.206999999,1746718.117
2024-10-23 17:10:23,52.0,37.34966095,-121.93622865,6317.561,0.45099999999999996,0.156,0.0,716.96,1.952,0.10200000000000001,9554556.812,1746717.86
2024-10-23 17:10:24,52.0,37.34966218,-121.93622441,6318.158,0.548,0.084,0.0,716.996,2.523,0.189,9554556.39,1746717.7149999999
2024-10-23 17:10:25,52.0,37.34966137,-121.93622321999999,6318.446,0.22400000000000003,-0.321,0.0,717.057,0.7689999999999999,0.396,9554556.356,1746717.803
2024-10-23 17:10:26,52.0,37.34966215,-121.93622524,6318.687,0.215,-0.014000000000000002,0.0,717.1569999999999,0.9129999999999999,0.24700000000000003,9554556.458,1746717.7179999999
2024-10-23 17:10:27,52.0,37.34966235,-121.93622407000001,6318.906,0.22000000000000003,0.0010000000000000009,0.0,717.229,1.1039999999999999,0.36,9554556.352,1746717.6939999997
2024-10-23 17:10:28,52.0,37.34966285,-121.93622135000001,6319.239,0.29500000000000004,0.08399999999999999,0.0,717.289,1.303,0.14100000000000001,9554556.102,1746717.633
2024-10-23 17:10:29,52.0,37.34966419,-121.9362186,6319.544,0.27599999999999997,-0.002999999999999997,0.0,717.3149999999999,1.098,0.144,9554555.790000001,1746717.481
2024-10-23 17:10:30,52.0,37.34966337,-121.93621624,6319.719,0.11200000000000002,-0.16899999999999998,0.0,717.388,0.491,0.266,9554555.662,1746717.5690000001
2024-10-23 17:10:31,52.0,37.34966569,-121.93621845,6320.124,0.29900000000000004,0.20600000000000002,0.0,717.4300000000001,1.388,0.131,9554555.67,1746717.311
2024-10-23 17:10:32,52.0,37.349665169999994,-121.93621737999999,6320.3730000000005,0.223,-0.087,0.0,717.4540000000001,0.9800000000000001,0.092,9554555.623,1746717.368
2024-10-23 17:10:33,52.0,37.34966729,-121.93621656,6320.725,0.28900000000000003,0.076,0.0,717.475,1.2810000000000001,0.063,9554555.406,1746717.128
2024-10-23 17:10:34,52.0,37.34966669000001,-121.93621539,6320.79,0.054000000000000006,-0.253,0.0,717.488,0.22000000000000003,0.033,9554555.359,1746717.1949999998
2024-10-23 17:10:35,52.0,37.34966722,-121.93621499999999,6320.79,0.003,-0.05900000000000001,0.0,717.49,0.022,0.02,9554555.290000001,1746717.136
2024-10-23 17:10:36,52.0,37.34966824,-121.93621413000001,6320.79,0.0,0.004,0.0,717.5,0.0,0.027999999999999997,9554555.147,1746717.016
2024-10-23 17:10:37,52.0,37.34966937,-121.93621293999999,6321.064,0.071,0.053000000000000005,0.0,717.51,0.348,0.08,9554554.973000001,1746716.89
2024-10-23 17:10:38,52.0,37.34967155,-121.93621031,6321.563,0.28200000000000003,0.21000000000000002,0.0,717.542,1.402,0.182,9554554.608,1746716.639
2024-10-23 17:10:39,52.0,37.34967332,-121.93620748000001,6322.063,0.505,0.24500000000000002,0.0,717.583,2.206,0.11499999999999999,9554554.262,1746716.4379999998
2024-10-23 17:10:40,52.0,37.34967561,-121.93620744,6322.339,0.25,-0.257,0.0,717.609,0.9490000000000001,0.099,9554554.094,1746716.1809999999
2024-10-23 17:10:41,52.0,37.34967365,-121.9362045,6322.746,0.385,0.143,0.0,717.636,1.8760000000000001,0.097,9554554.003999999,1746716.3960000002
2024-10-23 17:10:42,52.0,37.34967305,-121.93620303,6322.88,0.10500000000000001,-0.269,0.0,717.655,0.395,0.05600000000000001,9554553.929000001,1746716.462
2024-10-23 17:10:43,52.0,37.34967367,-121.9362025,6322.88,0.007000000000000001,-0.121,0.0,717.664,0.051000000000000004,0.02,9554553.842999998,1746716.393
2024-10-23 17:10:44,52.0,37.34967371,-121.93620238000001,6322.88,0.0,-0.001,0.0,717.67,0.003,0.01,9554553.833,1746716.389
2024-10-23 17:10:45,52.0,37.34967388,-121.93620225,6322.88,0.0,0.0,0.0,717.67,0.0,0.005,9554553.811,1746716.368
2024-10-23 17:10:46,52.0,37.34967432,-121.93620212,6322.88,0.0,0.0,0.0,717.6769999999999,0.0,0.0,9554553.769,1746716.318
2024-10-23 17:10:47,52.0,37.3496747,-121.93620178,6322.88,0.0,0.0,0.0,717.68,0.0,0.004,9554553.716,1746716.2719999999
2024-10-23 17:10:48,52.0,37.34967494,-121.93620145999998,6322.88,0.0,0.0,0.0,717.68,0.0,0.007000000000000001,9554553.669,1746716.246
2024-10-23 17:10:49,52.0,37.34967532,-121.93620123999999,6322.88,0.0,0.0,0.0,717.683,0.0,0.002,9554553.629,1746716.2059999998
2024-10-23 17:10:50,52.0,37.3496756,-121.93620163,6323.003,0.014000000000000002,0.007000000000000001,0.0,717.692,0.064,0.068,9554553.636,1746716.1719999998
2024-10-23 17:10:51,52.0,37.34967803,-121.93620142,6323.513000000001,0.27,0.279,0.0,717.716,1.213,0.095,9554553.447,1746715.9
2024-10-23 17:10:52,52.0,37.349679,-121.93620043000001,6323.652,0.151,-0.136,0.0,717.737,0.659,0.081,9554553.300999999,1746715.7899999998
2024-10-23 17:10:53,52.0,37.349679249999994,-121.93619939,6323.75,0.088,-0.065,0.0,717.755,0.373,0.047,9554553.201000001,1746715.7600000002
2024-10-23 17:10:54,52.0,37.34967922,-121.93619874999999,6323.75,0.005,-0.086,0.0,717.761,0.027000000000000003,0.026000000000000002,9554553.153,1746715.758
2024-10-23 17:10:55,52.0,37.34967898,-121.93619860000001,6323.75,0.0,-0.002,0.0,717.77,0.0,0.04,9554553.157000002,1746715.791
2024-10-23 17:10:56,52.0,37.34967903,-121.93619647,6324.013,0.163,0.127,0.0,717.802,1.101,0.262,9554552.986,1746715.7820000001
2024-10-23 17:10:57,52.0,37.34968095,-121.93618904,6324.779,0.781,0.673,0.0,717.9150000000001,3.8009999999999997,0.613,9554552.262,1746715.554
2024-10-23 17:10:58,52.0,37.349682619999996,-121.93618584999999,6325.218,0.367,-0.44000000000000006,0.0,718.062,1.316,0.726,9554551.894,1746715.364
2024-10-23 17:10:59,52.0,37.34968397,-121.93617296,6326.473,1.2650000000000001,0.9019999999999999,0.0,718.35,10.004999999999999,1.399,9554550.781,1746715.193
2024-10-23 17:11:00,52.0,37.34968518,-121.93616145000001,6327.584,1.0699999999999998,-0.142,0.0,718.567,2.998,0.26,9554549.787999999,1746715.0399999998
2024-10-23 17:11:01,52.0,37.349690429999995,-121.93615195,6328.64,1.008,-0.15699999999999997,0.0,718.6110000000001,5.548,0.168,9554548.665000001,1746714.4379999998
2024-10-23 17:11:02,52.0,37.34969628,-121.93613906,6329.962,1.325,0.377,0.0,718.658,6.068,0.207,9554547.232,1746713.762
2024-10-23 17:11:03,52.0,37.34970116,-121.93612647,6331.218,1.236,-0.097,0.0,718.711,4.898000000000001,0.201,9554545.890999999,1746713.1940000001
2024-10-23 17:11:04,52.0,37.349704499999994,-121.93611472,6332.340999999999,1.091,-0.158,0.0,718.758,4.532,0.16499999999999998,9554544.728,1746712.804
2024-10-23 17:11:05,52.0,37.34970725,-121.93610424,6333.341,0.9640000000000001,-0.127,0.0,718.794,3.835,0.135,9554543.705,1746712.481
2024-10-23 17:11:06,52.0,37.34971067,-121.93609683,6334.15,0.787,-0.174,0.0,718.826,3.044,0.118,9554542.878,1746712.086
2024-10-23 17:11:07,52.0,37.34971457,-121.93609194999999,6334.83,0.635,-0.178,0.0,718.851,2.9509999999999996,0.10500000000000001,9554542.214,1746711.64
2024-10-23 17:11:08,52.0,37.34971813,-121.93609315,6335.49,0.612,0.006000000000000005,0.0,718.8770000000001,2.366,0.092,9554542.055,1746711.241
2024-10-23 17:11:09,52.0,37.3497183,-121.93610095,6336.029,0.324,-0.33399999999999996,0.0,718.904,1.4689999999999999,0.184,9554542.655,1746711.2329999998
2024-10-23 17:11:10,52.0,37.34971663,-121.93611366,6337.159,1.0210000000000001,0.718,0.0,718.991,7.087999999999999,0.622,9554543.778,1746711.4379999998
2024-10-23 17:11:11,52.0,37.349716009999995,-121.93612427999999,6338.138,0.889,-0.05299999999999999,0.0,719.163,2.404,0.393,9554544.657,1746711.523
2024-10-23 17:11:12,52.0,37.34971647,-121.93612422000001,6338.537,0.33599999999999997,-0.638,0.0,719.2040000000001,1.5219999999999998,0.11100000000000002,9554544.620000001,1746711.4719999998
2024-10-23 17:11:13,52.0,37.34971501,-121.93611971,6339.066000000001,0.563,0.251,0.0,719.231,2.643,0.11000000000000001,9554544.370000001,1746711.629
2024-10-23 17:11:14,52.0,37.349714999999996,-121.93611393,6339.635,0.598,0.053000000000000005,0.0,719.256,2.4829999999999997,0.089,9554543.914,1746711.622
2024-10-23 17:11:15,52.0,37.34971696,-121.93611465,6340.15,0.378,-0.253,0.0,719.284,1.9289999999999998,0.15,9554543.831,1746711.4030000002
2024-10-23 17:11:16,52.0,37.34972249,-121.93612073,6341.005,0.827,0.49400000000000005,0.0,719.384,3.9579999999999997,0.737,9554543.915000001,1746710.788
2024-10-23 17:11:17,52.0,37.34972464,-121.93612833,6341.773999999999,0.67,-0.14500000000000002,0.0,719.5379999999999,2.628,0.316,9554544.359000001,1746710.5579999997
2024-10-23 17:11:18,52.0,37.3497273,-121.93613162,6342.258,0.44299999999999995,-0.24500000000000002,0.0,719.5840000000001,1.7919999999999998,0.132,9554544.43,1746710.2629999998
2024-10-23 17:11:19,52.0,37.349725969999994,-121.93613167999999,6342.553,0.22000000000000003,-0.26,0.0,719.612,1.0859999999999999,0.082,9554544.529,1746710.413
2024-10-23 17:11:20,52.0,37.34972346,-121.93612931,6342.974,0.48200000000000004,0.275,0.0,719.632,2.25,0.089,9554544.521,1746710.693
2024-10-23 17:11:21,52.0,37.34972107,-121.93612574000001,6343.483,0.527,0.045,0.0,719.656,2.335,0.098,9554544.41,1746710.955
2024-10-23 17:11:22,52.0,37.349720129999994,-121.93612221000001,6343.965999999999,0.403,-0.11499999999999999,0.0,719.678,1.532,0.067,9554544.2,1746711.0559999999
2024-10-23 17:11:23,52.0,37.34971855,-121.93611916,6344.15,0.125,-0.282,0.0,719.6890000000001,0.509,0.038,9554544.074000001,1746711.2289999998
2024-10-23 17:11:24,52.0,37.34971835,-121.93611874000001,6344.15,0.007000000000000001,-0.124,0.0,719.7,0.034999999999999996,0.03,9554544.053,1746711.2519999999
2024-10-23 17:11:25,52.0,37.34972015,-121.93612017999999,6344.15,0.0,-0.001,0.0,719.705,0.001,0.02,9554544.04,1746711.049
2024-10-23 17:11:26,52.0,37.34971959,-121.93611905,6344.15,0.0,0.0,0.0,719.71,0.0,0.019,9554543.989,1746711.114
2024-10-23 17:11:27,52.0,37.34971918,-121.93611814,6344.15,0.0,0.0,0.0,719.717,0.0,0.023,9554543.945,1746711.1570000001
2024-10-23 17:11:28,52.0,37.3497207,-121.93611965,6344.15,0.0,0.0,0.0,719.7230000000001,0.0,0.031,9554543.957,1746710.989
2024-10-23 17:11:29,52.0,37.34972282,-121.93611713,6344.335,0.182,0.155,0.0,719.7360000000001,1.107,0.096,9554543.608,1746710.746
2024-10-23 17:11:30,52.0,37.34972742,-121.93611376000001,6345.001,0.64,0.513,0.0,719.766,2.925,0.11699999999999999,9554543.015,1746710.224
2024-10-23 17:11:31,52.0,37.34973011,-121.93610802,6345.654,0.615,-0.054000000000000006,0.0,719.7909999999999,2.7809999999999997,0.10900000000000001,9554542.370000001,1746709.916
2024-10-23 17:11:32,52.0,37.34973196,-121.93610269000001,6346.273999999999,0.568,-0.04,0.0,719.833,2.243,0.24400000000000005,9554541.818,1746709.6989999998
2024-10-23 17:11:33,52.0,37.349730820000005,-121.93609953999999,6346.769,0.367,-0.213,0.0,719.913,1.5390000000000001,0.40499999999999997,9554541.650999999,1746709.823
2024-10-23 17:11:34,52.0,37.34972832,-121.93610158999999,6347.156,0.277,-0.128,0.0,720.008,1.366,0.309,9554541.99,1746710.1079999998
2024-10-23 17:11:35,52.0,37.34972501,-121.9361069,6347.808999999999,0.5660000000000001,0.33799999999999997,0.0,720.083,2.566,0.29500000000000004,9554542.645,1746710.488
2024-10-23 17:11:36,52.0,37.34972599,-121.93611303,6348.426,0.5660000000000001,0.013000000000000001,0.0,720.133,2.478,0.095,9554543.057,1746710.386
2024-10-23 17:11:37,52.0,37.349725469999996,-121.93611344000001,6348.76,0.262,-0.333,0.0,720.154,1.0779999999999998,0.057999999999999996,9554543.127,1746710.4440000001
2024-10-23 17:11:38,52.0,37.34972288,-121.93611347999999,6348.975,0.146,-0.095,0.0,720.164,0.584,0.042,9554543.316,1746710.734
2024-10-23 17:11:39,52.0,37.34972193,-121.93611154999999,6349.098,0.128,-0.048,0.0,720.1759999999999,0.661,0.047,9554543.231,1746710.8400000003
2024-10-23 17:11:40,52.0,37.349722580000005,-121.93610983,6349.27,0.161,0.071,0.0,720.1809999999999,0.632,0.017,9554543.05,1746710.762
2024-10-23 17:11:41,52.0,37.349722639999996,-121.93611155,6349.27,0.01,-0.17099999999999999,0.0,720.19,0.045,0.019,9554543.181,1746710.7600000002
2024-10-23 17:11:42,52.0,37.34972342,-121.93611014000001,6349.27,0.0,0.0,0.0,720.19,0.001,0.01,9554543.014,1746710.67
2024-10-23 17:11:43,52.0,37.34972378,-121.93611045,6349.27,0.0,0.0,0.0,720.1990000000001,0.0,0.003,9554543.014,1746710.6309999998
2024-10-23 17:11:44,52.0,37.349724249999994,-121.93610997,6349.27,0.0,0.0,0.0,720.2,0.0,0.011,9554542.941,1746710.575
2024-10-23 17:11:45,52.0,37.34972515,-121.93610817999999,6349.27,0.0,0.0,0.0,720.206,0.0,0.023,9554542.736,1746710.473
2024-10-23 17:11:46,52.0,37.349726079999996,-121.93610771000002,6349.27,0.0,0.0,0.0,720.21,0.0,0.016,9554542.633,1746710.367
2024-10-23 17:11:47,52.0,37.34972579,-121.93610882,6349.27,0.0,0.0,0.0,720.216,0.0,0.032,9554542.741,1746710.4009999998
2024-10-23 17:11:48,52.0,37.34972612,-121.93610518,6349.27,0.0,0.0,0.0,720.2270000000001,0.0,0.028000000000000004,9554542.431,1746710.359
2024-10-23 17:11:49,52.0,37.34972626,-121.93610484999999,6349.27,0.0,0.0,0.0,720.23,0.0,0.017,9554542.394,1746710.344
2024-10-23 17:11:50,52.0,37.349726079999996,-121.93610682,6349.27,0.001,0.0,0.0,720.238,0.001,0.051000000000000004,9554542.561,1746710.367
2024-10-23 17:11:51,52.0,37.34972616,-121.93610644,6349.386,0.031,0.023,0.0,720.262,0.14900000000000002,0.143,9554542.526999999,1746710.357
2024-10-23 17:11:52,52.0,37.349727689999995,-121.93611092,6349.951999999999,0.484,0.461,0.0,720.3109999999999,2.586,0.25,9554542.77,1746710.19
2024-10-23 17:11:53,52.0,37.34972789,-121.93611711000001,6350.558999999999,0.5650000000000001,0.10700000000000001,0.0,720.3610000000001,2.232,0.095,9554543.243999999,1746710.179
2024-10-23 17:11:54,52.0,37.34973066,-121.93611622,6351.062,0.429,-0.16899999999999998,0.0,720.381,2.034,0.084,9554542.974,1746709.864
2024-10-23 17:11:55,52.0,37.34973312,-121.93611314,6351.397,0.319,-0.078,0.0,720.396,1.161,0.047,9554542.558,1746709.584
2024-10-23 17:11:56,52.0,37.34973243,-121.93611123999999,6351.42,0.017,-0.34199999999999997,0.0,720.408,0.083,0.048,9554542.458,1746709.6579999998
2024-10-23 17:11:57,52.0,37.349731080000005,-121.93611022,6351.42,0.0,-0.004,0.0,720.419,0.006,0.022,9554542.472,1746709.81
2024-10-23 17:11:58,52.0,37.349731070000004,-121.9361101,6351.42,0.0,0.001,0.0,720.424,0.0,0.025,9554542.465,1746709.8080000002
2024-10-23 17:11:59,52.0,37.34973253,-121.93611003999999,6351.42,0.0,0.0,0.0,720.43,0.0,0.038,9554542.355,1746709.6460000002
2024-10-23 17:12:00,52.0,37.34973092,-121.93611059,6351.586,0.084,0.081,0.0,720.451,0.41500000000000004,0.175,9554542.514,1746709.827
2024-10-23 17:12:01,52.0,37.34973239,-121.93610974,6352.029,0.377,0.331,0.0,720.539,1.7440000000000002,0.364,9554542.344,1746709.6609999998
2024-10-23 17:12:02,52.0,37.349729960000005,-121.93611056,6352.401,0.258,-0.139,0.0,720.5790000000001,1.143,0.066,9554542.58,1746709.935
2024-10-23 17:12:03,52.0,37.349731129999995,-121.93610960000001,6352.45,0.04,-0.24100000000000002,0.0,720.594,0.174,0.053000000000000005,9554542.422,1746709.8010000002
2024-10-23 17:12:04,52.0,37.34972826,-121.93611085,6352.45,0.004,-0.031,0.0,720.608,0.026000000000000002,0.20600000000000002,9554542.724,1746710.1259999997
2024-10-23 17:12:05,52.0,37.34972537,-121.93611647,6353.057,0.584,0.521,0.0,720.755,5.95,0.9790000000000001,9554543.374,1746710.4600000002
2024-10-23 17:12:06,52.0,37.349719879999995,-121.93612935000002,6354.724,1.502,1.0710000000000002,0.0,721.059,7.081,1.173,9554544.779,1746711.095
2024-10-23 17:12:07,52.0,37.34973102,-121.93612802,6356.387000000001,1.543,-0.07500000000000001,0.0,721.326,9.788,1.0379999999999998,9554543.882,1746709.8399999999
2024-10-23 17:12:08,52.0,37.349737829999995,-121.9361064,6358.5470000000005,2.166,0.667,0.0,721.578,13.006,1.246,9554541.689,1746709.043
2024-10-23 17:12:09,52.0,37.34973941,-121.93608114999999,6360.816000000001,2.273,0.126,0.0,721.948,8.285,1.4689999999999999,9554539.589,1746708.832
2024-10-23 17:12:10,52.0,37.34974079,-121.93606130999999,6362.6089999999995,1.7329999999999999,-0.579,0.0,722.252,5.548,0.738,9554537.927,1746708.6490000002
2024-10-23 17:12:11,52.0,37.34974298,-121.93604553,6364.0419999999995,1.394,-0.358,0.0,722.341,5.444,0.207,9554536.528,1746708.3800000001
2024-10-23 17:12:12,52.0,37.34974534,-121.93603096,6365.369000000001,1.282,-0.101,0.0,722.384,5.324,0.16,9554535.212000001,1746708.095
2024-10-23 17:12:13,52.0,37.34974785,-121.93601839,6366.534,1.123,-0.156,0.0,722.424,4.361,0.158,9554534.043000001,1746707.796
2024-10-23 17:12:14,52.0,37.349749429999996,-121.93600811000002,6367.477000000001,0.8880000000000001,-0.23500000000000001,0.0,722.464,3.311,0.155,9554533.120000001,1746707.6030000001
2024-10-23 17:12:15,52.0,37.349749329999995,-121.93600056,6368.184,0.64,-0.244,0.0,722.504,2.407,0.16,9554532.533,1746707.606
2024-10-23 17:12:16,52.0,37.34974837,-121.93599695,6368.58,0.321,-0.316,0.0,722.53,1.228,0.038,9554532.316,1746707.709
2024-10-23 17:12:17,52.0,37.349748999999996,-121.93599692000001,6368.683,0.075,-0.27999999999999997,0.0,722.5409999999999,0.381,0.077,9554532.269,1746707.639
2024-10-23 17:12:18,52.0,37.34974905,-121.93599772,6369.003,0.23000000000000004,0.174,0.0,722.5640000000001,1.0390000000000001,0.081,9554532.329,1746707.634
2024-10-23 17:12:19,52.0,37.349747300000004,-121.93599577,6369.3330000000005,0.32999999999999996,0.132,0.0,722.5780000000001,1.407,0.032,9554532.3,1746707.8260000001
2024-10-23 17:12:20,52.0,37.34974657,-121.93599864000001,6369.38,0.037,-0.316,0.0,722.586,0.162,0.044,9554532.577,1746707.914
2024-10-23 17:12:21,52.0,37.34974449,-121.93599771,6369.38,0.002,-0.039,0.0,722.597,0.016,0.051000000000000004,9554532.652,1746708.145
2024-10-23 17:12:22,52.0,37.34974294,-121.93599674,6369.382,0.004,0.004,0.0,722.6110000000001,0.016999999999999998,0.071,9554532.686999999,1746708.3170000003
2024-10-23 17:12:23,52.0,37.34974285,-121.93599585,6369.4,0.11000000000000001,0.11200000000000002,0.0,722.629,0.476,0.051000000000000004,9554532.624,1746708.327
2024-10-23 17:12:24,52.0,37.349742230000004,-121.93599432,6369.4,0.036000000000000004,-0.072,0.0,722.638,0.16899999999999998,0.028000000000000004,9554532.548,1746708.3969999999
2024-10-23 17:12:25,52.0,37.349741890000004,-121.93599413,6369.4,0.0,-0.039,0.0,722.642,0.011,0.020999999999999998,9554532.557,1746708.432
2024-10-23 17:12:26,52.0,37.34974111,-121.93599650000002,6369.563,0.16899999999999998,0.161,0.0,722.6569999999999,0.845,0.071,9554532.801,1746708.5240000002
2024-10-23 17:12:27,52.0,37.34973807,-121.93599948,6370.037,0.453,0.316,0.0,722.675,2.054,0.05500000000000001,9554533.251,1746708.8699999999
2024-10-23 17:12:28,52.0,37.34973675,-121.93600113,6370.25,0.13899999999999998,-0.328,0.0,722.684,0.49799999999999994,0.03,9554533.476,1746709.0219999999
2024-10-23 17:12:29,52.0,37.34973738,-121.9360009,6370.25,0.007000000000000001,-0.153,0.0,722.691,0.04,0.041,9554533.414,1746708.952
2024-10-23 17:12:30,52.0,37.349736560000004,-121.93600091,6370.25,0.0,0.007000000000000001,0.0,722.7040000000001,0.0,0.05700000000000001,9554533.471,1746709.0440000002
2024-10-23 17:12:31,52.0,37.34973606,-121.93600062,6370.259,0.05600000000000001,0.051000000000000004,0.0,722.721,0.24100000000000002,0.094,9554533.487,1746709.0969999998
2024-10-23 17:12:32,52.0,37.34973566,-121.93599927999999,6370.532,0.19,0.121,0.0,722.75,0.914,0.1,9554533.407,1746709.14
2024-10-23 17:12:33,52.0,37.34973341,-121.93600048,6370.892,0.329,0.15799999999999997,0.0,722.77,1.405,0.079,9554533.664,1746709.395
2024-10-23 17:12:34,52.0,37.34973146,-121.93600083000001,6371.18,0.205,-0.11200000000000002,0.0,722.79,0.843,0.075,9554533.831,1746709.616
2024-10-23 17:12:35,52.0,37.34973145,-121.9360011,6371.22,0.074,-0.144,0.0,722.809,0.33799999999999997,0.075,9554533.855,1746709.6149999998
2024-10-23 17:12:36,52.0,37.34973143,-121.93600076,6371.22,0.043,-0.031,0.0,722.827,0.192,0.061,9554533.828,1746709.617
2024-10-23 17:12:37,52.0,37.349731559999995,-121.93600008000001,6371.22,0.0,-0.045,0.0,722.8370000000001,0.012,0.026000000000000002,9554533.764,1746709.6039999998
2024-10-23 17:12:38,52.0,37.3497317,-121.93599923,6371.22,0.003,0.001,0.0,722.844,0.01,0.065,9554533.685,1746709.5900000003
2024-10-23 17:12:39,52.0,37.34972997,-121.93599761,6371.513000000001,0.189,0.132,0.0,722.88,1.541,0.257,9554533.684,1746709.78
2024-10-23 17:12:40,52.0,37.349725389999996,-121.93599300999999,6372.287,0.721,0.641,0.0,722.955,3.053,0.23900000000000002,9554533.647999998,1746710.2859999998
2024-10-23 17:12:41,52.0,37.3497276,-121.93599400999999,6372.698,0.366,-0.394,0.0,722.993,1.8519999999999999,0.10400000000000001,9554533.569,1746710.041
2024-10-23 17:12:42,52.0,37.349728420000005,-121.93599454,6372.8,0.138,-0.231,0.0,723.01,0.477,0.053000000000000005,9554533.552,1746709.948
2024-10-23 17:12:43,52.0,37.349724859999995,-121.93599308,6373.238,0.383,0.11499999999999999,0.0,723.076,5.8260000000000005,0.693,9554533.690000001,1746710.349
2024-10-23 17:12:44,52.0,37.34970774,-121.9359833,6375.357,2.21,2.0010000000000003,0.0,723.322,15.623,1.238,9554534.143000001,1746712.259
2024-10-23 17:12:45,52.0,37.34970194,-121.93597245000001,6377.0,1.44,-0.817,0.0,723.641,4.311,1.059,9554533.704,1746712.8960000002
2024-10-23 17:12:46,52.0,37.34970958,-121.93596247999999,6378.2970000000005,1.3039999999999998,-0.176,0.0,723.955,6.506,1.386,9554532.372,1746712.0219999999
2024-10-23 17:12:47,52.0,37.34971083,-121.93596376999999,6379.236999999999,0.666,-0.6849999999999999,0.0,724.2149999999999,4.07,0.782,9554532.385,1746711.884
2024-10-23 17:12:48,52.0,37.34971316,-121.93597686000001,6380.5199999999995,1.335,0.747,0.0,724.375,6.9319999999999995,0.492,9554533.249,1746711.641
2024-10-23 17:12:49,52.0,37.34972338,-121.93598254999999,6381.879,1.374,0.05600000000000001,0.0,724.463,6.016,0.252,9554532.967,1746710.4990000003
2024-10-23 17:12:50,52.0,37.34973511,-121.93597738999999,6383.286,1.4289999999999998,0.038,0.0,724.528,6.404999999999999,0.279,9554531.723000001,1746709.173
2024-10-23 17:12:51,52.0,37.34974461,-121.93596795,6384.657,1.362,-0.063,0.0,724.5930000000001,5.478,0.22200000000000003,9554530.300999999,1746708.091
2024-10-23 17:12:52,52.0,37.349751350000005,-121.93595839,6385.803,1.129,-0.23700000000000002,0.0,724.64,4.207,0.181,9554529.066,1746707.321
2024-10-23 17:12:53,52.0,37.349756400000004,-121.93595138999999,6386.657,0.8380000000000001,-0.294,0.0,724.683,3.077,0.145,9554528.153,1746706.743
2024-10-23 17:12:54,52.0,37.34976178,-121.93594871,6387.36,0.689,-0.13999999999999999,0.0,724.717,2.8259999999999996,0.11300000000000002,9554527.558,1746706.1350000002
2024-10-23 17:12:55,52.0,37.34976505,-121.93594634000002,6387.824,0.42000000000000004,-0.28300000000000003,0.0,724.74,1.765,0.11600000000000002,9554527.136,1746705.7629999998
2024-10-23 17:12:56,52.0,37.34976788,-121.93594407999998,6388.24,0.376,-0.025,0.0,724.7729999999999,1.476,0.135,9554526.759,1746705.443
2024-10-23 17:12:57,52.0,37.34976839,-121.93594201,6388.616,0.23399999999999999,-0.144,0.0,724.812,1.051,0.154,9554526.558,1746705.3809999998
2024-10-23 17:12:58,52.0,37.34977209,-121.93594742,6389.306,0.687,0.434,0.0,724.86,4.1899999999999995,0.26,9554526.720999999,1746704.973
2024-10-23 17:12:59,52.0,37.34977526,-121.93595886,6390.416,1.107,0.44800000000000006,0.0,724.933,5.583,0.55,9554527.394,1746704.632
2024-10-23 17:13:00,52.0,37.34977618,-121.93596542,6391.211,0.6769999999999999,-0.421,0.0,725.106,1.9149999999999998,0.5439999999999999,9554527.844,1746704.538
2024-10-23 17:13:01,52.0,37.34977323,-121.93595773,6392.269,1.053,0.301,0.0,725.244,9.508,0.818,9554527.451000001,1746704.859
2024-10-23 17:13:02,52.0,37.34976718,-121.93594765,6393.427000000001,1.253,0.35,0.0,725.48,3.524,0.572,9554527.089,1746705.5239999997
2024-10-23 17:13:03,52.0,37.34976641,-121.93594547000001,6393.728,0.24,-1.15,0.0,725.535,0.8210000000000001,0.231,9554526.973000001,1746705.609
2024-10-23 17:13:04,52.0,37.34976674,-121.93594851,6394.236999999999,0.356,0.149,0.0,725.635,1.7530000000000001,0.45499999999999996,9554527.189,1746705.575
2024-10-23 17:13:05,52.0,37.34976835,-121.93595095,6394.671,0.331,-0.0020000000000000018,0.0,725.717,1.374,0.233,9554527.265,1746705.398
2024-10-23 17:13:06,52.0,37.34977021,-121.93594866000001,6395.074,0.367,0.028000000000000004,0.0,725.762,1.609,0.138,9554526.953,1746705.186
2024-10-23 17:13:07,52.0,37.3497703,-121.93594518,6395.471,0.397,0.018,0.0,725.799,1.829,0.119,9554526.672,1746705.17
2024-10-23 17:13:08,52.0,37.34977054,-121.93594379000001,6395.64,0.207,-0.178,0.0,725.8149999999999,0.753,0.026000000000000002,9554526.543000001,1746705.1420000002
2024-10-23 17:13:09,52.0,37.34977063,-121.93594392,6395.64,0.016,-0.21000000000000002,0.0,725.82,0.08,0.005,9554526.547,1746705.132
2024-10-23 17:13:10,52.0,37.34977119,-121.93594374,6395.64,0.0,-0.007000000000000001,0.0,725.82,0.005,0.015,9554526.493999999,1746705.071
2024-10-23 17:13:11,52.0,37.34977077,-121.93594301,6395.655000000001,0.006,0.001,0.0,725.833,0.028999999999999998,0.064,9554526.468,1746705.1149999998
2024-10-23 17:13:12,52.0,37.34977126,-121.93593954,6395.931,0.274,0.28900000000000003,0.0,725.8480000000001,1.2280000000000002,0.041999999999999996,9554526.159,1746705.0560000003
2024-10-23 17:13:13,52.0,37.34977156,-121.93593831000001,6396.044,0.085,-0.20800000000000002,0.0,725.8610000000001,0.375,0.069,9554526.040000001,1746705.02
2024-10-23 17:13:14,52.0,37.34977113,-121.93593991,6396.18,0.132,0.05,0.0,725.875,0.561,0.039,9554526.197,1746705.0699999998
2024-10-23 17:13:15,52.0,37.34977124,-121.93593932000002,6396.18,0.009,-0.127,0.0,725.88,0.04,0.026000000000000002,9554526.142,1746705.0560000003
2024-10-23 17:13:16,52.0,37.3497706,-121.93593771,6396.18,0.0,-0.007000000000000001,0.0,725.894,0.002,0.064,9554526.062,1746705.128
2024-10-23 17:13:17,52.0,37.34977,-121.93593641,6396.214,0.025,0.009000000000000001,0.0,725.911,0.127,0.095,9554526.003,1746705.193
2024-10-23 17:13:18,52.0,37.34977096,-121.93593856,6396.446,0.22000000000000003,0.225,0.0,725.933,0.961,0.064,9554526.103999998,1746705.088
2024-10-23 17:13:19,52.0,37.34977032,-121.93593913,6396.585,0.084,-0.146,0.0,725.951,0.376,0.088,9554526.193,1746705.159
2024-10-23 17:13:20,52.0,37.34976861,-121.93593637,6396.976000000001,0.341,0.288,0.0,725.976,1.612,0.10200000000000001,9554526.098000001,1746705.3469999998
2024-10-23 17:13:21,52.0,37.3497697,-121.93593772,6397.280000000001,0.28700000000000003,-0.052000000000000005,0.0,726.004,1.308,0.119,9554526.125,1746705.2259999998
2024-10-23 17:13:22,52.0,37.349768080000004,-121.93593747,6397.504,0.088,-0.24,0.0,726.03,0.375,0.097,9554526.220999999,1746705.4109999998
2024-10-23 17:13:23,52.0,37.34976838,-121.93593667,6397.69,0.178,0.094,0.0,726.053,0.765,0.074,9554526.138,1746705.3740000003
2024-10-23 17:13:24,52.0,37.349766779999996,-121.93593668999999,6397.69,0.019,-0.159,0.0,726.068,0.09,0.04,9554526.254,1746705.5550000002
2024-10-23 17:13:25,52.0,37.3497658,-121.9359368,6397.69,0.0,-0.02,0.0,726.075,0.006,0.025,9554526.33,1746705.67
2024-10-23 17:13:26,52.0,37.34976577,-121.9359368,6397.724,0.011000000000000001,0.004,0.0,726.083,0.05700000000000001,0.08299999999999999,9554526.333,1746705.67
2024-10-23 17:13:27,52.0,37.34976911,-121.93593896,6398.192,0.518,0.546,0.0,726.12,2.6399999999999997,0.145,9554526.268,1746705.296
2024-10-23 17:13:28,52.0,37.34976853,-121.93593872,6398.411,0.20299999999999999,-0.352,0.0,726.15,0.827,0.10400000000000001,9554526.291,1746705.361
2024-10-23 17:13:29,52.0,37.34976805,-121.93593991,6398.741,0.248,0.028999999999999998,0.0,726.17,1.126,0.075,9554526.417,1746705.418
2024-10-23 17:13:30,52.0,37.349768319999995,-121.93594075000001,6398.903,0.16,-0.06100000000000001,0.0,726.191,0.643,0.10300000000000001,9554526.465,1746705.3879999998
2024-10-23 17:13:31,52.0,37.34976812,-121.93594016,6399.142,0.136,-0.049,0.0,726.216,0.599,0.092,9554526.431,1746705.4079999998
2024-10-23 17:13:32,52.0,37.34977111,-121.93594393999999,6399.683999999999,0.475,0.24400000000000005,0.0,726.2940000000001,7.042,0.776,9554526.517,1746705.077
2024-10-23 17:13:33,52.0,37.3497906,-121.93595957,6402.288,2.697,2.372,0.0,726.585,24.671,1.369,9554526.356,1746702.9080000003
2024-10-23 17:13:34,52.0,37.34980781,-121.93596413,6404.719,2.288,-0.344,0.0,726.919,5.439,1.264,9554525.483,1746700.9780000001
2024-10-23 17:13:35,52.0,37.34980546,-121.93593267000001,6407.7300000000005,2.9810000000000003,0.5130000000000001,0.0,727.297,41.625,1.705,9554523.173,1746701.202
2024-10-23 17:13:36,52.0,37.34979783,-121.93588784,6411.835,4.223,1.48,0.0,727.799,20.261000000000003,2.527,9554520.187,1746701.996
2024-10-23 17:13:37,52.0,37.34979267,-121.93586849,6414.07,1.964,-2.399,0.0,728.3,6.698,1.162,9554519.034,1746702.55
2024-10-23 17:13:38,52.0,37.34978235,-121.93588453,6416.342,2.157,0.08099999999999999,0.0,728.604,18.974,1.6469999999999998,9554521.033,1746703.732
2024-10-23 17:13:39,52.0,37.34979025,-121.93588761000001,6418.798000000001,1.959,-0.17,0.0,729.092,13.828999999999999,2.219,9554520.711,1746702.8469999998
2024-10-23 17:13:40,52.0,37.3497871,-121.9358523,6422.168,3.4509999999999996,1.537,0.0,729.714,30.218,2.523,9554518.155,1746703.1539999999
2024-10-23 17:13:41,52.0,37.34978024,-121.93582368,6424.921,2.759,-0.554,0.0,730.204,6.827,1.157,9554516.390999999,1746703.887
2024-10-23 17:13:42,52.0,37.34977069,-121.93582774,6426.579,1.441,-1.5470000000000002,0.0,730.404,8.251999999999999,0.8310000000000001,9554517.396000002,1746704.9670000002
2024-10-23 17:13:43,52.0,37.349765690000005,-121.93585173000001,6428.816000000001,2.302,0.9650000000000001,0.0,730.6600000000001,14.408000000000001,1.1780000000000002,9554519.640999999,1746705.5620000002
2024-10-23 17:13:44,52.0,37.34976317,-121.93587868,6431.243,2.432,0.173,0.0,730.991,9.373999999999999,1.4629999999999999,9554521.944,1746705.8809999998
2024-10-23 17:13:45,52.0,37.34976407,-121.93590007,6433.169,1.936,-0.522,0.0,731.354,5.696,1.167,9554523.564,1746705.809
2024-10-23 17:13:46,52.0,37.34976489,-121.93591561000001,6434.589,1.346,-0.618,0.0,731.511,4.643,0.262,9554524.728999998,1746705.738
2024-10-23 17:13:47,52.0,37.34976202,-121.93592677,6435.663,1.011,-0.32599999999999996,0.0,731.576,3.5780000000000003,0.274,9554525.814,1746706.077
2024-10-23 17:13:48,52.0,37.3497612,-121.93593228,6436.229,0.487,-0.516,0.0,731.6279999999999,1.569,0.147,9554526.305,1746706.1759999997
2024-10-23 17:13:49,52.0,37.34975952,-121.93593533,6436.587,0.272,-0.248,0.0,731.669,1.359,0.196,9554526.666,1746706.3690000002
2024-10-23 17:13:50,52.0,37.34975806,-121.93594184000001,6437.21,0.612,0.398,0.0,731.71,2.822,0.125,9554527.284,1746706.5440000002
2024-10-23 17:13:51,52.0,37.34975558,-121.93594602,6437.74,0.42800000000000005,-0.227,0.0,731.739,2.0780000000000003,0.11000000000000001,9554527.787999999,1746706.8280000002
2024-10-23 17:13:52,52.0,37.34975229,-121.93595509,6438.65,0.899,0.47800000000000004,0.0,731.77,4.906000000000001,0.155,9554528.739,1746707.212
2024-10-23 17:13:53,52.0,37.349747789999995,-121.93596619,6439.777,1.1110000000000002,0.23199999999999998,0.0,731.813,4.965,0.16499999999999998,9554529.934999999,1746707.732
2024-10-23 17:13:54,52.0,37.349744220000005,-121.93597763,6440.8910000000005,1.089,-0.034,0.0,731.851,4.627000000000001,0.155,9554531.09,1746708.1489999997
2024-10-23 17:13:55,52.0,37.34974167,-121.93598965999999,6442.049,1.106,0.007999999999999998,0.0,731.895,5.151999999999999,0.19,9554532.220999999,1746708.452
2024-10-23 17:13:56,52.0,37.34973105,-121.93600122000001,6443.669,1.565,0.453,0.0,731.9770000000001,10.023,0.65,9554533.89,1746709.6609999998
2024-10-23 17:13:57,52.0,37.34971415,-121.93601085,6445.745,2.097,0.571,0.0,732.213,10.524,1.083,9554535.855,1746711.577
2024-10-23 17:13:58,52.0,37.349698669999995,-121.93601959,6447.657,1.9129999999999998,-0.197,0.0,732.49,6.648999999999999,1.0690000000000002,9554537.651999999,1746713.3280000002
2024-10-23 17:13:59,52.0,37.34968695,-121.93603046000001,6449.3099999999995,1.607,-0.327,0.0,732.684,5.945,0.409,9554539.345,1746714.662
2024-10-23 17:14:00,52.0,37.34967939,-121.9360431,6450.736,1.396,-0.215,0.0,732.75,5.738,0.223,9554540.879,1746715.5280000002
2024-10-23 17:14:01,52.0,37.34967428,-121.93605724,6452.122,1.364,-0.022,0.0,732.807,5.88,0.213,9554542.36,1746716.125
2024-10-23 17:14:02,52.0,37.34967016,-121.93607151,6453.481,1.328,-0.034999999999999996,0.0,732.854,5.627000000000001,0.183,9554543.778,1746716.607
2024-10-23 17:14:03,52.0,37.34966721,-121.93608588,6454.812,1.301,-0.029000000000000005,0.0,732.903,5.619,0.187,9554545.121,1746716.958
2024-10-23 17:14:04,52.0,37.3496643,-121.93609999,6456.115,1.276,-0.020999999999999998,0.0,732.945,5.449,0.169,9554546.439,1746717.3050000002
2024-10-23 17:14:05,52.0,37.34966081,-121.93611329000001,6457.368,1.225,-0.054000000000000006,0.0,732.988,5.236,0.179,9554547.735,1746717.716
2024-10-23 17:14:06,52.0,37.34965782,-121.93612635,6458.584000000001,1.186,-0.04,0.0,733.037,5.063,0.19,9554548.978999998,1746718.0690000001
2024-10-23 17:14:07,52.0,37.3496561,-121.93613954,6459.786,1.1569999999999998,-0.024,0.0,733.082,4.958,0.17099999999999999,9554550.14,1746718.28
2024-10-23 17:14:08,52.0,37.34965478,-121.93615307,6461.009,1.1809999999999998,0.019,0.0,733.126,5.343999999999999,0.181,9554551.3,1746718.447
2024-10-23 17:14:09,52.0,37.34965353,-121.93616681,6462.252,1.2029999999999998,0.028999999999999998,0.0,733.171,5.131,0.186,9554552.472,1746718.6080000002
2024-10-23 17:14:10,52.0,37.34965243,-121.93618031000001,6463.467,1.182,-0.028999999999999998,0.0,733.2180000000001,5.151,0.188,9554553.614,1746718.7480000001
2024-10-23 17:14:11,52.0,37.34965001,-121.93619339,6464.673,1.166,-0.009,0.0,733.266,4.964,0.176,9554554.818,1746719.0399999998
2024-10-23 17:14:12,52.0,37.34964667,-121.93620638,6465.902,1.186,0.019,0.0,733.31,5.284,0.198,9554556.079,1746719.4329999997
2024-10-23 17:14:13,52.0,37.349643279999995,-121.93621803,6467.032,1.093,-0.08299999999999999,0.0,733.3610000000001,4.2490000000000006,0.178,9554557.238,1746719.8309999998
2024-10-23 17:14:14,52.0,37.34964284,-121.93622854,6467.9980000000005,0.932,-0.172,0.0,733.4010000000001,3.893,0.164,9554558.097,1746719.894
2024-10-23 17:14:15,52.0,37.34964571,-121.93623720999999,6468.874,0.849,-0.082,0.0,733.437,3.5549999999999997,0.127,9554558.576000001,1746719.584
2024-10-23 17:14:16,52.0,37.3496507,-121.93624212,6469.654,0.764,-0.088,0.0,733.47,3.2119999999999997,0.154,9554558.606,1746719.0289999999
2024-10-23 17:14:17,52.0,37.34965466,-121.93624402,6470.233,0.5810000000000001,-0.164,0.0,733.509,2.121,0.134,9554558.472,1746718.586
2024-10-23 17:14:18,52.0,37.34965573,-121.93624295,6470.45,0.23500000000000001,-0.366,0.0,733.5409999999999,0.9640000000000001,0.11699999999999999,9554558.313,1746718.4640000002
2024-10-23 17:14:19,52.0,37.34965501,-121.93624366000002,6470.46,0.04,-0.2,0.0,733.5649999999999,0.186,0.071,9554558.418,1746718.548
2024-10-23 17:14:20,52.0,37.34965476000001,-121.93624368,6470.46,0.054000000000000006,0.02,0.0,733.581,0.22799999999999998,0.06,9554558.438,1746718.5740000003
2024-10-23 17:14:21,52.0,37.34965476000001,-121.93624334,6470.46,0.001,-0.052000000000000005,0.0,733.592,0.018,0.033999999999999996,9554558.412,1746718.5740000003
2024-10-23 17:14:22,52.0,37.34965464,-121.93624303000001,6470.46,0.0,-0.003,0.0,733.6,0.001,0.032,9554558.399,1746718.586
2024-10-23 17:14:23,52.0,37.3496544,-121.93624236999999,6470.46,0.0,0.0,0.0,733.609,0.0,0.016,9554558.358,1746718.61
2024-10-23 17:14:24,52.0,37.349654279999996,-121.93624192,6470.46,0.0,0.0,0.0,733.61,0.0,0.017,9554558.334,1746718.6240000003
2024-10-23 17:14:25,52.0,37.349654220000005,-121.93624173999999,6470.46,0.0,0.0,0.0,733.618,0.0,0.016,9554558.322,1746718.636
2024-10-23 17:14:26,52.0,37.3496542,-121.93624166,6470.46,0.0,0.0,0.0,733.62,0.0,0.013000000000000001,9554558.318,1746718.6379999998
2024-10-23 17:14:27,52.0,37.3496542,-121.93624164,6470.46,0.0,0.0,0.0,733.6270000000001,0.0,0.011,9554558.317,1746718.6369999996
2024-10-23 17:14:28,52.0,37.34965424,-121.93624170000001,6470.46,0.0,0.0,0.0,733.63,0.0,0.016999999999999998,9554558.32,1746718.632
2024-10-23 17:14:29,52.0,37.34965426,-121.93624170000001,6470.46,0.0,0.0,0.0,733.637,0.0,0.027999999999999997,9554558.32,1746718.628
2024-10-23 17:14:30,52.0,37.34965418,-121.93624179000001,6470.46,0.0,0.0,0.0,733.64,0.0,0.014000000000000002,9554558.33,1746718.6419999998
2024-10-23 17:14:31,52.0,37.34965416,-121.93624198,6470.46,0.0,0.0,0.0,733.65,0.0,0.02,9554558.35,1746718.6439999999
2024-10-23 17:14:32,52.0,37.3496542,-121.93624204,6470.46,0.0,0.0,0.0,733.6510000000001,0.0,0.013000000000000001,9554558.352,1746718.64
2024-10-23 17:14:33,52.0,37.34965425,-121.93624201999998,6470.46,0.0,0.0,0.0,733.66,0.0,0.017,9554558.345999999,1746718.6300000001
2024-10-23 17:14:34,52.0,37.3496543,-121.936242,6470.46,0.0,0.0,0.0,733.66,0.0,0.01,9554558.34,1746718.6200000003
2024-10-23 17:14:35,52.0,37.34965438,-121.936242,6470.46,0.0,0.0,0.0,733.6679999999999,0.0,0.02,9554558.331999999,1746718.6120000002
2024-10-23 17:14:36,52.0,37.349654580000006,-121.93624193999999,6470.46,0.0,0.0,0.0,733.67,0.0,0.017,9554558.311,1746718.5920000002
2024-10-23 17:14:37,52.0,37.3496547,-121.93624180000002,6470.46,0.0,0.0,0.0,733.6759999999999,0.0,0.011,9554558.29,1746718.58
2024-10-23 17:14:38,52.0,37.3496547,-121.93624170999999,6470.46,0.0,0.0,0.0,733.68,0.0,0.024,9554558.29,1746718.58
2024-10-23 17:14:39,52.0,37.34965497,-121.93624118999999,6470.554999999999,0.016999999999999998,0.014000000000000002,0.0,733.693,0.075,0.096,9554558.227,1746718.548
2024-10-23 17:14:40,52.0,37.3496548,-121.93624247,6470.821,0.176,0.144,0.0,733.722,0.938,0.1,9554558.341,1746718.568
2024-10-23 17:14:41,52.0,37.34965615,-121.93624522,6471.143,0.33399999999999996,0.197,0.0,733.744,1.351,0.094,9554558.461,1746718.4189999998
2024-10-23 17:14:42,52.0,37.34965598,-121.93624502,6471.15,0.08,-0.27999999999999997,0.0,733.76,0.352,0.036,9554558.456,1746718.44
2024-10-23 17:14:43,52.0,37.34965621,-121.9362452,6471.15,0.003,-0.076,0.0,733.77,0.027000000000000003,0.02,9554558.456999999,1746718.414
2024-10-23 17:14:44,52.0,37.34965622,-121.93624502,6471.15,0.0,-0.001,0.0,733.77,0.002,0.013000000000000001,9554558.44,1746718.409
2024-10-23 17:14:45,52.0,37.34965621,-121.93624525999999,6471.15,0.0,0.0,0.0,733.78,0.0,0.023,9554558.459,1746718.418
2024-10-23 17:14:46,52.0,37.34965592,-121.93624517,6471.15,0.0,0.0,0.0,733.784,0.0,0.017,9554558.473000001,1746718.448
2024-10-23 17:14:47,52.0,37.34965568,-121.9362451,6471.15,0.0,0.0,0.0,733.79,0.0,0.007000000000000001,9554558.486,1746718.4719999998
2024-10-23 17:14:48,52.0,37.34965534,-121.93624500000001,6471.15,0.0,0.0,0.0,733.79,0.0,0.015,9554558.499,1746718.5129999998
2024-10-23 17:14:49,52.0,37.34965541,-121.93624528999999,6471.15,0.0,0.0,0.0,733.8,0.0,0.015,9554558.518,1746718.503
2024-10-23 17:14:50,52.0,37.34965536,-121.93624548,6471.15,0.0,0.0,0.0,733.8,0.0,0.01,9554558.535,1746718.511
2024-10-23 17:14:51,52.0,37.34965505,-121.9362456,6471.15,0.0,0.0,0.0,733.808,0.0,0.017,9554558.567,1746718.545
2024-10-23 17:14:52,52.0,37.349654730000005,-121.93624617,6471.15,0.0,0.0,0.0,733.8109999999999,0.0,0.024,9554558.637,1746718.582
2024-10-23 17:14:53,52.0,37.34965464,-121.93624628999999,6471.15,0.0,0.0,0.0,733.82,0.0,0.014000000000000002,9554558.652,1746718.5960000001
2024-10-23 17:14:54,52.0,37.34965444,-121.93624648,6471.15,0.0,0.0,0.0,733.82,0.0,0.003,9554558.681,1746718.616
2024-10-23 17:14:55,52.0,37.3496543,-121.93624683,6471.15,0.0,0.0,0.0,733.8230000000001,0.0,0.009,9554558.721,1746718.6299999997
2024-10-23 17:14:56,52.0,37.349654269999995,-121.93624712,6471.15,0.0,0.0,0.0,733.83,0.0,0.011,9554558.745000001,1746718.633
2024-10-23 17:14:57,52.0,37.349653690000004,-121.93624625,6471.173,0.011,0.003,0.0,733.836,0.057999999999999996,0.10700000000000001,9554558.717,1746718.697
2024-10-23 17:14:58,52.0,37.34965241,-121.93624348,6471.421,0.265,0.27799999999999997,0.0,733.87,1.181,0.072,9554558.59,1746718.8390000002
2024-10-23 17:14:59,52.0,37.34965252,-121.93624378,6471.44,0.054000000000000006,-0.22600000000000003,0.0,733.88,0.236,0.004,9554558.606999999,1746718.8280000002
2024-10-23 17:15:00,52.0,37.34965211,-121.93624388,6471.44,0.002,-0.054000000000000006,0.0,733.88,0.016,0.001,9554558.643000001,1746718.8739999998
2024-10-23 17:15:01,52.0,37.34965165,-121.93624396,6471.44,0.0,0.0,0.0,733.88,0.0,0.005,9554558.684,1746718.925
2024-10-23 17:15:02,52.0,37.34965132,-121.93624414000001,6471.44,0.0,0.0,0.0,733.884,0.0,0.0,9554558.721,1746718.9600000002
2024-10-23 17:15:03,52.0,37.349651179999995,-121.93624424,6471.44,0.0,0.0,0.0,733.89,0.0,0.006,9554558.736,1746718.982
2024-10-23 17:15:04,52.0,37.34965158,-121.93624473,6471.44,0.0,0.0,0.0,733.89,0.0,0.013000000000000001,9554558.75,1746718.9349999998
2024-10-23 17:15:05,52.0,37.34965098,-121.93624431,6471.44,0.0,0.0,0.0,733.8979999999999,0.0,0.002,9554558.76,1746719.0019999999
2024-10-23 17:15:06,52.0,37.34965064,-121.93624398,6471.44,0.0,0.0,0.0,733.9,0.0,0.006,9554558.754999999,1746719.038
2024-10-23 17:15:07,52.0,37.34964954,-121.93624296,6471.44,0.0,0.0,0.0,733.9,0.0,0.020999999999999998,9554558.756000001,1746719.162
2024-10-23 17:15:08,52.0,37.349649420000006,-121.93624270000001,6471.44,0.004,0.002,0.0,733.9129999999999,0.015000000000000003,0.083,9554558.745000001,1746719.178
2024-10-23 17:15:09,52.0,37.34964938,-121.936242,6471.44,0.063,0.06000000000000001,0.0,733.938,0.267,0.085,9554558.691,1746719.178
2024-10-23 17:15:10,52.0,37.34964956,-121.93624179000001,6471.44,0.054000000000000006,-0.0019999999999999996,0.0,733.95,0.24500000000000002,0.026000000000000002,9554558.662,1746719.1539999999
2024-10-23 17:15:11,52.0,37.34965056,-121.93624172,6471.4839999999995,0.041,-0.039,0.0,733.9620000000001,0.217,0.064,9554558.584,1746719.0440000002
2024-10-23 17:15:12,52.0,37.34965277,-121.93624136999999,6471.676,0.24100000000000002,0.23700000000000002,0.0,733.9739999999999,1.044,0.062,9554558.399,1746718.7940000002
2024-10-23 17:15:13,52.0,37.34965205,-121.936237,6471.945,0.28900000000000003,0.02899999999999999,0.0,734.01,1.49,0.168,9554558.106,1746718.8699999999
2024-10-23 17:15:14,52.0,37.34965365,-121.93623514000001,6472.305,0.302,0.033999999999999996,0.0,734.034,1.206,0.05,9554557.845,1746718.686
2024-10-23 17:15:15,52.0,37.34965493,-121.93623432,6472.35,0.08399999999999999,-0.242,0.0,734.042,0.344,0.03,9554557.687,1746718.5420000001
2024-10-23 17:15:16,52.0,37.3496555,-121.93623373,6472.35,0.005,-0.083,0.0,734.05,0.025,0.017,9554557.603,1746718.48
2024-10-23 17:15:17,52.0,37.34965595,-121.93623348000001,6472.35,0.0,0.0,0.0,734.05,0.0,0.003,9554557.551,1746718.4259999997
2024-10-23 17:15:18,52.0,37.34965649,-121.93623324,6472.35,0.0,0.0,0.0,734.057,0.0,0.002,9554557.492,1746718.364
2024-10-23 17:15:19,52.0,37.349656859999996,-121.93623314000001,6472.35,0.0,0.0,0.0,734.06,0.0,0.006,9554557.461,1746718.3240000003
2024-10-23 17:15:20,52.0,37.3496571,-121.93623290000001,6472.35,0.0,0.0,0.0,734.06,0.0,0.005,9554557.425,1746718.3
2024-10-23 17:15:21,52.0,37.3496572,-121.93623275,6472.35,0.0,0.0,0.0,734.0649999999999,0.0,0.01,9554557.405,1746718.2899999998
2024-10-23 17:15:22,52.0,37.34965733,-121.93623279,6472.35,0.0,0.0,0.0,734.07,0.0,0.004,9554557.399,1746718.27
2024-10-23 17:15:23,52.0,37.34965775,-121.93623266,6472.35,0.0,0.0,0.0,734.0710000000001,0.0,0.031,9554557.356,1746718.225
2024-10-23 17:15:24,52.0,37.34965821,-121.93623124999999,6472.876,0.098,0.08399999999999999,0.0,734.096,0.49800000000000005,0.189,9554557.214,1746718.17
2024-10-23 17:15:25,52.0,37.34965963,-121.93622653,6473.4980000000005,0.496,0.41600000000000004,0.0,734.142,2.425,0.10600000000000001,9554556.739,1746718.004
2024-10-23 17:15:26,52.0,37.34966188,-121.93622386,6473.844999999999,0.33599999999999997,-0.141,0.0,734.161,1.2109999999999999,0.077,9554556.370000001,1746717.7480000001
2024-10-23 17:15:27,52.0,37.34966059,-121.93622214,6474.066,0.158,-0.195,0.0,734.1850000000001,0.705,0.084,9554556.325,1746717.89
2024-10-23 17:15:28,52.0,37.34966167,-121.93622304,6474.3279999999995,0.16899999999999998,0.016000000000000004,0.0,734.202,0.752,0.10200000000000001,9554556.32,1746717.769
2024-10-23 17:15:29,52.0,37.34966193,-121.93621925,6474.711,0.359,0.185,0.0,734.26,1.738,0.294,9554556.002,1746717.7370000002
2024-10-23 17:15:30,52.0,37.34966171,-121.93621866000001,6474.934,0.182,-0.185,0.0,734.303,0.743,0.101,9554555.971,1746717.759
2024-10-23 17:15:31,52.0,37.34966243,-121.93621839,6475.249,0.24900000000000003,0.03,0.0,734.3370000000001,1.3190000000000002,0.305,9554555.897,1746717.679
2024-10-23 17:15:32,52.0,37.3496643,-121.93621216,6475.896,0.626,0.42000000000000004,0.0,734.451,2.968,0.34500000000000003,9554555.273,1746717.457
2024-10-23 17:15:33,52.0,37.34966541,-121.93620195999999,6476.837,0.8859999999999999,0.23500000000000001,0.0,734.5600000000001,5.587000000000001,0.8450000000000001,9554554.39,1746717.321
2024-10-23 17:15:34,52.0,37.34966727,-121.93617873000001,6478.956,2.174,1.348,0.0,734.833,17.231,1.1400000000000001,9554552.429,1746717.0780000002
2024-10-23 17:15:35,52.0,37.34967458,-121.93616417000001,6480.562,1.607,-0.542,0.0,735.011,3.716,0.231,9554550.761,1746716.2370000002
2024-10-23 17:15:36,52.0,37.3496826,-121.93615930000001,6481.606,1.033,-0.6809999999999999,0.0,735.0519999999999,4.384,0.147,9554549.804,1746715.3260000001
2024-10-23 17:15:37,52.0,37.349689330000004,-121.93615025,6482.7339999999995,1.072,0.08199999999999999,0.0,735.0870000000001,4.735,0.147,9554548.61,1746714.5579999997
2024-10-23 17:15:38,52.0,37.349694299999996,-121.93613987,6483.826,1.03,-0.039,0.0,735.1229999999999,4.309,0.14500000000000002,9554547.439,1746713.985
2024-10-23 17:15:39,52.0,37.34969741,-121.9361297,6484.812,0.9279999999999999,-0.10300000000000001,0.0,735.1569999999999,3.775,0.10900000000000001,9554546.412999999,1746713.621
2024-10-23 17:15:40,52.0,37.34970053,-121.93611996,6485.762000000001,0.898,-0.03,0.0,735.1859999999999,3.9810000000000003,0.123,9554545.422,1746713.259
2024-10-23 17:15:41,52.0,37.34970404,-121.93611077,6486.695,0.8480000000000001,-0.041,0.0,735.216,3.444,0.11399999999999999,9554544.449000001,1746712.8509999998
2024-10-23 17:15:42,52.0,37.34970651,-121.93610370000002,6487.437,0.642,-0.21400000000000002,0.0,735.241,2.4810000000000003,0.08499999999999999,9554543.715,1746712.561
2024-10-23 17:15:43,52.0,37.34970825,-121.93609936,6487.843,0.311,-0.322,0.0,735.257,1.106,0.029000000000000005,9554543.248,1746712.361
2024-10-23 17:15:44,52.0,37.3497096,-121.9360975,6487.87,0.020999999999999998,-0.316,0.0,735.261,0.096,0.037,9554543.004999999,1746712.207
2024-10-23 17:15:45,52.0,37.34970847,-121.93609446,6487.939,0.056999999999999995,0.023,0.0,735.275,0.34500000000000003,0.067,9554542.849,1746712.33
2024-10-23 17:15:46,52.0,37.34970872,-121.93608988999999,6488.353,0.333,0.32599999999999996,0.0,735.2929999999999,1.466,0.066,9554542.469,1746712.298
2024-10-23 17:15:47,52.0,37.34970724,-121.93608889,6488.549000000001,0.20600000000000002,-0.16299999999999998,0.0,735.308,0.9640000000000001,0.046,9554542.497,1746712.4600000002
2024-10-23 17:15:48,52.0,37.34970706,-121.93608881999998,6488.64,0.09,-0.099,0.0,735.3149999999999,0.351,0.017,9554542.504999999,1746712.4789999998
2024-10-23 17:15:49,52.0,37.34970733,-121.93608911999999,6488.64,0.006,-0.095,0.0,735.32,0.029000000000000005,0.034999999999999996,9554542.509,1746712.447
2024-10-23 17:15:50,52.0,37.3497074,-121.93608881999998,6488.741,0.048,0.033999999999999996,0.0,735.34,0.248,0.11299999999999999,9554542.48,1746712.443
2024-10-23 17:15:51,52.0,37.34970745,-121.93609111,6489.02,0.23500000000000001,0.21600000000000003,0.0,735.362,1.006,0.054000000000000006,9554542.657,1746712.44
2024-10-23 17:15:52,52.0,37.34970604,-121.93609215000001,6489.06,0.015,-0.23700000000000002,0.0,735.371,0.072,0.033,9554542.84,1746712.599
2024-10-23 17:15:53,52.0,37.34970573,-121.93609286,6489.06,0.0,-0.009,0.0,735.38,0.006,0.018,9554542.915000001,1746712.6369999996
2024-10-23 17:15:54,52.0,37.34970578,-121.93609296,6489.06,0.0,0.001,0.0,735.38,0.0,0.001,9554542.92,1746712.632
2024-10-23 17:15:55,52.0,37.34970573,-121.93609308,6489.06,0.0,0.0,0.0,735.385,0.0,0.019,9554542.934999999,1746712.6369999996
2024-10-23 17:15:56,52.0,37.34970591,-121.93609211,6489.06,0.0,0.0,0.0,735.393,0.0,0.043,9554542.845,1746712.614
2024-10-23 17:15:57,52.0,37.349704329999994,-121.93609222,6489.06,0.0,0.0,0.0,735.403,0.0,0.03,9554542.967,1746712.793
2024-10-23 17:15:58,52.0,37.34970453,-121.93609229,6489.06,0.0,0.0,0.0,735.41,0.0,0.008,9554542.958,1746712.77
2024-10-23 17:15:59,52.0,37.34970516,-121.93609183999999,6489.06,0.0,0.0,0.0,735.411,0.0,0.022,9554542.875999998,1746712.696
2024-10-23 17:16:00,52.0,37.34970674,-121.93608966,6489.244000000001,0.223,0.197,0.0,735.4309999999999,1.307,0.12,9554542.594,1746712.518
2024-10-23 17:16:01,52.0,37.34970694,-121.93609194999999,6489.722,0.35,0.154,0.0,735.463,1.468,0.133,9554542.759,1746712.4980000001
2024-10-23 17:16:02,52.0,37.34970164,-121.93609741,6490.57,0.696,0.346,0.0,735.501,3.747,0.178,9554543.568,1746713.1030000001
2024-10-23 17:16:03,52.0,37.349696390000005,-121.93610305,6491.380999999999,0.771,0.093,0.0,735.539,3.1109999999999998,0.1,9554544.387,1746713.701
2024-10-23 17:16:04,52.0,37.34969412,-121.93610869,6492.059,0.605,-0.188,0.0,735.56,2.503,0.093,9554544.995000001,1746713.963
2024-10-23 17:16:05,52.0,37.34969251,-121.93611487999999,6492.7339999999995,0.62,0.028999999999999998,0.0,735.588,2.657,0.123,9554545.598000001,1746714.152
2024-10-23 17:16:06,52.0,37.34969346,-121.93612063999998,6493.332,0.557,-0.076,0.0,735.618,2.423,0.11100000000000002,9554545.98,1746714.054
2024-10-23 17:16:07,52.0,37.349697430000006,-121.93612282,6493.981,0.506,-0.045,0.0,735.6519999999999,2.1510000000000002,0.164,9554545.870000001,1746713.61
2024-10-23 17:16:08,52.0,37.349697739999996,-121.93612648999999,6494.433,0.373,-0.11000000000000001,0.0,735.683,1.451,0.071,9554546.137,1746713.5810000002
2024-10-23 17:16:09,52.0,37.34969987,-121.9361269,6494.51,0.049,-0.358,0.0,735.697,0.221,0.053000000000000005,9554546.015999999,1746713.3420000002
2024-10-23 17:16:10,52.0,37.3496995,-121.93612885,6494.666,0.176,0.11299999999999999,0.0,735.7120000000001,0.925,0.07100000000000001,9554546.197,1746713.3850000002
2024-10-23 17:16:11,52.0,37.3496997,-121.93613325000001,6495.148999999999,0.43100000000000005,0.27799999999999997,0.0,735.733,2.0620000000000003,0.11400000000000002,9554546.53,1746713.3699999999
2024-10-23 17:16:12,52.0,37.349700580000004,-121.93614044,6495.819,0.667,0.23500000000000001,0.0,735.765,3.177,0.135,9554547.032,1746713.28
2024-10-23 17:16:13,52.0,37.34970206,-121.93614897,6496.643,0.8130000000000001,0.155,0.0,735.8050000000001,3.6380000000000003,0.161,9554547.599000001,1746713.1259999997
2024-10-23 17:16:14,52.0,37.34970263,-121.93615847999999,6497.525,0.8540000000000001,0.031,0.0,735.84,3.9579999999999997,0.128,9554548.306,1746713.075
2024-10-23 17:16:15,52.0,37.349702179999994,-121.93616907,6498.494000000001,0.921,0.065,0.0,735.876,4.154999999999999,0.158,9554549.173999999,1746713.14
2024-10-23 17:16:16,52.0,37.34970109,-121.93617944,6499.451999999999,0.953,0.038,0.0,735.9159999999999,4.0,0.161,9554550.069,1746713.2780000002
2024-10-23 17:16:17,52.0,37.34970075,-121.93618974,6500.393,0.905,-0.059,0.0,735.956,3.971,0.152,9554550.903,1746713.329
2024-10-23 17:16:18,52.0,37.34969952,-121.93619801,6501.209,0.761,-0.137,0.0,735.992,2.8129999999999997,0.14100000000000001,9554551.642,1746713.4780000001
2024-10-23 17:16:19,52.0,37.34969932,-121.93620370000001,6501.775,0.517,-0.25,0.0,736.031,2.072,0.185,9554552.106,1746713.509
2024-10-23 17:16:20,52.0,37.349699900000005,-121.93620466,6501.978,0.20099999999999998,-0.341,0.0,736.086,0.858,0.26,9554552.14,1746713.4440000001
2024-10-23 17:16:21,52.0,37.34969997,-121.93620214,6502.302000000001,0.361,0.173,0.0,736.162,1.677,0.353,9554551.936,1746713.4329999997
2024-10-23 17:16:22,52.0,37.34969969,-121.93619722000001,6502.849,0.538,0.189,0.0,736.262,2.628,0.499,9554551.568,1746713.4579999999
2024-10-23 17:16:23,52.0,37.34969897,-121.93619179,6503.491,0.556,0.016000000000000004,0.0,736.36,2.32,0.18,9554551.193,1746713.5320000001
2024-10-23 17:16:24,52.0,37.34970117,-121.93618457,6504.253,0.7190000000000001,0.162,0.0,736.399,3.4539999999999997,0.166,9554550.467,1746713.2740000002
2024-10-23 17:16:25,52.0,37.349705039999996,-121.93617825000001,6505.021,0.6900000000000001,-0.02,0.0,736.437,2.971,0.125,9554549.692,1746712.8309999998
2024-10-23 17:16:26,52.0,37.3497093,-121.93617319,6505.7339999999995,0.665,-0.033,0.0,736.463,2.787,0.10300000000000001,9554548.99,1746712.345
2024-10-23 17:16:27,52.0,37.34971322,-121.93616709999999,6506.4839999999995,0.6759999999999999,0.022,0.0,736.489,2.93,0.095,9554548.231,1746711.895
2024-10-23 17:16:28,52.0,37.34971694,-121.93616148999999,6507.192,0.6639999999999999,-0.023,0.0,736.517,2.98,0.13,9554547.522,1746711.4679999999
2024-10-23 17:16:29,52.0,37.34972063,-121.93615582,6507.894,0.639,-0.02,0.0,736.554,2.6719999999999997,0.173,9554546.809999999,1746711.046
2024-10-23 17:16:30,52.0,37.349723940000004,-121.93614925,6508.653,0.6950000000000001,0.047,0.0,736.595,3.254,0.154,9554546.057,1746710.6649999998
2024-10-23 17:16:31,52.0,37.34972929,-121.93614304,6509.5,0.821,0.138,0.0,736.634,3.732,0.156,9554545.184999999,1746710.053
2024-10-23 17:16:32,52.0,37.3497353,-121.93613808,6510.346,0.826,-0.0029999999999999996,0.0,736.67,3.6090000000000004,0.128,9554544.366,1746709.3730000001
2024-10-23 17:16:33,52.0,37.349741970000004,-121.93613434,6511.223,0.852,0.026000000000000002,0.0,736.7040000000001,3.777,0.132,9554543.595,1746708.618
2024-10-23 17:16:34,52.0,37.34974887,-121.93613043,6512.1,0.8870000000000001,0.040999999999999995,0.0,736.733,3.85,0.118,9554542.793,1746707.838
2024-10-23 17:16:35,52.0,37.34975559,-121.93612669,6512.969,0.867,-0.023,0.0,736.767,3.7369999999999997,0.14,9554542.019,1746707.0740000003
2024-10-23 17:16:36,52.0,37.349762250000005,-121.93612377,6513.8150000000005,0.85,-0.018,0.0,736.808,3.7689999999999997,0.18,9554541.314,1746706.323
2024-10-23 17:16:37,52.0,37.34976977,-121.93612197,6514.709,0.905,0.061,0.0,736.85,3.9560000000000004,0.168,9554540.634,1746705.4719999998
2024-10-23 17:16:38,52.0,37.349777010000004,-121.93612016,6515.567,0.86,-0.047,0.0,736.888,3.66,0.147,9554539.974,1746704.659
2024-10-23 17:16:39,52.0,37.34978333,-121.93611616000001,6516.380999999999,0.829,-0.036,0.0,736.923,3.492,0.138,9554539.206999999,1746703.941
2024-10-23 17:16:40,52.0,37.349788260000004,-121.93611023999999,6517.212,0.8029999999999999,-0.017,0.0,737.006,3.4659999999999997,0.5189999999999999,9554538.388,1746703.378
2024-10-23 17:16:41,52.0,37.34979242,-121.93610504,6517.92,0.6759999999999999,-0.129,0.0,737.117,2.739,0.294,9554537.681,1746702.9039999999
2024-10-23 17:16:42,52.0,37.34979817,-121.93610129999999,6518.697,0.75,0.061,0.0,737.164,3.6229999999999998,0.133,9554536.975,1746702.2519999999
2024-10-23 17:16:43,52.0,37.34980426,-121.93609592,6519.558999999999,0.8640000000000001,0.127,0.0,737.1949999999999,3.8160000000000003,0.133,9554536.118,1746701.561
2024-10-23 17:16:44,52.0,37.34981022,-121.93608968999999,6520.4439999999995,0.893,0.025,0.0,737.2280000000001,3.947,0.127,9554535.201000001,1746700.8809999998
2024-10-23 17:16:45,52.0,37.349816679999996,-121.93608334000001,6521.378,0.932,0.038,0.0,737.262,4.151999999999999,0.139,9554534.239,1746700.145
2024-10-23 17:16:46,52.0,37.34982307,-121.93607707000001,6522.3099999999995,0.929,-0.006,0.0,737.295,4.085,0.121,9554533.289,1746699.416
2024-10-23 17:16:47,52.0,37.349829420000006,-121.93607042,6523.255999999999,0.9390000000000001,0.006999999999999999,0.0,737.327,4.078,0.127,9554532.313,1746698.6940000001
2024-10-23 17:16:48,52.0,37.34983586,-121.93606382,6524.207,0.9359999999999999,-0.0020000000000000005,0.0,737.359,4.013,0.129,9554531.331,1746697.961
2024-10-23 17:16:49,52.0,37.3498424,-121.93605801999999,6525.129,0.9200000000000002,-0.012,0.0,737.392,3.964,0.131,9554530.406,1746697.2170000002
2024-10-23 17:16:50,52.0,37.34984917,-121.93605308000001,6526.022999999999,0.891,-0.033,0.0,737.423,3.84,0.136,9554529.534,1746696.448
2024-10-23 17:16:51,52.0,37.34985616,-121.93604854999998,6526.9169999999995,0.89,-0.0010000000000000002,0.0,737.455,3.938,0.11699999999999999,9554528.679000001,1746695.659
2024-10-23 17:16:52,52.0,37.3498629,-121.93604372,6527.808,0.8779999999999999,-0.011,0.0,737.485,3.7840000000000003,0.125,9554527.815000001,1746694.8919999998
2024-10-23 17:16:53,52.0,37.349869510000005,-121.93603891000001,6528.695000000001,0.874,-0.006999999999999999,0.0,737.519,3.78,0.132,9554526.965,1746694.144
2024-10-23 17:16:54,52.0,37.34987606,-121.93603387,6529.5779999999995,0.892,0.02,0.0,737.5509999999999,3.908,0.129,9554526.099,1746693.4
2024-10-23 17:16:55,52.0,37.34988285,-121.93602874999999,6530.477,0.915,0.023,0.0,737.5820000000001,4.066000000000001,0.13,9554525.211,1746692.6300000001
2024-10-23 17:16:56,52.0,37.34988985,-121.93602324000001,6531.4169999999995,0.953,0.044,0.0,737.618,4.172,0.15,9554524.276,1746691.832
2024-10-23 17:16:57,52.0,37.34989696,-121.93601799999999,6532.358,0.9570000000000001,0.0010000000000000002,0.0,737.654,4.204,0.14,9554523.356,1746691.0289999999
2024-10-23 17:16:58,52.0,37.34990409,-121.93601315999999,6533.285,0.938,-0.023,0.0,737.687,4.064,0.138,9554522.466,1746690.2170000002
2024-10-23 17:16:59,52.0,37.34991178,-121.93600928000001,6534.227000000001,0.953,0.016,0.0,737.722,4.192,0.137,9554521.609000001,1746689.3469999998
2024-10-23 17:17:00,52.0,37.349919920000005,-121.93600682000002,6535.186,0.9650000000000001,0.013000000000000001,0.0,737.756,4.186,0.133,9554520.834999999,1746688.4309999999
2024-10-23 17:17:01,52.0,37.34992794,-121.93600561999999,6536.114,0.961,-0.006,0.0,737.789,4.197,0.146,9554520.167,1746687.5239999997
